Session_ID,Session_Date,Start_Hour,Station_ID,City,State,Station_Ownership,Charger_Type,Connector_Type,Customer_Type,Payment_Method,Session_Duration_Hours,Energy_Consumed_kWh,Price_per_kWh,Revenue,Electricity_Cost,Maintenance_Cost,Other_Cost,Profit,Occupancy_Rate_Pct,Customer_Rating,Session_Status
SES-004610,2024-04-03,7,EV-073,Jaipur,Rajasthan,Franchise,DC Fast,CCS2,Taxi/Ride-share,Card,0.27,8.76,11.2,98.11,62.37,51.35,37.73,-53.34,26.1,3.7,Completed
SES-001281,2024-02-04,19,EV-040,Delhi,Delhi,Franchise,DC Ultra-Fast,CCS2,Private,UPI,0.57,70.52,19.46,1372.32,532.98,239.65,57.65,542.04,31.5,4.3,Completed
SES-002664,2024-12-08,4,EV-026,Pune,Maharashtra,Own,AC Level 2,CHAdeMO,Private,UPI,0.28,3.68,8.69,31.98,24.74,171.49,31.47,-195.72,30.0,4.0,Completed
SES-000200,2025-04-09,8,EV-076,Chennai,Tamil Nadu,Franchise,AC Level 2,CCS2,Taxi/Ride-share,UPI,0.83,14.76,8.59,126.79,107.68,111.43,36.17,-128.49,47.9,3.7,Completed
SES-003936,2024-08-16,13,EV-034,Hyderabad,Telangana,Franchise,DC Fast,CHAdeMO,Taxi/Ride-share,Corporate Account,0.61,19.77,15.84,313.16,115.44,175.5,6.31,15.91,22.1,3.8,Cancelled
SES-000299,2024-03-23,18,EV-065,Bengaluru,Karnataka,Franchise,AC Level 2,Type 2,Corporate,Card,2.36,28.85,8.61,248.4,227.37,46.56,43.56,-69.09,48.6,3.6,Completed
SES-003261,2025-11-02,20,EV-032,Chennai,Tamil Nadu,Partner,DC Fast,CCS2,Fleet,Wallet,0.55,28.96,14.89,431.21,192.26,31.58,49.32,158.05,43.6,4.3,Completed
SES-004631,2024-01-08,2,EV-077,Delhi,Delhi,Own,DC Fast,CCS2,Fleet,Card,1.41,44.67,14.88,664.69,298.66,90.99,72.84,202.2,26.4,5.0,Completed
SES-004271,2025-09-27,23,EV-069,Pune,Maharashtra,Own,DC Fast,CCS2,Corporate,UPI,1.19,64.19,14.68,942.31,526.95,65.32,31.38,318.66,28.4,3.0,Completed
SES-002810,2024-09-21,3,EV-042,Lucknow,Uttar Pradesh,Franchise,DC Ultra-Fast,CCS2,Taxi/Ride-share,UPI,1.48,180.0,14.85,2673.0,1274.2,137.72,75.6,1185.48,5.5,3.3,Completed
SES-001242,2025-09-27,6,EV-084,,Maharashtra,Own,DC Ultra-Fast,CHAdeMO,Private,UPI,1.38,138.59,16.73,2318.61,938.42,96.01,40.03,1244.15,45.9,4.4,Completed
SES-001171,2025-11-20,21,EV-060,Jaipur,Rajasthan,Franchise,DC Ultra-Fast,Type 2,Private,Card,0.69,57.39,17.34,995.14,469.92,323.49,9.58,192.15,29.9,3.3,Completed
SES-002611,2024-04-19,11,EV-092,Gurugram,Haryana,Own,AC Level 2,CCS2,Private,UPI,0.39,3.97,8.75,34.74,23.37,32.77,41.04,-62.44,37.3,3.5,Completed
SES-000105,2025-07-04,21,EV-097,Jaipur,Rajasthan,Franchise,DC Ultra-Fast,Type 2,Taxi/Ride-share,Corporate Account,0.5,69.7,15.96,1112.41,524.21,51.35,26.52,510.33,47.8,4.6,Failed
SES-004800,2025-11-01,19,EV-049,Chennai,Tamil Nadu,Partner,DC Fast,CCS2,Private,Corporate Account,1.57,83.59,15.48,1293.97,585.14,142.86,79.0,486.97,36.8,4.3,Completed
SES-003535,2024-12-31,23,EV-023,Chennai,Tamil Nadu,Franchise,AC Level 2,CCS2,Private,Corporate Account,0.81,10.22,11.05,112.93,52.13,194.71,12.78,-146.69,44.4,3.9,Completed
SES-004387,2025-11-22,14,EV-077,Gurugram,Haryana,Own,AC Level 2,Type 2,Private,Wallet,1.01,15.63,9.53,148.95,101.71,102.14,20.94,-75.84,30.9,4.5,Completed
SES-001721,2024-05-22,21,EV-018,Hyderabad,Telangana,Own,DC Fast,Type 2,Private,Corporate Account,1.64,83.41,15.67,1307.03,517.68,138.74,64.4,586.21,53.3,4.9,Completed
SES-003215,2024-11-11,1,EV-086,Bengaluru,Karnataka,Partner,DC Fast,CCS2,Private,Corporate Account,1.1,62.69,11.27,706.52,500.77,89.58,19.16,97.01,18.2,4.0,Completed
SES-000078,2025-09-06,19,EV-053,Lucknow,Uttar Pradesh,Franchise,DC Fast,CCS2,Private,UPI,0.15,6.65,14.35,95.43,52.16,105.32,75.84,-137.89,2.0,4.9,Completed
SES-002551,2024-02-06,3,EV-080,Ahmedabad,Gujarat,Own,AC Level 2,CCS2,Private,UPI,1.24,17.06,8.27,141.09,90.66,93.26,44.05,-86.88,29.1,3.9,Completed
SES-004588,2024-04-16,8,EV-020,Hyderabad,Telangana,Own,DC Fast,CHAdeMO,Taxi/Ride-share,UPI,2.78,86.07,13.19,1135.26,566.74,192.14,20.89,355.49,73.9,3.8,Completed
SES-000759,2024-12-26,15,EV-043,Lucknow,Uttar Pradesh,Own,DC Ultra-Fast,CCS2,Fleet,UPI,1.78,180.0,14.77,2658.6,1182.67,203.1,62.95,1209.88,40.2,5.0,Completed
SES-004806,2024-03-15,0,EV-072,Gurugram,Haryana,Partner,,Type 2,Taxi/Ride-share,Card,0.35,13.78,13.69,188.65,76.91,62.25,59.72,-10.23,23.7,3.4,Completed
SES-000210,2025-01-19,0,EV-100,Bengaluru,Karnataka,Partner,DC Fast,CCS2,Private,Wallet,0.93,42.35,12.7,537.84,261.78,110.92,68.44,96.7,41.6,4.6,Completed
SES-000833,2025-02-13,12,EV-098,Pune,Maharashtra,Own,DC Fast,Type 2,Private,Card,0.28,7.66,13.77,105.48,44.28,151.87,43.2,-133.87,34.1,3.5,Completed
SES-000015,2025-06-15,0,EV-063,Chennai,Tamil Nadu,Own,AC Level 2,CCS2,Private,Wallet,0.89,16.7,8.36,139.61,117.72,90.78,9.22,-78.11,30.9,3.8,Completed
SES-001299,2024-04-22,22,EV-046,Ahmedabad,Gujarat,Partner,AC Level 2,CCS2,Fleet,Corporate Account,1.51,31.03,10.1,313.4,227.17,57.18,32.44,-3.39,53.8,4.4,Completed
SES-001713,2025-07-08,21,EV-021,Bengaluru,Karnataka,Own,AC Level 2,CCS2,Private,UPI,1.33,23.62,8.37,197.7,167.66,199.98,23.01,-192.95,38.7,4.7,Completed
SES-004600,2025-01-28,20,EV-094,Delhi,Delhi,Partner,AC Level 2,Type 2,Fleet,Wallet,0.61,6.66,10.12,67.4,49.55,141.47,34.09,-157.71,9.0,4.3,Completed
SES-000202,2024-12-17,1,EV-070,Delhi,Delhi,Franchise,AC Level 2,Type 2,Private,Card,1.23,17.81,9.12,162.43,106.99,185.03,56.74,-186.33,46.7,4.6,Completed
SES-001684,2024-01-11,10,EV-085,Ahmedabad,Gujarat,Own,DC Fast,CCS2,Private,Card,0.49,25.35,14.89,377.46,164.62,137.02,6.71,69.11,10.0,4.9,Completed
SES-003231,2024-09-24,13,EV-090,Delhi,Delhi,Own,AC Level 2,CCS2,Private,UPI,0.23,4.63,11.64,53.89,26.85,198.35,47.44,-218.75,13.6,3.4,Completed
SES-000168,2025-01-27,11,EV-010,Hyderabad,Telangana,Own,DC Fast,Type 2,Taxi/Ride-share,UPI,1.56,54.98,13.82,759.82,376.35,111.69,29.54,242.24,22.4,4.9,Completed
SES-002285,2024-12-18,16,EV-032,Hyderabad,Telangana,Own,DC Ultra-Fast,CCS2,Private,Wallet,0.39,42.17,19.17,808.4,331.23,98.83,17.62,360.72,21.8,4.4,Completed
SES-004142,2025-03-23,2,EV-043,Lucknow,Uttar Pradesh,Franchise,DC Fast,CCS2,Taxi/Ride-share,UPI,3.28,125.05,13.04,1630.65,838.1,107.84,79.92,604.79,31.0,3.3,Completed
SES-004808,2025-06-29,6,EV-005,Chennai,Tamil Nadu,Franchise,AC Level 2,CCS2,Fleet,Corporate Account,0.74,8.79,9.86,86.67,46.06,176.25,78.92,-214.56,38.0,4.7,Completed
SES-000773,2025-04-21,5,EV-044,Delhi,Delhi,Partner,DC Ultra-Fast,CHAdeMO,Taxi/Ride-share,Wallet,3.55,180.0,15.76,2836.8,1378.89,254.08,77.48,1126.35,52.7,3.4,Completed
SES-001035,2025-08-01,18,EV-087,Lucknow,Uttar Pradesh,Franchise,DC Ultra-Fast,Type 2,Private,UPI,1.52,128.55,14.05,1806.13,1030.54,321.92,31.55,422.12,29.3,4.7,Completed
SES-004055,2025-10-03,11,EV-033,Ahmedabad,Gujarat,Own,DC Fast,Type 2,Fleet,Card,0.63,21.7,15.59,338.3,177.99,43.01,28.22,89.08,37.3,4.9,Completed
SES-002056,2024-04-27,20,EV-057,Ahmedabad,Gujarat,Own,AC Level 2,CCS2,Taxi/Ride-share,Card,0.26,3.73,10.03,37.41,26.11,211.14,42.91,-242.75,30.6,4.1,Completed
SES-001771,2025-10-25,10,EV-033,Jaipur,Rajasthan,Franchise,AC Level 2,CHAdeMO,Corporate,Card,1.18,12.92,10.66,137.73,95.25,156.21,16.52,-130.25,19.5,3.1,Completed
SES-003375,2024-12-22,8,EV-015,Mumbai,Maharashtra,Own,AC Level 2,CCS2,Taxi/Ride-share,Wallet,0.15,2.99,11.6,34.68,18.29,148.92,44.99,-177.52,13.9,4.7,Completed
SES-002904,2024-03-10,18,EV-060,Hyderabad,Telangana,Franchise,DC Fast,Type 2,Private,UPI,1.05,40.3,15.48,623.84,308.21,82.77,46.2,186.66,18.2,3.9,Completed
SES-003366,2025-02-15,7,EV-015,Delhi,Delhi,Franchise,DC Fast,CCS2,Corporate,UPI,1.77,69.16,12.53,866.57,532.68,133.64,8.78,191.47,45.3,3.6,Completed
SES-004958,2025-12-28,18,EV-006,Ahmedabad,Gujarat,Own,AC Level 2,CCS2,Corporate,Wallet,1.09,11.54,8.32,96.01,66.87,159.07,54.88,-184.81,24.1,5.0,Completed
SES-000489,2024-05-11,19,EV-048,Hyderabad,Telangana,Own,AC Level 2,CCS2,Taxi/Ride-share,UPI,1.5,29.42,10.96,322.44,156.95,60.55,12.57,92.37,52.0,4.4,Completed
SES-003084,2025-11-20,6,EV-024,Pune,Maharashtra,Partner,AC Level 2,Type 2,Fleet,Wallet,2.06,32.52,8.47,275.44,165.85,144.06,54.23,-88.7,57.9,4.0,Completed
SES-003587,2024-09-08,7,EV-060,Hyderabad,Telangana,Partner,DC Ultra-Fast,CCS2,Corporate,UPI,1.36,142.53,19.35,2757.96,1139.54,329.77,13.69,1274.96,32.2,4.5,Completed
SES-002840,2024-12-03,15,EV-044,,Maharashtra,Own,AC Level 2,CCS2,Private,Card,0.4,8.3,11.26,93.46,65.67,60.66,29.48,-62.35,16.2,4.1,Completed
SES-003822,2024-05-30,6,EV-080,Pune,Maharashtra,Own,DC Fast,CHAdeMO,Private,Card,1.27,37.39,11.26,421.01,250.05,75.89,5.97,89.1,21.4,3.5,Completed
SES-000354,2025-04-06,9,EV-079,Lucknow,Uttar Pradesh,Own,DC Fast,CCS2,Corporate,UPI,0.56,22.42,13.8,309.4,175.93,121.68,51.44,-39.65,29.8,5.0,Completed
SES-000888,2025-05-14,11,EV-004,Gurugram,Haryana,Own,AC Level 2,CCS2,Private,UPI,0.38,7.1,10.11,71.78,40.22,132.59,67.55,-168.58,14.4,3.9,Completed
SES-003240,2024-05-30,1,EV-021,Mumbai,Maharashtra,Partner,AC Level 2,CCS2,Private,UPI,1.06,12.12,9.64,116.84,63.63,180.37,38.13,-165.29,26.8,4.4,Completed
SES-003006,2025-08-21,20,EV-026,Mumbai,Maharashtra,Own,AC Level 2,CCS2,Fleet,Wallet,0.15,2.79,11.78,32.87,21.4,96.78,20.13,-105.44,12.0,3.9,Cancelled
SES-004253,2024-02-21,21,EV-053,Hyderabad,Telangana,Own,DC Fast,CCS2,Private,UPI,0.15,7.05,12.03,84.81,46.86,218.28,31.85,-212.18,9.8,3.4,Completed
SES-003784,2024-11-15,16,EV-079,Delhi,Delhi,Franchise,AC Level 2,CCS2,Private,Card,0.26,4.28,10.24,43.83,30.23,57.02,38.51,-81.93,26.9,4.3,Completed
SES-002674,2024-10-21,9,EV-016,Mumbai,Maharashtra,Partner,DC Fast,CCS2,Corporate,Wallet,1.75,74.94,12.93,968.97,549.53,38.9,46.26,334.28,45.2,3.9,Completed
SES-002590,2024-05-30,16,EV-086,Delhi,Delhi,Franchise,DC Fast,CCS2,Private,UPI,1.12,39.75,14.69,583.93,263.28,64.6,15.23,240.82,52.0,3.9,Cancelled
SES-002058,2024-07-26,16,EV-095,Lucknow,Uttar Pradesh,Franchise,DC Fast,CCS2,Corporate,UPI,1.12,51.79,12.64,654.63,412.75,164.21,30.9,46.77,45.2,4.5,Completed
SES-002267,2024-06-12,3,EV-094,Delhi,Delhi,Own,AC Level 2,Type 2,Corporate,UPI,0.27,3.42,11.61,39.71,17.41,215.2,11.2,-204.1,14.3,3.5,Completed
SES-003487,2024-03-21,17,EV-093,Chennai,Tamil Nadu,Own,DC Fast,CCS2,Private,UPI,1.63,53.0,11.42,605.26,318.39,151.16,58.46,77.25,47.2,4.4,Completed
SES-002597,2024-12-09,15,EV-048,Delhi,Delhi,Partner,DC Fast,CCS2,Private,UPI,1.0,43.91,11.56,507.6,238.55,107.3,11.24,150.51,52.0,3.9,Completed
SES-003748,2025-08-05,0,EV-096,Lucknow,Uttar Pradesh,Own,DC Fast,CCS2,Private,Card,0.89,46.0,11.06,508.76,387.03,87.71,26.3,7.72,35.3,4.8,Completed
SES-001217,2025-04-25,23,EV-056,Delhi,Delhi,Partner,DC Fast,CCS2,Corporate,Corporate Account,0.41,13.57,11.43,155.11,100.12,91.0,61.21,-97.22,15.1,4.5,Completed
SES-003283,2024-08-07,20,EV-080,Mumbai,Maharashtra,Partner,AC Level 2,CCS2,Private,Card,0.68,11.0,9.07,99.77,72.92,98.83,35.44,-107.42,33.4,3.8,Completed
SES-003230,2025-08-18,0,EV-099,Jaipur,Rajasthan,Own,DC Fast,CHAdeMO,Taxi/Ride-share,Wallet,2.3,71.83,12.2,876.33,596.07,165.71,16.16,98.39,40.8,4.7,Completed
SES-003239,2024-11-03,23,EV-025,Jaipur,Rajasthan,Own,AC Level 2,CCS2,Taxi/Ride-share,Wallet,1.2,14.37,10.38,149.16,111.41,93.23,77.09,-132.57,70.9,4.4,Completed
SES-000522,2025-10-23,11,EV-042,Pune,Maharashtra,Own,DC Fast,CCS2,Corporate,Wallet,0.83,38.47,15.87,610.52,234.1,172.03,28.81,175.58,47.3,3.8,Completed
SES-004780,2024-07-05,21,EV-020,Pune,Maharashtra,Partner,DC Fast,CCS2,Fleet,UPI,0.15,6.77,14.99,101.48,50.9,36.17,17.92,-3.51,26.0,4.4,Completed
SES-003428,2024-11-14,18,EV-035,Ahmedabad,Gujarat,Own,DC Ultra-Fast,CCS2,Fleet,Corporate Account,1.57,180.0,18.54,3337.2,1133.45,298.44,21.86,1883.45,25.0,4.6,Completed
SES-004353,2025-03-23,4,EV-028,Lucknow,Uttar Pradesh,Own,AC Level 2,CCS2,Private,Card,0.18,2.5,11.12,27.8,20.01,161.03,36.46,-189.7,18.2,3.7,Completed
SES-004542,2025-08-02,9,EV-014,Hyderabad,Telangana,Franchise,DC Fast,CCS2,Corporate,UPI,2.55,106.11,13.42,1424.0,808.74,216.23,66.87,332.16,53.0,3.7,Failed
SES-001834,2024-04-17,12,EV-015,Hyderabad,Telangana,Own,AC Level 2,CHAdeMO,Private,Card,0.79,12.15,8.29,100.72,91.73,56.11,46.82,-93.94,34.2,4.3,Completed
SES-001309,2025-06-11,11,EV-050,Lucknow,Uttar Pradesh,Own,AC Level 2,Type 2,Fleet,Corporate Account,0.71,10.04,8.22,82.53,71.87,190.96,36.14,-216.44,43.5,4.7,Completed
SES-003929,2024-07-31,5,EV-023,Chennai,Tamil Nadu,Franchise,AC Level 2,CCS2,Private,Card,0.86,11.64,11.37,132.35,94.28,104.04,48.38,-114.35,19.9,3.6,Completed
SES-002805,2025-03-04,22,EV-029,Lucknow,Uttar Pradesh,Franchise,DC Fast,CCS2,Private,Wallet,0.71,37.2,14.16,526.75,283.54,139.79,53.44,49.98,46.2,4.6,Completed
SES-001241,2024-11-23,7,EV-075,Chennai,Tamil Nadu,Franchise,DC Ultra-Fast,CCS2,Taxi/Ride-share,Wallet,1.48,111.56,14.44,1610.93,697.51,217.82,69.04,626.56,50.7,4.4,Completed
SES-002715,2024-12-29,15,EV-032,Chennai,Tamil Nadu,Partner,DC Fast,CCS2,Corporate,Card,1.1,38.17,15.43,588.96,323.36,184.31,27.52,53.77,39.6,4.8,Completed
SES-002310,2024-11-16,17,EV-009,Lucknow,Uttar Pradesh,Own,DC Fast,CHAdeMO,Private,Corporate Account,1.34,50.96,12.0,611.52,319.37,187.15,79.91,25.09,31.6,3.9,Completed
SES-000130,2024-08-08,17,EV-049,Ahmedabad,Gujarat,Franchise,DC Fast,CCS2,Fleet,UPI,0.4,19.65,12.04,236.59,124.08,172.24,79.01,-138.74,43.9,3.3,Completed
SES-000101,2024-10-10,13,EV-050,Mumbai,Maharashtra,Own,AC Level 2,CCS2,Private,Wallet,0.47,9.6,11.44,109.82,79.23,102.07,21.89,-93.37,27.0,4.8,Completed
SES-000984,2025-02-07,16,EV-006,Bengaluru,Karnataka,Partner,AC Level 2,CCS2,Corporate,Wallet,1.48,23.1,10.06,232.39,173.48,179.34,64.92,-185.35,48.9,4.2,Completed
SES-002374,2025-04-01,21,EV-005,Ahmedabad,Gujarat,Franchise,DC Fast,Type 2,Private,Corporate Account,0.8,27.32,11.9,325.11,167.07,63.88,74.45,19.71,30.1,4.3,Completed
SES-004949,2025-07-28,3,EV-021,Bengaluru,Karnataka,Franchise,ac level 2,Type 2,Private,UPI,0.63,6.84,9.15,62.59,42.07,164.36,38.18,-182.02,19.8,3.5,Completed
SES-000412,2025-12-10,13,EV-054,Lucknow,Uttar Pradesh,Partner,AC Level 2,CHAdeMO,Corporate,UPI,0.59,9.8,8.82,86.44,55.35,148.78,41.73,-159.42,26.1,5.0,Completed
SES-003640,2024-11-07,0,EV-052,Mumbai,Maharashtra,Own,AC Level 2,Type 2,Private,UPI,1.3,16.06,9.25,148.55,102.54,84.63,15.63,-54.25,48.8,4.3,Completed
SES-000800,2025-05-10,14,EV-028,Lucknow,Uttar Pradesh,Franchise,AC Level 2,CHAdeMO,Private,Corporate Account,1.64,18.14,8.58,155.64,110.27,186.77,17.43,-158.83,52.6,3.6,Completed
SES-001013,2024-11-18,3,EV-051,Chennai,Tamil Nadu,Partner,AC Level 2,CCS2,Private,Card,1.16,19.91,11.77,234.34,120.53,194.1,54.57,-134.86,36.2,3.1,Completed
SES-003798,2025-08-27,0,EV-098,Bengaluru,Karnataka,Own,AC Level 2,CCS2,Private,Card,2.02,30.34,11.01,334.04,196.93,138.98,51.38,-53.25,37.1,3.3,Completed
SES-001905,2024-12-22,23,EV-012,Ahmedabad,Gujarat,Franchise,DC Ultra-Fast,CHAdeMO,Taxi/Ride-share,Card,0.17,18.68,17.13,319.99,128.18,46.24,10.86,134.71,14.8,3.4,Completed
SES-002362,2025-11-29,5,EV-057,Hyderabad,Telangana,Own,DC Fast,CCS2,Private,Corporate Account,0.68,22.97,13.54,311.01,123.95,137.68,78.07,-28.69,25.2,3.2,Completed
SES-002516,2025-04-13,9,EV-074,Jaipur,Rajasthan,Franchise,AC Level 2,Type 2,Corporate,Card,1.39,21.07,11.59,244.2,131.05,197.7,39.77,-124.32,48.8,4.2,Completed
SES-004340,2025-03-25,0,EV-041,Hyderabad,Telangana,Own,AC Level 2,CCS2,Private,Wallet,1.55,30.89,9.79,302.41,220.73,187.02,6.02,-111.36,51.4,4.4,Completed
SES-000436,2024-10-26,20,EV-087,Delhi,Delhi,Franchise,DC Fast,CCS2,Fleet,UPI,0.8,35.75,14.27,510.15,284.74,66.55,48.03,110.83,42.7,3.4,Completed
SES-001081,2024-12-19,16,EV-096,Bengaluru,Karnataka,Partner,DC Ultra-Fast,Type 2,Taxi/Ride-share,UPI,0.18,15.05,14.58,219.43,110.25,317.79,65.4,-274.01,23.1,5.0,Completed
SES-000645,2025-03-10,16,EV-078,Delhi,Delhi,Own,AC Level 2,CCS2,Taxi/Ride-share,UPI,2.45,34.13,11.36,387.72,253.63,97.55,69.6,-33.06,44.2,4.0,Completed
SES-001245,2025-12-29,5,EV-042,Gurugram,Haryana,Own,DC Fast,CCS2,Private,Corporate Account,0.78,24.04,13.46,323.58,163.53,56.24,76.33,27.48,24.1,2.9,Completed
SES-001729,2024-08-11,5,EV-027,Lucknow,Uttar Pradesh,Franchise,AC Level 2,CHAdeMO,Fleet,UPI,0.4,6.11,8.11,49.55,42.92,68.78,51.28,-113.43,42.3,4.4,Completed
SES-004918,2025-03-09,3,EV-044,Chennai,Tamil Nadu,Franchise,DC Fast,CCS2,Private,UPI,1.15,48.24,11.22,541.25,266.02,190.49,70.98,13.76,5.5,4.6,Completed
SES-003420,2024-10-02,5,EV-023,Gurugram,Haryana,Partner,DC Fast,CHAdeMO,Taxi/Ride-share,Card,1.55,43.24,13.91,601.47,289.53,111.03,77.86,123.05,34.0,4.9,Completed
SES-001725,2024-02-28,4,EV-096,Ahmedabad,Gujarat,Partner,DC Fast,CCS2,Taxi/Ride-share,Corporate Account,1.68,56.43,15.99,902.32,380.08,120.83,74.86,326.55,32.1,4.2,Completed
SES-000403,2024-08-06,0,EV-092,Ahmedabad,Gujarat,Own,DC Ultra-Fast,CCS2,Private,Corporate Account,0.94,66.07,17.08,1128.48,379.01,240.48,59.35,449.64,45.6,3.6,Completed
SES-001371,2024-08-02,6,EV-001,Lucknow,Uttar Pradesh,Own,AC Level 2,Type 2,Private,Card,1.27,14.79,8.01,118.47,89.27,35.06,14.14,-20.0,49.9,3.4,Completed
SES-000331,2024-03-21,1,EV-086,Chennai,Tamil Nadu,Partner,AC Level 2,Type 2,Fleet,UPI,0.15,2.85,9.71,27.67,19.07,68.32,20.42,-80.14,9.7,4.4,Completed
SES-003802,2025-04-24,2,EV-082,Ahmedabad,Gujarat,Own,DC Ultra-Fast,CCS2,Private,Card,2.55,180.0,15.4,2772.0,1107.42,74.61,34.71,1555.26,39.2,5.0,Completed
SES-004860,2025-07-18,4,EV-013,Jaipur,Rajasthan,Own,AC Level 2,Type 2,Fleet,UPI,0.56,6.85,10.78,73.84,46.76,164.73,69.91,-207.56,19.9,4.1,Completed
SES-000799,2025-04-24,9,EV-017,Ahmedabad,Gujarat,Franchise,AC Level 2,CCS2,Taxi/Ride-share,UPI,0.83,14.69,9.74,143.08,101.3,93.18,11.71,-63.11,19.9,4.4,Completed
SES-004697,2025-05-17,12,EV-022,Bengaluru,Karnataka,Own,DC Fast,CCS2,Taxi/Ride-share,Card,1.65,52.26,11.44,597.85,273.76,71.67,58.37,194.05,38.2,4.1,Completed
SES-002647,2024-01-02,3,EV-037,Hyderabad,Telangana,Own,DC Fast,Type 2,Private,UPI,1.31,44.54,15.49,689.92,302.25,42.42,60.16,285.09,18.7,3.8,Cancelled
SES-001194,2025-06-02,21,EV-098,Gurugram,Haryana,Own,DC Ultra-Fast,CCS2,Taxi/Ride-share,UPI,0.2,27.53,19.07,525.0,197.25,202.79,18.44,106.52,18.6,5.0,Completed
SES-000745,2025-03-07,16,EV-045,Bengaluru,Karnataka,Own,DC Fast,Type 2,Corporate,UPI,1.85,97.32,12.25,1192.17,541.12,45.24,29.59,576.22,42.7,3.5,Completed
SES-001654,2025-01-30,16,EV-082,Lucknow,Uttar Pradesh,Own,DC Fast,CCS2,Private,UPI,1.76,65.16,13.61,886.83,526.45,99.25,15.36,245.77,30.6,3.9,Failed
SES-002814,2024-05-11,19,EV-004,Chennai,Tamil Nadu,Franchise,DC Fast,Type 2,Private,Wallet,1.84,75.3,13.33,1003.75,581.62,77.27,67.1,277.76,47.1,3.8,Completed
SES-000591,2025-10-17,7,EV-071,Pune,Maharashtra,Partner,DC Ultra-Fast,CCS2,Taxi/Ride-share,Card,1.73,180.0,18.92,3405.6,927.67,112.11,15.71,2350.11,42.1,2.9,Cancelled
SES-002889,2024-03-06,11,EV-089,Chennai,Tamil Nadu,Own,DC Fast,CCS2,Private,Card,2.48,90.9,15.86,1441.67,582.82,127.67,20.29,710.89,45.7,3.1,Completed
SES-001829,2024-08-14,19,EV-052,Jaipur,Rajasthan,Own,DC Fast,CCS2,Private,Corporate Account,0.54,15.02,12.13,182.19,117.95,215.46,26.32,-177.54,22.5,4.7,Completed
SES-004418,2024-01-25,23,EV-095,Ahmedabad,Gujarat,Own,AC Level 2,Type 2,Private,Card,0.59,7.73,11.01,85.11,42.41,198.16,78.29,-233.75,12.8,4.1,Completed
SES-000737,2024-02-08,5,EV-077,Chennai,Tamil Nadu,Own,DC Fast,CCS2,Corporate,UPI,0.99,28.15,13.13,369.61,147.83,39.82,74.24,107.72,32.6,4.0,Completed
SES-000649,2024-05-05,23,EV-043,Chennai,Tamil Nadu,Own,DC Fast,CCS2,Fleet,UPI,0.23,7.92,12.07,95.59,61.42,38.67,64.65,-69.15,18.7,3.7,Completed
SES-004239,2024-07-02,16,EV-056,Mumbai,Maharashtra,Own,DC Fast,CHAdeMO,Taxi/Ride-share,Wallet,0.39,19.17,13.34,255.73,151.57,124.15,14.76,-34.75,35.6,3.7,Completed
SES-004506,2025-01-02,17,EV-100,Ahmedabad,Gujarat,Partner,AC Level 2,Type 2,Taxi/Ride-share,Card,1.14,21.56,11.81,254.62,180.64,50.74,53.87,-30.63,29.6,3.6,Completed
SES-000834,2025-10-04,9,EV-093,Chennai,Tamil Nadu,Partner,AC Level 2,CHAdeMO,Private,UPI,0.21,2.61,8.13,21.22,18.78,167.31,34.9,-199.77,19.5,3.4,Completed
SES-003625,2025-11-02,21,EV-049,Bengaluru,Karnataka,Partner,DC Fast,CCS2,Taxi/Ride-share,Card,0.74,38.46,15.09,580.36,290.4,116.78,16.32,156.86,20.1,4.0,Completed
SES-001940,2025-04-09,0,EV-096,Chennai,Tamil Nadu,Own,AC Level 2,Type 2,Fleet,UPI,1.12,13.36,8.95,119.57,105.22,123.47,46.92,-156.04,18.9,3.6,Completed
SES-004813,2024-02-29,16,EV-094,Chennai,Tamil Nadu,Franchise,DC Fast,CCS2,Fleet,Wallet,1.08,52.11,13.62,709.74,358.84,41.22,19.45,290.23,35.3,3.9,Completed
SES-000034,2024-03-28,4,EV-100,Bengaluru,Karnataka,Own,DC Fast,Type 2,Corporate,,0.52,24.68,14.62,360.82,204.2,145.31,17.34,-6.03,25.4,4.2,Completed
SES-001896,2024-05-28,0,EV-015,Pune,Maharashtra,Franchise,DC Ultra-Fast,CCS2,Private,UPI,0.54,44.95,15.79,709.76,233.96,137.52,64.16,274.12,23.8,3.2,Completed
SES-003181,2025-02-09,12,EV-057,Chennai,Tamil Nadu,Own,AC Level 2,Type 2,Private,UPI,1.59,27.22,9.04,246.07,224.6,54.14,31.99,-64.66,64.3,4.0,Completed
SES-003735,2024-06-07,19,EV-077,Jaipur,Rajasthan,Partner,AC Level 2,CCS2,Taxi/Ride-share,UPI,0.19,2.54,10.65,27.05,16.05,88.56,70.23,-147.79,34.0,4.3,Completed
SES-001322,2025-01-20,19,EV-006,Jaipur,Rajasthan,Franchise,AC Level 2,CCS2,Private,UPI,2.5,35.61,9.79,348.62,202.43,79.68,19.25,47.26,36.2,4.2,Completed
SES-001606,2024-03-16,17,EV-007,Chennai,Tamil Nadu,Own,AC Level 2,Type 2,Taxi/Ride-share,Card,0.35,7.01,10.12,70.94,50.64,36.44,30.41,-46.55,18.7,3.7,Completed
SES-002749,2024-10-08,18,EV-021,Mumbai,Maharashtra,Own,DC Fast,CCS2,Private,Wallet,0.73,23.87,13.5,322.24,129.72,108.78,35.24,48.5,12.5,3.5,Completed
SES-002546,2024-07-06,11,EV-003,Lucknow,Uttar Pradesh,Own, DC Fast ,CCS2,Private,UPI,0.65,29.13,12.15,353.93,154.2,74.62,10.68,114.43,39.4,3.2,Completed
SES-002793,2025-04-26,16,EV-081,Jaipur,Rajasthan,Own,DC Fast,Type 2,Private,UPI,1.81,86.91,11.98,1041.18,575.31,155.24,20.37,290.26,33.8,4.2,Completed
SES-004042,2024-04-16,2,EV-003,Pune,Maharashtra,Own,AC Level 2,CHAdeMO,Private,Wallet,0.3,6.02,10.15,61.1,45.69,76.92,9.12,-70.63,43.1,4.5,Completed
SES-001942,2024-08-09,3,EV-017,Chennai,Tamil Nadu,Own,DC Fast,CHAdeMO,Taxi/Ride-share,UPI,1.72,56.1,14.67,822.99,291.94,141.42,21.76,367.87,64.5,4.5,Completed
SES-002758,2025-11-12,17,EV-017,Jaipur,Rajasthan,Own,DC Ultra-Fast,Type 2,Corporate,Card,1.19,168.5,17.19,2896.52,1146.27,173.71,58.39,1518.15,30.7,4.5,Completed
SES-000433,2024-12-22,11,EV-064,Gurugram,Haryana,Own,DC Fast,CCS2,Private,Card,0.42,15.42,14.34,221.12,120.22,112.22,77.64,-88.96,24.3,4.0,Completed
SES-000669,2024-02-27,7,EV-032,Gurugram,Haryana,Own,AC Level 2,Type 2,corporate,UPI,1.27,20.91,9.7,202.83,162.25,182.47,76.68,-218.57,46.8,4.8,Completed
SES-002847,2024-09-05,20,EV-032,Pune,Maharashtra,Franchise,DC Fast,CCS2,Taxi/Ride-share,Wallet,1.0,38.23,15.15,579.18,238.23,130.19,33.82,176.94,26.9,3.7,Completed
SES-002172,2024-02-21,9,EV-082,Lucknow,Uttar Pradesh,Franchise,DC Fast,CCS2,Private,Wallet,0.34,13.37,14.78,197.61,78.33,104.67,73.57,-58.96,23.4,4.6,Completed
SES-004291,2024-12-08,11,EV-024,Chennai,Tamil Nadu,Own,DC Ultra-Fast,Type 2,Private,Corporate Account,0.19,20.48,14.59,298.8,105.87,265.28,47.12,-119.47,7.3,4.6,Completed
SES-001057,2025-04-30,9,EV-061,Hyderabad,Telangana,Own,AC Level 2,CHAdeMO,Taxi/Ride-share,Card,0.45,4.99,8.85,44.16,29.84,150.74,13.51,-149.93,26.0,3.6,Completed
SES-002247,2024-12-24,0,EV-020,Lucknow,Uttar Pradesh,Franchise,AC Level 2,CCS2,Fleet,UPI,0.45,7.89,11.79,93.02,62.9,62.53,36.06,-68.47,2.0,4.7,Completed
SES-000733,2024-02-12,15,EV-099,Bengaluru,Karnataka,Partner,AC Level 2,Type 2,Corporate,Card,0.89,14.26,10.84,154.58,96.69,117.38,10.58,-70.07,37.6,4.1,Completed
SES-004699,2025-06-21,2,EV-033,Pune,Maharashtra,Own,DC Fast,Type 2,Taxi/Ride-share,Wallet,1.22,34.66,13.97,484.2,294.02,118.58,43.21,28.39,19.1,3.7,Completed
SES-001904,2024-03-19,10,EV-010,,Gujarat,Partner,AC Level 2,CCS2,Private,UPI,0.86,15.11,8.38,126.62,93.09,115.68,16.27,-98.42,21.4,3.8,Completed
SES-000966,2024-03-03,20,EV-016,Hyderabad,Telangana,Own,DC Ultra-Fast,CCS2,Private,UPI,1.63,123.32,18.07,2228.39,863.69,41.51,16.92,1306.27,28.6,4.5,Completed
SES-004318,2025-06-27,23,EV-022,Bengaluru,Karnataka,Franchise,DC Ultra-Fast,Type 2,Taxi/Ride-share,UPI,1.08,78.3,17.26,1351.46,450.21,90.65,33.77,776.83,28.0,3.7,Completed
SES-002284,2024-02-08,3,EV-050,Gurugram,Haryana,Franchise,AC Level 2,CHAdeMO,Corporate,UPI,1.29,21.06,9.68,203.86,152.57,170.63,79.09,-198.43,28.0,1.9,Completed
SES-004917,2024-03-14,18,EV-040,Bengaluru,Karnataka,Partner,DC Fast,Type 2,Corporate,Wallet,0.33,13.85,13.74,190.3,70.27,87.96,60.17,-28.1,23.5,4.3,Completed
SES-001627,2025-04-05,2,EV-011,Gurugram,Haryana,Own,DC Fast,Type 2,Fleet,Corporate Account,1.02,54.83,12.61,691.41,387.51,41.43,31.65,230.82,30.9,4.2,Completed
SES-004203,2024-01-27,4,EV-077,Gurugram,Haryana,Own,DC Ultra-Fast,Type 2,Fleet,Card,0.15,15.02,19.23,288.83,89.64,66.38,30.19,102.62,13.2,4.5,Completed
SES-001993,2024-06-07,1,EV-085,Lucknow,Uttar Pradesh,Franchise,DC Fast,CCS2,Taxi/Ride-share,UPI,1.15,50.68,14.48,733.85,358.68,145.69,68.61,160.87,50.2,4.7,Completed
SES-002668,2024-07-15,20,EV-074,Lucknow,Uttar Pradesh,Own,AC Level 2,CHAdeMO,Private,UPI,1.56,25.72,10.53,270.83,200.33,52.44,57.79,-39.73,33.6,4.0,Failed
SES-003668,2025-11-24,22,EV-049,Hyderabad,Telangana,Franchise,DC Fast,CCS2,Corporate,Card,0.83,41.14,13.7,563.62,319.67,59.16,75.32,109.47,34.0,3.8,Completed
SES-000251,2025-03-23,14,EV-078,Jaipur,Rajasthan,Own,DC Fast,CCS2,Private,Card,1.19,57.73,13.76,794.36,298.59,214.9,63.8,217.07,59.5,5.0,Completed
SES-001286,2024-08-22,2,EV-100,Delhi,Delhi,Own,DC Fast,CCS2,Taxi/Ride-share,UPI,0.55,29.56,13.67,404.09,227.96,197.73,54.01,-75.61,42.0,2.9,Completed
SES-000132,2024-03-01,9,EV-002,Ahmedabad,Gujarat,Own,AC Level 2,Type 2,Private,UPI,2.92,38.41,10.75,412.91,286.82,34.89,35.74,55.46,50.8,4.3,Completed
SES-002379,2024-11-18,14,EV-010,Gurugram,Haryana,Own,AC Level 2,CHAdeMO,Taxi/Ride-share,Wallet,0.36,7.14,10.86,77.54,45.08,182.88,37.21,-187.63,37.9,3.9,Cancelled
SES-001922,2024-05-15,19,EV-035,Mumbai,Maharashtra,Own,DC Fast,CCS2,Private,Corporate Account,1.79,89.75,14.61,1311.25,448.8,210.03,30.14,622.28,37.3,3.9,Completed
SES-003425,2025-02-24,20,EV-078,Mumbai,Maharashtra,Partner,AC Level 2,CHAdeMO,Private,UPI,2.78,55.4,8.32,460.93,373.11,110.45,47.13,-69.76,57.6,3.0,Completed
SES-002193,2024-10-05,9,EV-020,Hyderabad,Telangana,Own,DC Fast,Type 2,Private,UPI,0.68,31.0,13.14,407.34,249.26,53.34,62.7,42.04,24.6,2.9,Completed
SES-000287,2024-08-02,23,EV-039,Mumbai,Maharashtra,Own,DC Fast,Type 2,Fleet,UPI,1.18,62.43,15.68,978.9,495.14,83.43,70.76,329.57,43.9,3.7,Completed
SES-004217,2024-12-29,0,EV-081,Delhi,Delhi,Own,DC Fast,CCS2,Private,UPI,0.72,30.1,14.71,442.77,171.66,107.38,41.08,122.65,18.3,3.9,Completed
SES-001968,2025-05-03,9,EV-048,Hyderabad,Telangana,Franchise,DC Fast,CCS2,Fleet,UPI,0.65,21.6,12.1,261.36,149.47,105.42,66.96,-60.49,19.7,4.9,Completed
SES-004144,2025-06-17,13,EV-070,Pune,Maharashtra,Franchise,AC Level 2,CCS2,Private,Wallet,0.16,2.71,9.72,26.34,13.86,78.7,59.01,-125.23,31.7,3.8,Completed
SES-003354,2025-12-26,8,EV-053,Ahmedabad,Gujarat,Own,DC Fast,CCS2,Fleet,Corporate Account,1.82,77.78,11.69,909.25,397.69,56.01,9.92,445.63,27.9,3.0,Completed
SES-001814,2025-12-25,6,EV-026,Ahmedabad,Gujarat,Own,DC Fast,CCS2,Corporate,Card,0.8,34.72,11.25,390.6,192.02,132.36,49.35,16.87,36.0,4.9,Completed
SES-002632,2025-05-08,1,EV-052,Pune,Maharashtra,Partner,AC Level 2,CCS2,Private,UPI,0.2,3.6,10.63,38.27,20.42,70.16,36.5,-88.81,9.3,4.7,Completed
SES-004606,2025-04-08,22,EV-084,Lucknow,Uttar Pradesh,Partner,AC Level 2,CCS2,Fleet,Wallet,0.49,5.3,8.39,44.47,33.69,162.76,48.39,-200.37,20.0,4.5,Completed
SES-004393,2025-11-05,22,EV-095,Jaipur,Rajasthan,Franchise,DC Fast,Type 2,Private,UPI,0.69,28.83,15.21,438.5,204.98,24.46,73.97,135.09,36.6,4.4,Completed
SES-004511,2024-12-09,3,EV-066,Delhi,Delhi,Own,DC Fast,CCS2,Fleet,Wallet,0.25,9.43,13.89,130.98,48.06,194.26,34.76,-146.1,12.4,4.2,Completed
SES-004840,2025-06-17,20,EV-099,Bengaluru,Karnataka,Partner,DC Ultra-Fast,CCS2,Fleet,Card,1.75,149.7,15.62,2338.31,839.08,223.51,13.75,1261.97,29.0,4.9,Completed
SES-004775,2025-08-03,17,EV-033,Chennai,Tamil Nadu,Own,AC Level 2,Type 2,Corporate,UPI,2.19,31.13,11.98,372.94,224.9,185.3,50.79,-88.05,40.4,4.0,Completed
SES-003427,2025-10-11,12,EV-009,Chennai,Tamil Nadu,Own,AC Level 2,Type 2,Private,UPI,0.48,8.28,10.05,83.21,45.53,88.85,26.52,-77.69,14.6,4.4,Completed
SES-004460,2024-10-02,15,EV-069,Ahmedabad,Gujarat,Franchise,DC Fast,Type 2,Fleet,UPI,2.5,124.67,11.23,1400.04,1034.36,28.96,65.86,270.86,44.6,4.6,Completed
SES-002803,2025-02-23,14,EV-062,Gurugram,Haryana,Own,AC Level 2,Type 2,Corporate,UPI,0.73,8.03,11.52,92.51,64.23,34.31,58.58,-64.61,13.3,3.9,Completed
SES-004829,2024-11-05,16,EV-014,Hyderabad,Telangana,Franchise,DC Fast,CCS2,Taxi/Ride-share,Card,2.07,107.5,12.55,1349.12,855.71,135.41,73.95,284.05,68.5,3.3,Cancelled
SES-002943,2025-09-06,13,EV-062,Ahmedabad,Gujarat,Own,DC Fast,Type 2,Private,UPI,0.62,17.05,15.57,265.47,134.41,74.78,75.13,-18.85,31.8,3.6,Completed
SES-001273,2025-05-28,7,EV-051,Mumbai,Maharashtra,Own,DC Ultra-Fast,Type 2,Fleet,Wallet,0.67,52.08,17.91,932.75,270.48,78.26,69.59,514.42,22.4,3.8,Completed
SES-000941,2024-08-13,17,EV-064,Mumbai,Maharashtra,Own,AC Level 2,CHAdeMO,Private,Card,0.31,3.99,11.16,44.53,21.97,145.42,36.15,-159.01,26.3,3.8,Completed
SES-004356,2025-02-02,16,EV-080,Gurugram,Haryana,Partner,AC Level 2,Type 2,Taxi/Ride-share,UPI,0.3,5.68,9.22,52.37,47.36,96.34,77.29,-168.62,27.2,4.2,Completed
SES-003008,2024-04-16,1,EV-012,Bengaluru,Karnataka,Own,DC Fast,CCS2,Private,Card,1.84,87.71,11.04,968.32,602.13,207.69,18.48,140.02,63.8,4.2,Completed
SES-000152,2024-07-12,11,EV-057,Ahmedabad,Gujarat,Partner,DC Fast,CCS2,Corporate,UPI,0.3,8.11,13.72,111.27,54.61,175.99,18.23,-137.56,34.1,3.6,Completed
SES-003384,2024-06-26,23,EV-028,Pune,Maharashtra,Own,AC Level 2,CHAdeMO,Private,Card,0.68,9.48,9.07,85.98,78.26,67.59,59.69,-119.56,34.7,3.9,Cancelled
SES-004310,2025-12-23,4,EV-042,Hyderabad,Telangana,Own,DC Fast,CCS2,Taxi/Ride-share,UPI,0.55,29.39,12.07,354.74,167.21,31.29,25.05,131.19,27.2,3.5,Completed
SES-001306,2025-05-11,7,EV-019,Ahmedabad,Gujarat,Partner,AC Level 2,Type 2,Private,Wallet,2.47,44.93,11.31,508.16,257.05,170.04,41.04,40.03,71.8,4.0,Completed
SES-001948,2025-08-01,15,EV-039,Chennai,Tamil Nadu,Own,AC Level 2,CCS2,Taxi/Ride-share,Wallet,0.27,4.23,8.58,36.29,25.56,204.18,77.35,-270.8,11.8,4.8,Completed
SES-000312,2025-03-20,7,EV-003,Mumbai,Maharashtra,Franchise,DC Ultra-Fast,CCS2,Private,Card,0.87,76.19,16.34,1244.94,486.58,252.58,62.49,443.29,15.3,4.4,Completed
SES-000879,2024-02-14,7,EV-052,Hyderabad,Telangana,Franchise,DC Ultra-Fast,CCS2,Private,UPI,1.81,137.33,14.84,2037.98,787.85,156.83,19.01,1074.29,26.9,4.0,Completed
SES-001743,2025-03-25,7,EV-031,Pune,Maharashtra,Franchise,DC Ultra-Fast,CCS2,Private,UPI,1.97,180.0,15.7,2826.0,1346.96,265.07,5.08,1208.89,46.1,4.5,Completed
SES-004372,2025-11-01,16,EV-004,Ahmedabad,Gujarat,Own,DC Fast,CCS2,Corporate,UPI,0.57,30.62,11.89,364.07,168.87,120.17,65.53,9.5,29.6,3.8,Completed
SES-001365,2024-04-17,13,EV-058,Hyderabad,Telangana,Own,DC Fast,CCS2,Private,Wallet,2.73,92.27,12.51,1154.3,750.26,156.91,39.56,207.57,38.9,3.9,Completed
SES-004881,2024-05-29,21,EV-063,Mumbai,Maharashtra,Franchise,DC Fast,CCS2,Taxi/Ride-share,UPI,0.92,33.16,15.0,497.4,255.24,26.31,8.26,207.59,35.8,3.5,Completed
SES-002257,2025-08-19,4,EV-095,Mumbai,Maharashtra,Franchise,DC Ultra-Fast,CCS2,Corporate,UPI,1.78,125.9,17.06,2147.85,691.86,55.77,31.91,1368.31,19.8,4.3,Completed
SES-002957,2025-12-20,15,EV-007,Hyderabad,Telangana,Partner,AC Level 2,CCS2,Taxi/Ride-share,UPI,0.56,11.34,11.63,131.88,91.93,123.51,44.12,-127.68,47.6,4.0,Completed
SES-004647,2025-10-18,0,EV-016,Mumbai,Maharashtra,Own,AC Level 2,CCS2,Taxi/Ride-share,UPI,0.24,3.5,10.27,35.94,21.16,60.34,75.77,-121.33,2.0,4.2,Completed
SES-004725,2025-05-22,11,EV-010,Hyderabad,Telangana,Franchise,DC Fast,Type 2,Private,Card,0.45,15.14,11.56,175.02,87.43,172.68,75.9,-160.99,12.6,4.6,Completed
SES-004160,2025-05-17,21,EV-088,Bengaluru,Karnataka,Partner,AC Level 2,CCS2,Corporate,UPI,0.31,3.29,9.06,29.81,27.59,95.14,25.73,-118.65,8.6,3.1,Completed
SES-001620,2024-03-22,19,EV-093,Gurugram,Haryana,Own,AC Level 2,CCS2,Private,UPI,3.36,50.15,8.58,430.29,338.74,81.43,6.86,3.26,89.6,5.0,Completed
SES-004132,2024-04-27,17,EV-056,Delhi,Delhi,Own,AC Level 2,CCS2,Private,Card,0.71,8.34,8.5,70.89,59.27,126.85,11.97,-127.2,16.0,4.1,Completed
SES-003468,2024-07-15,20,EV-040,Lucknow,Uttar Pradesh,Own,DC Fast,CHAdeMO,Corporate,UPI,1.63,77.61,11.14,864.58,391.12,51.64,9.78,412.04,44.5,3.5,Completed
SES-004932,2024-03-21,5,EV-090,Ahmedabad,Gujarat,Own,AC Level 2,CCS2,Taxi/Ride-share,UPI,3.3,41.8,11.45,478.61,272.12,114.49,58.57,33.43,57.4,4.8,Completed
SES-003162,2025-06-02,17,EV-041,Bengaluru,Karnataka,Own,DC Ultra-Fast,Type 2,Private,UPI,1.57,122.88,19.28,2369.13,674.21,43.49,68.5,1582.93,26.7,4.0,Completed
SES-003696,2025-02-10,14,EV-097,Gurugram,Haryana,Own,DC Fast,Type 2,Taxi/Ride-share,Card,0.36,20.04,14.34,287.37,167.12,106.94,47.18,-33.87,20.2,5.0,Completed
SES-001421,2024-04-06,3,EV-043,Chennai,Tamil Nadu,Own,AC Level 2,CCS2,Private,Wallet,1.34,17.86,9.31,166.28,102.05,176.1,37.95,-149.82,20.9,4.7,Completed
SES-004939,2025-10-25,14,EV-057,Mumbai,Maharashtra,Own,DC Fast,CCS2,Private,UPI,1.36,57.15,11.91,680.66,374.17,213.15,50.76,42.58,22.7,3.7,Completed
SES-000803,2024-08-10,10,EV-025,Chennai,Tamil Nadu,Partner,AC Level 2,CHAdeMO,Taxi/Ride-share,Wallet,1.28,14.24,9.04,128.73,107.09,53.73,18.54,-50.63,16.9,4.7,Completed
SES-004337,2024-06-21,6,EV-037,Chennai,Tamil Nadu,Own,AC Level 2,CCS2,Private,Card,1.31,20.21,11.92,240.9,142.38,135.7,40.9,-78.08,39.2,4.7,Completed
SES-003752,2024-02-10,5,EV-037,Hyderabad,Telangana,Franchise,AC Level 2,CCS2,Private,UPI,0.62,8.57,9.96,85.36,44.26,185.4,34.26,-178.56,32.1,4.3,Completed
SES-000404,2024-09-19,19,EV-054,Pune,Maharashtra,Franchise,DC Fast,CCS2,Taxi/Ride-share,Wallet,0.43,21.04,12.26,257.95,114.79,181.27,59.51,-97.62,39.7,4.7,Completed
SES-003077,2025-09-05,1,EV-080,Lucknow,Uttar Pradesh,Franchise,AC Level 2,CCS2,Private,Card,0.45,5.29,11.87,62.79,43.93,90.02,77.91,-149.07,38.9,4.0,Completed
SES-003683,2024-08-19,12,EV-035,Chennai,Tamil Nadu,Franchise,DC Fast,CCS2,Corporate,Card,0.91,37.28,15.45,575.98,298.84,91.78,63.21,122.15,23.1,3.5,Completed
SES-000983,2025-12-06,1,EV-025,Bengaluru,Karnataka,Franchise,DC Ultra-Fast,CCS2,Private,,0.48,49.88,18.11,903.33,383.77,327.01,14.34,178.21,9.3,4.9,Completed
SES-004859,2025-04-23,11,EV-079,Hyderabad,Telangana,Own,DC Ultra-Fast,Type 2,Private,UPI,1.48,180.0,19.41,3493.8,1067.29,70.57,40.77,2315.17,41.1,3.9,Completed
SES-003519,2025-08-13,5,EV-078,Lucknow,Uttar Pradesh,Partner,AC Level 2,CHAdeMO,Corporate,Corporate Account,0.22,3.58,11.91,42.64,23.02,138.61,5.45,-124.44,24.1,3.8,Completed
SES-000051,2024-08-22,0,EV-005,Bengaluru,Karnataka,Partner,AC Level 2,CCS2,Fleet,Wallet,0.85,12.01,10.49,125.98,91.61,155.52,54.72,-175.87,29.1,3.1,Completed
SES-002906,2024-12-05,0,EV-049,Delhi,Delhi,Own,DC Ultra-Fast,Type 2,Private,Corporate Account,0.43,47.84,14.36,686.98,280.48,185.03,50.46,171.01,11.0,4.0,Completed
SES-004250,2024-04-12,11,EV-001,Delhi,Delhi,Own,DC Fast,CCS2,Private,UPI,0.15,6.05,12.22,73.93,50.73,43.56,8.72,-29.08,3.4,3.9,Completed
SES-004379,2025-11-10,23,EV-048,Gurugram,Haryana,Own,DC Fast,CHAdeMO,Taxi/Ride-share,Corporate Account,0.78,24.88,11.88,295.57,169.56,37.39,42.46,46.16,27.2,3.8,Cancelled
SES-002572,2024-04-07,7,EV-085,Jaipur,Rajasthan,Own,AC Level 2,Type 2,Private,UPI,0.57,6.28,9.91,62.23,47.87,59.98,55.54,-101.16,29.0,3.6,Completed
SES-002282,2025-09-30,16,EV-078,Pune,Maharashtra,Own,DC Fast,CCS2,Fleet,Corporate Account,0.65,32.7,13.04,426.41,242.38,107.97,54.78,21.28,34.9,4.4,Completed
SES-004003,2025-10-12,9,EV-078,Mumbai,Maharashtra,Franchise,AC Level 2,Type 2,Corporate,UPI,0.2,2.71,10.23,27.72,16.62,132.35,28.28,-149.53,16.2,4.8,Completed
SES-002061,2024-05-20,20,EV-040,Jaipur,Rajasthan,Franchise,DC Fast,Type 2,Corporate,Wallet,0.32,15.58,11.49,179.01,98.01,192.47,14.19,-125.66,50.3,3.9,Failed
SES-000052,2024-05-05,21,EV-020,Delhi,Delhi,Own,DC Ultra-Fast,CCS2,Private,UPI,2.32,180.0,16.12,2901.6,1267.36,76.42,15.78,1542.04,57.5,4.1,Completed
SES-002268,2025-04-23,21,EV-017,Ahmedabad,Gujarat,Partner,DC Fast,CCS2,Fleet,Card,1.22,59.38,13.31,790.35,481.68,210.8,70.43,27.44,30.6,3.8,Completed
SES-002536,2025-04-29,11,EV-085,Chennai,Tamil Nadu,Own,AC Level 2,Type 2,Fleet,Wallet,0.73,8.02,8.43,67.61,50.67,154.02,65.18,-202.26,21.5,3.4,Completed
SES-004140,2024-11-22,12,EV-015,Delhi,Delhi,Own,AC Level 2,CCS2,Taxi/Ride-share,UPI,0.96,9.81,10.73,105.26,50.66,70.29,40.34,-56.03,25.3,4.3,Failed
SES-000025,2025-04-13,2,EV-030,Lucknow,Uttar Pradesh,Franchise,AC Level 2,Type 2,Corporate,UPI,2.56,46.62,11.0,512.82,246.57,127.44,65.38,73.43,46.1,3.9,Completed
SES-001203,2024-01-18,20,EV-086,Gurugram,Haryana,Franchise,AC Level 2,CCS2,Private,Corporate Account,0.63,10.16,8.35,84.84,68.11,136.95,14.33,-134.55,27.9,4.4,Completed
SES-002065,2025-08-04,5,EV-019,Bengaluru,Karnataka,Own,AC Level 2,Type 2,Taxi/Ride-share,UPI,0.36,4.1,8.74,35.83,22.24,194.81,66.47,-247.69,10.8,4.5,Completed
SES-003772,2025-01-24,1,EV-008,Mumbai,Maharashtra,Own,DC Fast,CCS2,Fleet,UPI,0.34,10.74,14.41,154.76,63.25,68.71,11.35,11.45,32.3,4.3,Completed
SES-001823,2025-07-11,15,EV-032,Gurugram,Haryana,Partner,DC Fast,CCS2,Taxi/Ride-share,Wallet,0.97,44.36,14.2,629.91,234.59,32.51,29.92,332.89,22.0,4.6,Completed
SES-003542,2024-03-23,5,EV-048,Mumbai,Maharashtra,Partner,AC Level 2,CCS2,Private,Wallet,0.42,4.21,11.04,46.48,32.78,68.64,31.59,-86.53,19.9,3.5,Completed
SES-001979,2024-12-13,18,EV-015,Pune,Maharashtra,Own,DC Fast,CCS2,Fleet,Card,1.28,63.44,13.64,865.32,396.29,77.6,65.53,325.9,37.1,4.3,Completed
SES-001836,2025-07-22,1,EV-040,Delhi,Delhi,Franchise,DC Fast,Type 2,Corporate,Card,0.15,7.75,13.04,101.06,61.02,215.8,64.57,-240.33,18.4,3.0,Completed
SES-002209,2024-10-28,4,EV-018,Gurugram,Haryana,Own,DC Fast,CCS2,Private,UPI,1.21,67.13,14.79,992.85,534.1,80.4,76.5,301.85,42.3,3.3,Completed
SES-002508,2024-11-21,9,EV-043,Chennai,Tamil Nadu,Franchise,AC Level 2,CHAdeMO,Taxi/Ride-share,UPI,0.45,4.52,10.53,47.6,28.78,32.76,40.13,-54.07,30.3,3.8,Completed
SES-002174,2024-12-22,23,EV-030,Pune,Maharashtra,Partner,AC Level 2,CCS2,Private,Card,0.25,5.1,9.76,49.78,29.14,118.3,34.54,-132.2,27.5,3.6,Completed
SES-003112,2025-06-02,7,EV-017,Jaipur,Rajasthan,Franchise,DC Fast,CHAdeMO,Taxi/Ride-share,UPI,0.83,27.05,12.09,327.03,145.73,140.84,78.05,-37.59,45.8,4.1,Completed
SES-000593,2025-10-22,15,EV-003,Bengaluru,Karnataka,Franchise,DC Fast,CCS2,Corporate,Card,0.22,7.03,11.61,81.62,57.39,45.86,72.37,-94.0,2.0,4.1,Completed
SES-004635,2024-01-25,2,EV-014,Delhi,Delhi,Own,DC Fast,CCS2,Taxi/Ride-share,Wallet,0.54,23.62,15.22,359.5,169.31,62.48,59.67,68.04,23.7,4.0,Completed
SES-000273,2025-04-15,21,EV-095,Jaipur,Rajasthan,Own,DC Fast,Type 2,Taxi/Ride-share,UPI,1.02,43.07,12.91,556.03,276.99,26.72,75.32,177.0,45.5,3.9,Completed
SES-003666,2025-04-16,23,EV-025,Pune,Maharashtra,Own,AC Level 2,CCS2,Fleet,Card,0.5,5.52,8.12,44.82,42.52,127.48,46.55,-171.73,24.5,3.6,Completed
SES-000582,2025-12-20,19,EV-087,Jaipur,Rajasthan,Own,DC Fast,CHAdeMO,Private,Card,0.71,27.37,13.73,375.79,177.05,122.07,44.92,31.75,38.3,3.4,Completed
SES-003590,2025-01-22,11,EV-019,Bengaluru,Karnataka,Own,AC Level 2,CHAdeMO,Private,UPI,0.2,2.07,8.73,18.07,10.37,101.35,69.89,-163.54,37.3,3.6,Completed
SES-000952,2025-01-12,20,EV-015,Bengaluru,Karnataka,Own,AC Level 2,CCS2,Fleet,Wallet,1.18,14.25,9.51,135.52,100.91,198.21,39.04,-202.64,10.5,4.0,Completed
SES-001208,2024-03-20,14,EV-029,Pune,Maharashtra,Own,DC Fast,CHAdeMO,Private,Card,1.17,31.89,12.85,409.79,254.06,183.26,15.91,-43.44,31.0,3.8,Completed
SES-004882,2025-08-28,20,EV-093,Mumbai,Maharashtra,Partner,AC Level 2,CCS2,Private,Wallet,2.43,41.17,11.24,462.75,270.59,50.78,46.16,95.22,75.5,3.4,Completed
SES-000323,2025-07-23,17,EV-019,Mumbai,Maharashtra,Own,DC Fast,CHAdeMO,Fleet,Card,1.29,59.33,11.33,672.21,397.97,171.24,49.03,53.97,46.5,3.9,Completed
SES-003080,2025-02-28,23,EV-064,Delhi,Delhi,Own,DC Ultra-Fast,CHAdeMO,Taxi/Ride-share,Card,1.35,172.78,18.79,3246.54,1423.76,94.12,5.08,1723.58,62.1,5.0,Completed
SES-001851,2024-09-21,19,EV-093,Lucknow,Uttar Pradesh,Own,DC Ultra-Fast,CCS2,Corporate,UPI,0.32,30.8,16.79,517.13,248.02,320.45,5.18,-56.52,18.7,3.6,Completed
SES-002721,2025-05-10,21,EV-035,Lucknow,Uttar Pradesh,Franchise,DC Fast,CCS2,Corporate,Card,1.97,57.06,11.83,675.02,373.38,161.78,11.45,128.41,26.5,3.9,Completed
SES-001866,2025-05-25,2,EV-012,Chennai,Tamil Nadu,Own,DC Ultra-Fast,CCS2,Corporate,UPI,0.28,30.0,14.31,429.3,199.05,216.08,72.73,-58.56,20.8,4.1,Completed
SES-000011,2024-02-16,7,EV-029,Hyderabad,Telangana,Franchise,DC Fast,Type 2,Corporate,Corporate Account,0.99,41.8,11.92,498.26,239.76,20.93,72.09,165.48,28.7,4.4,Completed
SES-002642,2024-11-20,6,EV-082,Jaipur,Rajasthan,Partner,DC Fast,Type 2,Private,UPI,0.8,25.01,14.93,373.4,189.18,33.57,40.31,110.34,29.5,4.2,Completed
SES-002830,2024-10-01,10,EV-089,Jaipur,Rajasthan,Own,DC Fast,CCS2,Private,Wallet,1.74,68.84,15.29,1052.56,487.82,149.0,69.47,346.27,30.3,3.9,Completed
SES-001008,2024-09-18,11,EV-054,Jaipur,Rajasthan,Franchise,AC Level 2,CCS2,Private,Card,0.17,3.28,9.19,30.14,21.98,63.08,25.64,-80.56,35.6,3.9,Completed
SES-003323,2024-12-08,21,EV-071,Gurugram,Haryana,Partner,DC Fast,CCS2,Taxi/Ride-share,Card,1.09,36.81,14.32,527.12,205.5,185.34,30.19,106.09,23.7,5.0,Completed
SES-004608,2024-10-26,19,EV-011,Jaipur,Rajasthan,Franchise,DC Ultra-Fast,CHAdeMO,Private,Wallet,0.63,75.88,14.23,1079.77,519.91,264.78,25.98,269.1,56.0,4.2,Completed
SES-004687,2024-06-24,2,EV-029,Gurugram,Haryana,Own,DC Fast,CCS2,Private,Card,2.21,119.12,14.46,1722.48,835.32,194.35,43.1,649.71,43.6,4.5,Completed
SES-003988,2025-09-20,2,EV-097,Delhi,Delhi,Franchise,DC Ultra-Fast,CCS2,private,UPI,3.35,180.0,19.4,3492.0,1061.84,165.14,53.65,2211.37,38.9,3.7,Completed
SES-004720,2024-01-17,16,EV-014,Gurugram,Haryana,Own,DC Fast,CCS2,Private,UPI,0.9,51.18,11.82,604.95,354.99,218.69,48.23,-16.96,46.2,3.5,Completed
SES-004056,2025-04-03,21,EV-005,Delhi,Delhi,Own,AC Level 2,Type 2,Private,Wallet,4.5,50.8,10.64,540.51,385.94,197.75,42.7,-85.88,59.5,3.8,Completed
SES-004407,2024-06-20,6,EV-081,Hyderabad,Telangana,Franchise,DC Fast,Type 2,Private,Card,1.57,48.62,12.75,619.9,338.78,199.39,51.91,29.82,45.0,3.7,Completed
SES-000849,2025-12-09,5,EV-018,Jaipur,Rajasthan,Partner,DC Fast,CCS2,Private,UPI,1.51,72.54,15.16,1099.71,484.72,127.52,21.03,466.44,25.5,3.6,Completed
SES-001844,2024-08-29,4,EV-065,Chennai,Tamil Nadu,Own,DC Fast,Type 2,Private,UPI,1.02,52.92,14.24,753.58,420.43,120.67,23.55,188.93,43.2,3.2,Completed
SES-004257,2025-12-11,14,EV-045,Ahmedabad,Gujarat,Partner,AC Level 2,Type 2,Fleet,UPI,0.34,4.23,11.93,50.46,34.49,65.23,34.73,-83.99,12.7,4.4,Completed
SES-001906,2024-04-28,3,EV-004,Pune,Maharashtra,Franchise,DC Fast,CCS2,Fleet,UPI,1.08,60.47,15.32,926.4,511.9,167.47,45.79,201.24,17.1,3.6,Completed
SES-002643,2025-10-20,20,EV-087,Bengaluru,Karnataka,Own,AC Level 2,CCS2,Taxi/Ride-share,UPI,1.16,17.32,11.18,193.64,86.98,196.56,77.62,-167.52,18.5,3.9,Completed
SES-004299,2024-03-23,0,EV-088,Hyderabad,Telangana,Own,DC Fast,Type 2,Corporate,UPI,2.66,140.19,12.64,1772.0,1015.75,78.75,40.77,636.73,45.3,4.5,Completed
SES-001680,2025-09-24,9,EV-093,Bengaluru,Karnataka,Partner,DC Ultra-Fast,CHAdeMO,Fleet,UPI,0.3,26.76,19.53,522.62,199.27,303.43,54.75,-34.83,10.0,3.5,Completed
SES-004275,2024-02-04,21,EV-083,Bengaluru,Karnataka,Partner,AC Level 2,CCS2,Private,UPI,0.28,4.26,9.07,38.64,33.31,134.18,42.26,-171.11,14.5,4.0,Completed
SES-001181,2025-03-25,2,EV-018,Ahmedabad,Gujarat,Franchise,DC Fast,CCS2,Taxi/Ride-share,UPI,1.05,36.78,14.75,542.5,208.9,193.98,64.07,75.55,56.7,4.3,Completed
SES-000220,2024-02-05,20,EV-067,Jaipur,Rajasthan,Franchise,DC Fast,CCS2,Private,Wallet,0.99,44.45,14.59,648.53,322.01,173.09,68.31,85.12,30.6,4.7,Completed
SES-003361,2025-02-14,16,EV-100,Lucknow,Uttar Pradesh,Own,DC Fast,CCS2,Private,UPI,0.69,37.54,12.64,474.51,226.16,28.6,20.41,199.34,55.8,4.4,Completed
SES-001347,2025-09-08,5,EV-087,Bengaluru,Karnataka,Partner,DC Fast,Type 2,Taxi/Ride-share,Card,1.32,46.11,11.16,514.59,230.73,184.98,27.08,71.8,51.5,3.3,Completed
SES-000370,2024-03-25,10,EV-042,Ahmedabad,Gujarat,Own,DC Fast,CCS2,Private,UPI,1.27,62.37,14.37,896.26,404.51,132.85,62.94,295.96,12.9,4.7,Completed
SES-000097,2025-07-12,1,EV-085,Lucknow,Uttar Pradesh,Franchise,AC Level 2,CCS2,Fleet,Corporate Account,0.55,8.12,9.4,76.33,66.2,132.15,76.86,-198.88,29.5,4.1,Completed
SES-004540,2025-02-02,15,EV-047,Delhi,Delhi,Partner,AC Level 2,CCS2,Private,Card,0.61,6.81,11.08,75.45,53.69,45.19,63.18,-86.61,24.5,3.8,Completed
SES-000820,2024-09-08,3,EV-018,Bengaluru,Karnataka,Franchise,DC Fast,Type 2,Taxi/Ride-share,Wallet,3.42,147.67,11.73,1732.17,1114.94,200.26,49.3,367.67,41.2,4.2,Completed
SES-002806,2024-06-12,10,EV-078,Hyderabad,Telangana,Partner,AC Level 2,CCS2,Private,Wallet,0.59,7.89,9.95,78.51,60.26,142.95,57.4,-182.1,21.1,3.5,Completed
SES-002648,2025-03-12,15,EV-020,Bengaluru,Karnataka,Own,DC Ultra-Fast,Type 2,Private,Wallet,1.33,158.09,15.06,2380.84,1100.36,172.13,72.27,1036.08,32.9,3.9,Cancelled
SES-004651,2025-09-03,4,EV-043,Bengaluru,Karnataka,Own,DC Fast,CCS2,Private,UPI,1.46,42.64,11.54,492.07,259.36,84.0,30.61,118.1,41.1,3.6,Completed
SES-002687,2025-07-22,11,EV-043,Hyderabad,Telangana,Own,AC Level 2,CCS2,Fleet,UPI,0.28,2.87,10.72,30.77,22.89,147.63,49.8,-189.55,24.2,4.0,Completed
SES-001335,2024-12-21,17,EV-079,Chennai,Tamil Nadu,Franchise,DC Ultra-Fast,CCS2,Taxi/Ride-share,Card,1.28,139.11,19.22,2673.69,959.08,53.78,15.65,1645.18,55.9,4.2,Completed
SES-003277,2025-07-31,13,EV-011, Chennai ,Tamil Nadu,Own,DC Fast,Type 2,Taxi/Ride-share,Card,1.7,70.45,12.52,882.03,458.56,106.56,18.85,298.06,22.7,5.0,Completed
SES-000027,2025-12-27,17,EV-019,Gurugram,Haryana,Own,DC Fast,CCS2,Private,Card,0.16,6.68,11.51,76.89,36.31,191.76,28.91,-180.09,23.7,3.2,Completed
SES-000149,2024-04-24,16,EV-037,Hyderabad,Telangana,Franchise,AC Level 2,CCS2,Private,Card,2.56,29.19,11.26,328.68,192.72,133.32,30.04,-27.4,38.5,4.4,Completed
SES-002229,2024-12-22,8,EV-082,Gurugram,Haryana,Own,AC Level 2,CCS2,Private,UPI,1.24,19.03,9.92,188.78,149.87,206.14,25.58,-192.81,25.5,3.9,Failed
SES-000495,2024-05-17,22,EV-030,Pune,Maharashtra,Own,AC Level 2,CCS2,Taxi/Ride-share,Wallet,0.28,5.33,11.65,62.09,38.37,188.57,25.65,-190.5,22.8,5.0,Completed
SES-001404,2025-09-22,20,EV-058,Pune,Maharashtra,Own,DC Fast,Type 2,Fleet,Corporate Account,1.86,88.22,15.77,1391.23,648.77,95.27,23.55,623.64,43.8,3.6,Completed
SES-001373,2024-11-14,7,EV-014,Lucknow,Uttar Pradesh,Own,DC Fast,CCS2,Taxi/Ride-share,Card,1.45,79.93,11.14,890.42,429.24,47.89,14.7,398.59,31.8,3.9,Failed
SES-001699,2025-12-15,8,EV-061,Gurugram,Haryana,Own,AC Level 2,CHAdeMO,Taxi/Ride-share,,0.52,10.27,8.46,86.88,60.22,215.56,17.63,-206.53,22.7,4.2,Completed
SES-004878,2024-10-31,8,EV-095,Bengaluru,Karnataka,Franchise,DC Fast,Type 2,Private,UPI,2.0,81.26,11.12,903.61,444.71,183.88,21.98,253.04,47.9,4.3,Completed
SES-002764,2025-03-22,7,EV-078,Lucknow,Uttar Pradesh,Own,AC Level 2,CHAdeMO,Private,UPI,2.04,35.22,8.27,291.27,282.01,45.69,63.81,-100.24,55.5,4.4,Completed
SES-002549,2025-10-15,9,EV-095,Mumbai,Maharashtra,Franchise,DC Fast,CCS2,Private,Corporate Account,1.81,89.97,11.96,1076.04,728.09,156.7,62.46,128.79,32.3,3.8,Completed
SES-003985,2025-01-23,20,EV-071,Lucknow,Uttar Pradesh,Partner,,Type 2,Private,UPI,0.69,62.88,16.25,1021.8,334.61,111.14,5.18,570.87,2.0,4.8,Completed
SES-004824,2024-07-13,6,EV-079,Lucknow,Uttar Pradesh,Franchise,DC Fast,CCS2,Private,Corporate Account,1.64,46.13,13.78,635.67,262.48,30.13,5.58,337.48,39.5,3.7,Completed
SES-003897,2025-06-25,12,EV-039,Lucknow,Uttar Pradesh,Own,AC Level 2,CCS2,Private,Card,0.87,10.71,10.15,108.71,56.18,57.04,17.16,-21.67,33.2,4.7,Completed
SES-000116,2025-01-30,2,EV-004,Pune,Maharashtra,Own,AC Level 2,Type 2,Private,UPI,0.85,9.38,9.29,87.14,76.32,135.08,39.96,-164.22,35.2,4.5,Completed
SES-001587,2024-01-10,15,EV-006,Jaipur,Rajasthan,Own,AC Level 2,Type 2,Taxi/Ride-share,Corporate Account,1.23,20.87,11.67,243.55,127.57,185.88,65.36,-135.26,23.8,3.7,Completed
SES-002332,2024-03-03,2,EV-046,Lucknow,Uttar Pradesh,Own,AC Level 2,Type 2,Private,Card,0.74,7.39,8.53,63.04,58.56,175.09,21.25,-191.86,13.6,3.8,Completed
SES-000184,2025-11-07,23,EV-078,Delhi,Delhi,Franchise,DC Fast,Type 2,Fleet,UPI,1.28,68.96,11.96,824.76,406.48,162.57,74.62,181.09,37.5,3.4,Completed
SES-001615,2025-02-20,3,EV-053,Delhi,Delhi,Own,AC Level 2,Type 2,Private,Wallet,0.5,8.75,9.04,79.1,49.49,112.81,19.65,-102.85,5.1,2.6,Completed
SES-002386,2024-02-26,8,EV-066,Hyderabad,Telangana,Own,DC Ultra-Fast,CCS2,Private,UPI,0.49,59.18,16.59,981.8,493.04,133.93,14.12,340.71,43.7,4.6,Completed
SES-004974,2025-06-26,17,EV-006,Hyderabad,Telangana,Own,DC Fast,CCS2,Fleet,Card,0.75,34.8,11.23,390.8,239.34,140.64,29.65,-18.83,44.0,4.2,Completed
SES-001192,2024-10-21,22,EV-054,Mumbai,Maharashtra,Franchise,DC Fast,CHAdeMO,Private,UPI,2.9,88.61,13.71,1214.84,524.44,79.17,26.59,584.64,38.5,4.5,Completed
SES-001598,2024-10-08,2,EV-096,Lucknow,Uttar Pradesh,Own,DC Fast,Type 2,Taxi/Ride-share,UPI,0.15,4.27,14.88,63.54,21.88,187.71,36.18,-182.23,10.1,4.0,Completed
SES-000707,2025-12-28,2,EV-045,Mumbai,Maharashtra,Partner,DC Fast,CCS2,Taxi/Ride-share,Corporate Account,3.01,163.51,11.84,1935.96,1185.24,70.81,64.05,615.86,73.6,4.6,Completed
SES-000174,2025-04-14,16,EV-060,Delhi,Delhi,Own,DC Fast,CCS2,Fleet,UPI,0.2,8.06,13.86,111.71,54.9,135.47,35.17,-113.83,9.3,3.8,Completed
SES-001752,2024-05-06,22,EV-098,Chennai,Tamil Nadu,Own,AC Level 2,Type 2,Fleet,Card,0.48,6.64,9.91,65.8,52.33,94.97,30.46,-111.96,15.1,4.2,Completed
SES-000752,2025-05-12,0,EV-085,Mumbai,Maharashtra,Own,DC Fast,CCS2,Private,Card,0.3,9.43,11.81,111.37,53.29,206.84,37.13,-185.89,5.4,4.9,Completed
SES-004791,2024-01-16,5,EV-025,Delhi,Delhi,Own,DC Fast,CCS2,Private,UPI,0.86,43.09,13.86,597.23,267.41,137.66,41.9,150.26,61.8,4.4,Completed
SES-003847,2025-02-09,9,EV-089,Lucknow,Uttar Pradesh,Own,AC Level 2,CCS2,Corporate,Card,2.35,25.29,9.55,241.52,165.82,123.11,78.99,-126.4,40.8,3.4,Completed
SES-003736,2025-12-07,18,EV-085,Mumbai,Maharashtra,Partner,AC Level 2,Type 2,Private,UPI,1.53,29.62,9.53,282.28,246.08,71.71,74.22,-109.73,55.9,5.0,Completed
SES-004674,2024-12-03,9,EV-094,Delhi,Delhi,Own,DC Ultra-Fast,Type 2,Private,UPI,1.0,132.58,14.42,1911.8,727.24,297.51,71.28,815.77,24.0,3.7,Completed
SES-002231,2024-08-23,18,EV-014,Mumbai,Maharashtra,Partner,AC Level 2,CCS2,Private,Card,2.28,27.73,9.95,275.91,189.05,142.85,38.1,-94.09,32.6,4.4,Completed
SES-004507,2025-04-02,14,EV-023,Hyderabad,Telangana,Franchise,DC Ultra-Fast,CCS2,Private,UPI,0.83,72.67,16.24,1180.16,474.98,207.88,8.61,488.69,21.0,3.6,Completed
SES-004478,2025-04-22,23,EV-068,Pune,Maharashtra,Partner,DC Fast,CCS2,Fleet,Wallet,2.48,109.32,15.84,1731.63,747.32,159.03,21.69,803.59,65.1,3.7,Completed
SES-003142,2024-03-17,11,EV-002,Delhi,Delhi,Own,AC Level 2,CHAdeMO,Corporate,Wallet,0.85,13.27,11.17,148.23,106.05,56.05,68.08,-81.95,20.2,3.8,Completed
SES-000379,2025-08-14,10,EV-011,Gurugram,Haryana,Franchise,DC Ultra-Fast,CCS2,Private,Card,2.62,180.0,18.54,3337.2,1418.25,169.45,71.17,1678.33,58.5,4.6,Completed
SES-002357,2025-10-04,5,EV-069,Lucknow,Uttar Pradesh,Own,DC Ultra-Fast,CCS2,Private,Wallet,0.88,66.62,15.78,1051.26,381.75,41.22,25.04,603.25,27.8,4.4,Completed
SES-004960,2025-08-13,6,EV-097,Mumbai,Maharashtra,Partner,DC Ultra-Fast,CCS2,Private,UPI,0.62,81.76,18.98,1551.8,694.25,311.6,64.44,481.51,41.1,3.8,Completed
SES-004842,2025-05-08,13,EV-072,Bengaluru,Karnataka,Own,AC Level 2,CHAdeMO,Private,UPI,0.42,7.07,10.35,73.17,58.58,139.82,17.59,-142.82,34.9,3.9,Completed
SES-004730,2024-12-12,14,EV-027,Chennai,Tamil Nadu,Own,AC Level 2,Type 2,Private,UPI,1.28,16.36,9.71,158.86,126.89,43.08,41.26,-52.37,47.9,4.3,Completed
SES-000472,2025-11-22,2,EV-050,Hyderabad,Telangana,Own,DC Fast,CHAdeMO,Private,Card,0.72,21.34,11.95,255.01,151.72,179.0,74.68,-150.39,23.9,4.4,Completed
SES-003866,2025-05-09,13,EV-049,Bengaluru,Karnataka,Own,DC Ultra-Fast,CCS2,Fleet,UPI,2.22,180.0,16.18,2912.4,1386.86,271.15,15.93,1238.46,29.5,4.7,Completed
SES-003388,2024-10-09,23,EV-011,Chennai,Tamil Nadu,Partner,AC Level 2,CCS2,Private,Wallet,0.15,2.39,11.06,26.43,12.44,107.74,14.17,-107.92,29.2,4.4,Completed
SES-004905,2024-05-31,19,EV-043,Bengaluru,Karnataka,Own,DC Fast,CCS2,Fleet,UPI,0.2,6.92,12.74,88.16,56.97,202.44,67.82,-239.07,39.9,4.2,Completed
SES-001342,2024-09-23,0,EV-061,Bengaluru,Karnataka,Own,AC Level 2,CCS2,Corporate,UPI,2.03,32.1,8.68,278.63,202.49,110.62,63.06,-97.54,48.3,4.5,Completed
SES-002540,2025-05-31,7,EV-005,Lucknow,Uttar Pradesh,Franchise,AC Level 2,CHAdeMO,Corporate,UPI,0.36,4.04,9.67,39.07,24.3,162.92,50.56,-198.71,5.9,3.7,Completed
SES-004409,2025-07-26,8,EV-010,,Haryana,Own,AC Level 2,CCS2,Corporate,Card,0.29,5.94,8.93,53.04,49.83,212.33,7.6,-216.72,31.3,4.6,Completed
SES-004500,2024-05-18,12,EV-089,Bengaluru,Karnataka,Own,AC Level 2,CCS2,Corporate,UPI,0.53,7.5,8.84,66.3,38.37,58.8,29.66,-60.53,19.4,4.1,Completed
SES-000466,2024-11-26,1,EV-061,Gurugram,Haryana,Franchise,DC Ultra-Fast,CCS2,Private,UPI,0.84,74.42,14.39,1070.9,509.35,312.38,57.71,191.46,26.4,3.2,Completed
SES-003643,2024-12-05,10,EV-009,Lucknow,Uttar Pradesh,Franchise,AC Level 2,CCS2,Private,UPI,0.45,5.75,10.86,62.44,32.6,100.58,7.8,-78.54,10.6,3.8,Completed
SES-000163,2024-07-26,20,EV-040,Lucknow,Uttar Pradesh,Partner,DC Ultra-Fast,CCS2,Private,UPI,2.15,180.0,17.71,3187.8,1492.52,245.99,15.54,1433.75,23.9,4.5,Completed
SES-002294,2025-02-23,20,EV-093,Chennai,Tamil Nadu,Partner,AC Level 2,Type 2,Private,UPI,1.33,14.75,10.85,160.04,120.55,161.74,77.97,-200.22,27.6,4.5,Completed
SES-002220,2025-03-09,9,EV-036,Pune,Maharashtra,Own,DC Fast,Type 2,Taxi/Ride-share,UPI,0.75,31.01,11.75,364.37,171.44,,70.93,-15.56,25.6,3.4,Completed
SES-002292,2025-10-30,20,EV-067,Pune,Maharashtra,Own,DC Fast,Type 2,Taxi/Ride-share,Wallet,1.33,61.28,11.06,677.76,418.51,212.38,55.89,-9.02,36.6,5.0,Completed
SES-000038,2025-03-17,20,EV-036,Ahmedabad,Gujarat,Own,DC Ultra-Fast,CHAdeMO,Private,Wallet,1.89,180.0,16.34,2941.2,1012.51,109.08,78.07,1741.54,37.9,3.5,Completed
SES-004378,2025-01-12,19,EV-034,Jaipur,Rajasthan,Partner,DC Fast,CCS2,Taxi/Ride-share,UPI,2.93,138.17,15.13,2090.51,1133.74,109.21,75.1,772.46,60.4,4.2,Completed
SES-001420,2024-02-02,21,EV-048,Bengaluru,Karnataka,Franchise,DC Fast,CCS2,Fleet,UPI,2.38,126.29,14.84,1874.14,808.79,172.65,47.58,845.12,67.1,4.7,Completed
SES-003134,2025-05-27,2,EV-094,Ahmedabad,Gujarat,Own,AC Level 2,CCS2,Private,Card,1.25,20.92,11.93,249.58,111.19,103.72,51.67,-17.0,41.0,4.7,Completed
SES-001872,2024-03-11,11,EV-069,Ahmedabad,Gujarat,Franchise,DC Fast,Type 2,Corporate,Card,0.77,21.46,13.42,287.99,113.1,134.07,75.08,-34.26,25.9,4.4,Completed
SES-000266,2025-11-10,12,EV-084,Hyderabad,Telangana,Partner,DC Ultra-Fast,CCS2,Fleet,Card,0.26,18.52,18.15,336.14,94.54,313.05,48.68,-120.13,18.4,3.8,Completed
SES-002445,2024-07-19,22,EV-059,Gurugram,Haryana,Own,DC Ultra-Fast,Type 2,Private,Corporate Account,1.04,139.38,15.86,2210.57,808.45,137.65,34.94,1229.53,9.7,4.5,Completed
SES-003782,2024-01-10,21,EV-076,Bengaluru,Karnataka,Partner,DC Ultra-Fast,CCS2,Fleet,Corporate Account,1.32,137.5,18.62,2560.25,868.46,277.0,48.62,1366.17,42.3,3.9,Failed
SES-004560,2025-04-03,7,EV-031,Delhi,Delhi,Own,DC Ultra-Fast,CCS2,Private,UPI,2.83,180.0,18.11,3259.8,1055.99,59.23,7.08,2137.5,30.4,4.3,Failed
SES-000099,2025-03-19,10,EV-071,Lucknow,Uttar Pradesh,Franchise,AC Level 2,Type 2,Fleet,Card,0.56,10.57,10.65,112.57,57.58,188.34,16.2,-149.55,14.6,4.3,Completed
SES-003391,2024-02-10,11,EV-050,Pune,Maharashtra,Franchise,DC Ultra-Fast,CCS2,Corporate,Wallet,1.44,179.41,16.61,2980.0,924.17,258.72,64.84,1732.27,40.1,3.8,Completed
SES-001641,2024-02-09,13,EV-017,Mumbai,Maharashtra,Partner,AC Level 2,CCS2,Private,Wallet,0.91,17.32,10.79,186.88,136.7,200.57,67.97,-218.36,31.3,3.4,Cancelled
SES-002753,2024-10-27,19,EV-039,Ahmedabad,Gujarat,Franchise,DC Fast,CCS2,Corporate,UPI,1.74,62.75,12.41,778.73,328.81,118.27,18.29,313.36,45.8,3.4,Completed
SES-000361,2024-02-20,0,EV-027,Hyderabad,Telangana,Own,DC Fast,CCS2,Private,Card,0.63,27.92,12.13,338.67,236.32,179.95,70.65,-148.25,20.8,4.6,Completed
SES-001961,2025-05-13,7,EV-087,Delhi,Delhi,Partner,DC Fast,CCS2,Fleet,UPI,0.77,37.74,14.15,534.02,247.99,52.01,53.86,180.16,48.2,4.1,Completed
SES-001041,2024-01-04,20,EV-063,Lucknow,Uttar Pradesh,Partner,AC Level 2,CCS2,Private,UPI,1.48,25.74,9.74,250.71,167.99,155.07,17.82,-90.17,22.0,3.8,Completed
SES-001693,2025-08-17,12,EV-007,Jaipur,Rajasthan,Partner,AC Level 2,CCS2,Fleet,Card,4.13,50.05,11.29,565.06,351.61,190.01,30.58,-7.14,72.9,3.4,Completed
SES-004736,2025-07-26,18,EV-093,Jaipur,Rajasthan,Franchise,AC Level 2,CCS2,Corporate,UPI,0.85,14.76,10.31,152.18,77.08,84.47,30.26,-39.63,25.9,3.7,Completed
SES-001647,2024-08-14,6,EV-004,Hyderabad,Telangana,Own,DC Fast,CCS2,Corporate,UPI,1.0,30.74,15.96,490.61,161.72,135.62,45.92,147.35,47.3,4.3,Completed
SES-000758,2025-11-06,12,EV-087,Pune,Maharashtra,Franchise,AC Level 2,Type 2,Private,Wallet,0.66,13.35,8.01,106.93,72.88,90.87,39.15,-95.97,31.4,3.8,Failed
SES-004796,2024-07-31,22,EV-062,Gurugram,Haryana,Own,AC Level 2,Type 2,Private,Card,0.74,11.76,10.54,123.95,94.88,47.73,14.04,-32.7,28.2,4.2,Completed
SES-004838,2024-07-19,3,EV-027,Ahmedabad,Gujarat,Franchise,DC Fast,CCS2,Private,Wallet,1.51,72.8,15.87,1155.34,471.68,95.31,56.8,531.55,61.4,4.7,Completed
SES-003123,2024-03-17,7,EV-009,Delhi,Delhi,Own,DC Fast,CCS2,Private,Wallet,1.04,31.24,12.15,379.57,190.48,191.2,48.46,-50.57,47.8,4.1,Completed
SES-004498,2024-07-13,23,EV-056,Lucknow,Uttar Pradesh,Own,DC Fast,CHAdeMO,Private,Corporate Account,0.93,50.39,14.08,709.49,371.8,163.24,47.85,126.6,24.8,3.3,Completed
SES-004089,2024-05-30,0,EV-088,Chennai,Tamil Nadu,Partner,AC Level 2,CHAdeMO,Fleet,Card,0.79,10.08,10.48,105.64,62.54,173.85,68.15,-198.9,29.3,5.0,Failed
SES-003892,2025-06-11,8,EV-072,Chennai,Tamil Nadu,Own,AC Level 2,CHAdeMO,Private,UPI,0.74,12.89,11.22,144.63,90.0,120.3,51.42,-117.09,28.9,4.3,Completed
SES-003945,2025-02-25,16,EV-015,Lucknow,Uttar Pradesh,Partner,DC Ultra-Fast,CCS2,Private,Card,0.56,57.77,19.07,1101.67,386.45,53.99,45.2,616.03,16.6,3.5,Completed
SES-001734,2024-07-26,10,EV-026,Hyderabad,Telangana,Own,AC Level 2,CHAdeMO,Taxi/Ride-share,Card,0.4,4.34,12.0,52.08,28.3,34.27,12.27,-22.76,11.9,3.8,Completed
SES-001591,2025-01-31,18,EV-022,Pune,Maharashtra,Partner,DC Fast,CCS2,Corporate,Wallet,0.76,30.28,13.69,414.53,181.35,52.58,37.22,143.38,22.3,3.6,Completed
SES-001953,2024-08-04,6,EV-023,Lucknow,Uttar Pradesh,Partner,DC Fast,CCS2,Private,Card,0.76,31.21,15.27,476.58,176.88,136.13,31.36,132.21,20.8,4.3,Completed
SES-000988,2024-11-23,22,EV-006,Pune,Maharashtra,Own,DC Fast,Type 2,Taxi/Ride-share,Card,1.0,37.37,13.46,503.0,283.02,142.07,56.35,21.56,40.5,4.6,Completed
SES-003309,2025-08-06,0,EV-003,Mumbai,Maharashtra,Own,AC Level 2,CCS2,Private,UPI,1.78,31.85,11.32,360.54,265.68,178.99,78.71,-162.84,46.7,4.3,Completed
SES-004380,2024-01-15,15,EV-033,Mumbai,Maharashtra,Franchise,DC Fast,Type 2,Corporate,UPI,1.89,55.98,12.31,689.11,319.9,32.96,76.74,259.51,36.7,3.3,Completed
SES-001026,2024-12-23,15,EV-035,Lucknow,Uttar Pradesh,Partner,DC Fast,CCS2,Private,UPI,1.55,72.16,11.72,845.72,441.85,138.28,57.51,208.08,47.1,3.9,Completed
SES-000362,2025-02-28,18,EV-011,Gurugram,Haryana,Franchise,AC Level 2,CCS2,Fleet,Card,1.37,21.35,11.38,242.96,163.05,157.61,49.23,-126.93,45.6,4.8,Completed
SES-003038,2024-06-29,6,EV-019,Gurugram,Haryana,Own,DC Fast,CCS2,Private,UPI,1.58,65.66,12.58,826.0,393.09,60.53,44.56,327.82,21.0,3.7,Completed
SES-002214,2025-11-07,15,EV-044,Pune,Maharashtra,Franchise,DC Fast,CCS2,Private,UPI,1.29,56.92,14.41,820.22,472.34,182.6,17.64,147.64,42.3,4.3,Completed
SES-002697,2024-06-12,10,EV-087,Mumbai,Maharashtra,Own,AC Level 2,CCS2,Private,Wallet,0.97,13.99,9.91,138.64,96.22,80.53,10.9,-49.01,19.7,4.4,Completed
SES-000364,2024-04-12,12,EV-098,Chennai,Tamil Nadu,Franchise,DC Fast,Type 2,Corporate,Corporate Account,0.52,27.2,12.9,350.88,180.19,178.32,53.43,-61.06,27.9,4.9,Completed
SES-000847,2024-08-12,22,EV-080,Pune,Maharashtra,Own,AC Level 2,Type 2,Private,UPI,0.97,11.78,11.86,139.71,95.63,127.15,6.92,-89.99,13.9,3.5,Cancelled
SES-004180,2024-03-29,3,EV-087,Mumbai,Maharashtra,Own,DC Fast,CCS2,Fleet,Card,0.16,8.43,11.31,95.34,58.53,202.01,72.77,-237.97,11.7,4.8,Completed
SES-003700,2024-12-16,19,EV-012,Bengaluru,Karnataka,Own,DC Fast,Type 2,Private,Wallet,1.61,88.93,12.39,1101.84,728.03,85.81,5.43,282.57,59.0,4.2,Completed
SES-004926,2024-07-09,7,EV-016,Ahmedabad,Gujarat,Own,AC Level 2,CCS2,Private,UPI,1.39,28.77,8.24,237.06,181.91,210.19,69.67,-224.71,19.7,4.5,Completed
SES-004360,2024-12-04,9,EV-051,Ahmedabad,Gujarat,Own,AC Level 2,Type 2,Fleet,Card,0.55,5.53,11.52,63.71,46.23,49.05,67.76,-99.33,35.2,4.3,Completed
SES-000701,2025-12-30,2,EV-075,Ahmedabad,Gujarat,Own,DC Ultra-Fast,CCS2,Private,UPI,0.44,41.3,19.32,797.92,241.75,278.5,32.28,245.39,10.1,3.6,Completed
SES-003412,2025-10-25,0,EV-015,Gurugram,Haryana,Partner,AC Level 2,CCS2,Private,UPI,0.42,5.07,8.24,41.78,27.93,63.29,63.3,-112.74,20.6,4.1,Completed
SES-001584,2025-09-12,5,EV-083,Pune,Maharashtra,Own, DC Fast ,CCS2,Private,UPI,0.98,45.74,14.48,662.32,383.86,149.83,37.02,91.61,19.4,4.9,Completed
SES-001651,2025-01-28,12,EV-085,chennai,Tamil Nadu,Franchise,AC Level 2,CCS2,Taxi/Ride-share,Card,1.82,33.06,11.32,374.24,215.27,133.56,26.25,-0.84,48.6,3.5,Completed
SES-003759,2025-07-17,17,EV-081,Delhi,Delhi,Own,DC Fast,CCS2,Fleet,UPI,1.42,51.58,11.19,577.18,288.31,206.2,36.74,45.93,24.8,4.2,Completed
SES-004570,2024-09-14,22,EV-092,Ahmedabad,Gujarat,Partner,DC Ultra-Fast,CCS2,Taxi/Ride-share,Card,0.19,18.03,18.4,331.75,124.24,110.49,21.37,75.65,38.2,4.6,Completed
SES-002739,2025-07-26,16,EV-036,Gurugram,Haryana,Partner,DC Fast,Type 2,Private,Card,0.38,14.33,14.91,213.66,97.26,25.71,46.37,44.32,21.0,3.4,Completed
SES-004464,2024-09-01,19,EV-043,Pune,Maharashtra,Own,DC Fast,Type 2,Fleet,Wallet,0.28,10.12,13.25,134.09,59.5,111.72,62.25,-99.38,8.5,3.5,Completed
SES-001508,2024-08-22,13,EV-100,Chennai,Tamil Nadu,Own,DC Ultra-Fast,CCS2,Corporate,Wallet,1.63,117.95,15.2,1792.84,722.8,103.13,20.51,946.4,22.2,5.0,Failed
SES-001385,2025-05-01,20,EV-081,Ahmedabad,Gujarat,Own,AC Level 2,CCS2,Private,UPI,0.64,12.33,9.87,121.7,73.72,82.26,67.79,-102.07,23.9,3.4,Completed
SES-001719,2025-12-27,6,EV-033,Gurugram,Haryana,Own,DC Fast,CHAdeMO,Fleet,UPI,1.2,63.95,14.48,926.0,481.24,153.29,44.81,246.66,38.8,4.1,Completed
SES-000542,2025-06-11,17,EV-007,Ahmedabad,Gujarat,Partner,AC Level 2,Type 2,Private,UPI,0.61,6.58,9.41,61.92,44.55,132.79,59.27,-174.69,38.0,3.5,Completed
SES-003318,2024-04-12,12,EV-047,Bengaluru,Karnataka,Partner,DC Fast,CCS2,Taxi/Ride-share,Card,3.34,129.61,15.78,2045.25,662.18,149.99,60.94,1172.14,61.9,3.9,Completed
SES-003294,2024-02-22,3,EV-100,Chennai,Tamil Nadu,Own,AC Level 2,CHAdeMO,Fleet,Card,2.0,21.64,9.02,195.19,169.66,146.36,13.87,-134.7,15.6,3.9,Completed
SES-001460,2024-01-25,8,EV-049,Delhi,Delhi,Partner,DC Ultra-Fast,Type 2,Private,Card,0.59,73.91,18.12,1339.25,442.36,70.05,24.3,802.54,39.8,4.5,Completed
SES-001518,2025-06-21,11,EV-080,Hyderabad,Telangana,Franchise,DC Fast,CCS2,Private,UPI,0.3,15.97,13.21,210.96,135.38,166.86,62.94,-154.22,30.8,4.2,Completed
SES-004477,2024-04-07,2,EV-042,Gurugram,Haryana,Own,AC Level 2,Type 2,Private,UPI,3.23,44.87,11.83,530.81,329.95,135.83,40.96,24.07,73.4,4.5,Completed
SES-002102,2025-01-05,20,EV-097,Mumbai,Maharashtra,Franchise,DC Ultra-Fast,CCS2,Private,Card,0.93,109.9,16.87,1854.01,860.22,131.73,27.32,834.74,52.6,4.3,Completed
SES-004644,2024-10-27,17,EV-013,Bengaluru,Karnataka,Franchise,DC Fast,CCS2,Private,UPI,0.15,5.23,12.15,63.54,32.47,44.49,54.7,-68.12,41.1,4.5,Completed
SES-000521,2024-09-05,22,EV-030,Hyderabad,Telangana,Own,AC Level 2,CCS2,Fleet,UPI,0.33,6.59,10.81,71.24,42.58,175.34,71.23,-217.91,9.4,3.6,Completed
SES-000691,2025-12-22,18,EV-082,Delhi,Delhi,Franchise,AC Level 2,Type 2,Taxi/Ride-share,Card,0.7,8.47,11.69,99.01,54.19,192.34,7.91,-155.43,40.2,3.4,Completed
SES-002979,2024-12-21,6,EV-077,Lucknow,Uttar Pradesh,Partner,DC Fast,CCS2,Corporate,UPI,0.59,29.89,12.27,366.75,165.02,124.3,54.35,23.08,26.7,4.0,Completed
SES-003345,2025-05-09,15,EV-009,Delhi,Delhi,Own,AC Level 2,CCS2,Corporate,UPI,1.18,14.31,11.12,159.13,94.64,110.37,68.21,-114.09,28.3,4.6,Cancelled
SES-004574,2024-08-03,19,EV-067,Ahmedabad,Gujarat,Own,AC Level 2,Type 2,Taxi/Ride-share,Card,1.87,27.84,9.33,259.75,193.0,154.94,16.7,-104.89,33.1,4.0,Completed
SES-000147,2024-02-28,10,EV-042,Lucknow,Uttar Pradesh,Partner,AC Level 2,Type 2,Private,UPI,1.97,21.1,11.08,233.79,111.91,148.09,19.84,-46.05,37.3,4.0,Completed
SES-004269,2024-05-29,7,EV-007,Jaipur,Rajasthan,Own,DC Ultra-Fast,Type 2,Corporate,Card,1.82,154.14,18.79,2896.29,948.88,120.58,52.99,1773.84,30.5,3.5,Completed
SES-000020,2025-12-02,20,EV-016,Mumbai,Maharashtra,Own,DC Fast,Type 2,Private,UPI,0.93,30.12,15.83,476.8,239.22,20.41,64.72,152.45,28.9,4.3,Completed
SES-002969,2024-09-23,19,EV-079,Mumbai,Maharashtra,Own,DC Ultra-Fast,Type 2,Fleet,UPI,3.31,180.0,17.96,3232.8,1141.86,246.64,63.93,1780.37,34.7,4.6,Completed
SES-002410,2025-07-31,7,EV-084,Hyderabad,Telangana,Own,AC Level 2,Type 2,Corporate,UPI,0.74,10.24,8.28,84.79,65.31,81.18,23.2,-84.9,46.1,4.7,Completed
SES-004825,2025-11-15,4,EV-090,Mumbai,Maharashtra,Own,AC Level 2,CCS2,Private,Card,1.88,31.83,8.85,281.7,199.08,136.45,44.84,-98.67,64.9,4.1,Completed
SES-001983,2025-11-03,14,EV-064,Delhi,Delhi,Own,AC Level 2,Type 2,Fleet,Card,1.88,34.03,8.7,296.06,189.29,78.5,26.55,1.72,61.3,4.1,Completed
SES-001808,2025-09-09,13,EV-082,Gurugram,Haryana,Franchise,DC Fast,CCS2,Private,UPI,3.05,171.53,14.57,2499.19,1053.68,142.23,68.63,1234.65,47.1,3.3,Completed
SES-001084,2025-03-19,0,EV-094,delhi,Delhi,Franchise,AC Level 2,Type 2,Private,UPI,2.07,35.02,8.47,296.62,271.61,20.43,42.72,-38.14,41.1,4.2,Completed
SES-000164,2025-10-22,23,EV-073,Hyderabad,Telangana,Partner,AC Level 2,CHAdeMO,Private,Card,0.73,12.3,10.27,126.32,72.69,200.56,12.88,-159.81,31.2,4.8,Completed
SES-002526,2024-09-13,0,EV-036,Hyderabad,Telangana,Franchise,AC Level 2,CCS2,Private,Corporate Account,0.41,7.87,8.58,67.52,48.59,105.09,5.95,-92.11,22.0,4.2,Completed
SES-003187,2025-01-20,14,EV-031,Mumbai,Maharashtra,Own,DC Fast,CCS2,Private,UPI,0.78,32.11,13.51,433.81,221.33,101.71,23.15,87.62,24.3,4.4,Completed
SES-003226,2024-02-04,22,EV-069,Mumbai,Maharashtra,Own,AC Level 2,CCS2,Fleet,Wallet,0.42,8.75,9.5,83.12,57.66,137.04,54.09,-165.67,6.3,4.0,Completed
SES-004414,2025-01-14,10,EV-050,Pune,Maharashtra,Franchise,DC Ultra-Fast,Type 2,Taxi/Ride-share,Card,0.69,51.64,16.02,827.27,438.91,122.52,76.45,189.39,32.1,2.9,Completed
SES-001863,2025-12-03,16,EV-053,Bengaluru,Karnataka,Franchise,DC Fast,Type 2,Taxi/Ride-share,Corporate Account,1.81,78.12,15.19,1186.64,646.34,212.72,19.59,307.99,54.8,4.0,Failed
SES-004457,2025-09-03,8,EV-008,Chennai,Tamil Nadu,Partner,AC Level 2,CCS2,Fleet,UPI,0.15,2.45,9.69,23.74,17.02,21.13,8.84,-23.25,2.0,3.5,Completed
SES-004584,2024-02-13,13,EV-076,Ahmedabad,Gujarat,Own,AC Level 2,CCS2,Private,Wallet,1.2,24.98,11.9,297.26,169.94,81.78,5.93,39.61,42.2,3.6,Completed
SES-004884,2024-04-19,9,EV-047,Pune,Maharashtra,Franchise,AC Level 2,Type 2,Fleet,UPI,1.77,26.79,10.03,268.7,189.91,147.8,34.75,-103.76,42.8,3.0,Completed
SES-001472,2024-10-11,16,EV-092,Ahmedabad,Gujarat,Own,AC Level 2,CCS2,Private,Card,0.94,10.65,10.79,114.91,87.57,215.92,50.07,-238.65,51.5,4.7,Completed
SES-002353,2025-10-03,8,EV-060,Ahmedabad,Gujarat,Partner,DC Ultra-Fast,CCS2,Fleet,Card,1.32,117.82,17.25,2032.4,873.91,74.47,8.29,1075.73,11.6,3.9,Completed
SES-002253,2025-05-04,15,EV-089,Gurugram,Haryana,Own,DC Fast,CCS2,Taxi/Ride-share,UPI,4.5,180.0,13.46,2422.8,1527.83,63.42,25.49,806.06,74.5,3.2,Completed
SES-000789,2025-11-01,23,EV-031,Ahmedabad,Gujarat,Partner,DC Ultra-Fast,CCS2,Private,UPI,0.91,77.84,16.54,1287.47,412.27,53.23,30.4,791.57,32.8,3.2,Completed
SES-000982,2024-12-14,11,EV-036,Mumbai,Maharashtra,Partner,DC Fast,CCS2,Private,Corporate Account,1.15,39.62,12.1,479.4,261.65,218.17,63.21,-63.63,21.4,3.8,Completed
SES-000428,2025-11-29,5,EV-079,Pune,Maharashtra,Own,DC Fast,CCS2,Taxi/Ride-share,UPI,1.69,68.47,11.05,756.59,450.55,118.21,31.0,156.83,48.7,4.1,Completed
SES-000895,2025-12-31,8,EV-063,Lucknow,Uttar Pradesh,Own,AC Level 2,CCS2,Taxi/Ride-share,UPI,1.53,24.96,8.85,220.9,140.67,210.39,30.04,-160.2,58.5,5.0,Completed
SES-002965,2025-09-09,15,EV-049,Gurugram,Haryana,Own,AC Level 2,Type 2,Fleet,Corporate Account,1.27,21.94,9.6,210.62,113.66,181.41,73.49,-157.94,47.3,4.5,Completed
SES-001244,2024-09-11,11,EV-041,Delhi,Delhi,Own,AC Level 2,CHAdeMO,Private,Card,2.22,45.95,8.05,369.9,340.37,41.57,6.38,-18.42,71.3,4.3,Completed
SES-000767,2024-04-15,19,EV-097,Lucknow,Uttar Pradesh,Own,DC Fast,CHAdeMO,Taxi/Ride-share,Corporate Account,0.69,35.43,12.83,454.57,217.13,195.34,9.1,33.0,35.1,5.0,Completed
SES-003864,2025-01-01,16,EV-062,Delhi,Delhi,Own,DC Fast,CCS2,Corporate,UPI,0.83,42.92,13.24,568.26,277.86,56.94,36.53,196.93,56.1,5.0,Completed
SES-000111,2025-01-17,11,EV-092,Delhi,Delhi,Own,DC Fast,CCS2,Fleet,Card,0.41,12.44,14.81,184.24,103.6,,55.49,-22.67,40.3,4.2,Completed
SES-000672,2024-07-02,17,EV-084,Delhi,Delhi,Own,AC Level 2,Type 2,Private,UPI,3.51,64.36,10.24,659.05,351.63,111.95,27.37,168.1,69.4,5.0,Completed
SES-003399,2024-02-17,14,EV-076,Delhi,Delhi,Own,AC Level 2,CCS2,Fleet,wallet,0.26,4.83,10.73,51.83,40.18,61.01,37.28,-86.64,2.0,3.4,Completed
SES-002031,2024-07-07,23,EV-055,Jaipur,Rajasthan,Own,AC Level 2,CCS2,Taxi/Ride-share,Wallet,0.93,17.93,10.28,184.32,125.06,184.56,72.23,-197.53,33.2,4.7,Completed
SES-001324,2024-03-22,12,EV-097,Mumbai,Maharashtra,Franchise,AC Level 2,Type 2,Taxi/Ride-share,UPI,0.99,18.83,8.11,152.71,115.51,175.19,32.64,-170.63,32.2,4.3,Completed
SES-003879,2024-04-22,19,EV-054,Chennai,Tamil Nadu,Own,DC Ultra-Fast,Type 2,Fleet,UPI,0.28,19.04,18.78,357.57,146.33,143.17,61.94,6.13,33.2,3.8,Completed
SES-003131,2025-05-26,5,EV-031,Chennai,Tamil Nadu,Partner,DC Fast,CCS2,Fleet,UPI,1.3,63.13,11.26,710.84,507.3,122.98,49.29,31.27,45.2,4.1,Completed
SES-002517,2024-05-15,21,EV-069,Lucknow,Uttar Pradesh,Franchise,AC Level 2,CCS2,Corporate,UPI,2.1,20.96,10.66,223.43,115.98,74.22,30.87,2.36,22.2,4.6,Completed
SES-002448,2024-04-12,16,EV-053,Hyderabad,Telangana,Partner,DC Fast,CHAdeMO,Taxi/Ride-share,Card,1.44,51.05,14.56,743.29,278.86,146.55,37.44,280.44,21.5,3.5,Completed
SES-001449,2025-02-26,16,EV-024,Pune,Maharashtra,Partner,DC Ultra-Fast,CCS2,Fleet,Corporate Account,0.76,92.24,16.51,1522.88,630.6,213.98,18.08,660.22,34.7,3.9,Completed
SES-003539,2025-09-29,13,EV-019,Delhi,Delhi,Franchise,AC Level 2,Type 2,Fleet,Wallet,0.51,6.54,11.55,75.54,35.19,169.15,43.29,-172.09,26.0,4.3,Completed
SES-000357,2024-02-07,11,EV-078,Gurugram,Haryana,Own,AC Level 2,Type 2,Taxi/Ride-share,Wallet,0.23,3.52,11.03,38.83,20.46,180.05,7.28,-168.96,13.8,3.8,Completed
SES-003243,2025-04-02,0,EV-057,Jaipur,Rajasthan,Franchise,AC Level 2,CCS2,Private,UPI,0.81,8.35,8.27,69.05,57.28,49.12,42.21,-79.56,31.0,4.5,Completed
SES-002425,2024-09-12,16,EV-095,Gurugram,Haryana,Own,AC Level 2,CCS2,Private,Card,1.05,17.51,8.23,144.11,106.43,87.79,41.42,-91.53,27.5,3.3,Completed
SES-003574,2024-12-27,4,EV-006,Hyderabad,Telangana,Own,AC Level 2,CCS2,Private,UPI,2.27,35.7,9.27,330.94,276.82,88.42,66.38,-100.68,46.7,4.4,Completed
SES-000614,2025-11-02,23,EV-067,Hyderabad,Telangana,Own,DC Fast,CCS2,Private,UPI,0.85,24.43,15.85,387.22,159.77,62.41,21.67,143.37,18.7,3.9,Completed
SES-000793,2024-04-11,16,EV-045,Bengaluru,Karnataka,Own,DC Fast,CCS2,Private,UPI,0.42,22.63,15.1,341.71,156.04,75.65,61.97,48.05,11.1,5.0,Completed
SES-003292,2025-09-28,12,EV-050,Gurugram,Haryana,Own,DC Ultra-Fast,Type 2,Taxi/Ride-share,Card,1.35,124.83,15.98,1994.78,675.72,303.25,23.85,991.96,37.5,4.7,Completed
SES-001120,2024-09-20,17,EV-080,Chennai,Tamil Nadu,Partner,DC Fast,CCS2,Fleet,UPI,0.2,9.06,13.77,124.76,63.91,186.4,44.06,-169.61,2.0,3.9,Completed
SES-003437,2024-03-02,10,EV-098,Pune,Maharashtra,Franchise,DC Ultra-Fast,CHAdeMO,Private,Wallet,3.48,180.0,15.29,2752.2,930.14,212.11,67.54,1542.41,24.6,4.9,Completed
SES-000841,2025-04-08,3,EV-073,Ahmedabad,Gujarat,Franchise,AC Level 2,CCS2,Private,Corporate Account,2.93,55.15,10.36,571.35,345.46,130.18,18.36,77.35,67.2,3.0,Completed
SES-000158,2025-11-05,7,EV-032,Bengaluru,Karnataka,Franchise,AC Level 2,CCS2,Private,UPI,2.68,55.54,11.15,619.27,430.73,29.08,69.13,90.33,66.2,3.8,Completed
SES-002419,2024-10-28,16,EV-022,Hyderabad,Telangana,Own,DC Fast,Type 2,Fleet,UPI,2.15,117.75,11.34,1335.28,851.39,187.54,19.97,276.38,70.7,3.6,Completed
SES-004945,2024-02-14,8,EV-058,Gurugram,Haryana,Own,DC Fast,CCS2,Taxi/Ride-share,Corporate Account,2.74,81.79,13.97,1142.61,541.15,53.84,64.19,483.43,51.9,4.2,Completed
SES-001432,2024-09-20,18,EV-096,Bengaluru,Karnataka,Own,DC Fast,Type 2,Private,UPI,2.82,159.47,12.22,1948.72,1209.08,121.66,68.56,549.42,87.2,4.3,Completed
SES-004744,2025-08-22,15,EV-073,Mumbai,Maharashtra,Own,DC Fast,Type 2,Taxi/Ride-share,Wallet,1.67,84.75,11.42,967.84,497.28,87.36,71.0,312.2,53.7,4.1,Completed
SES-004385,2025-03-21,15,EV-084,Hyderabad,Telangana,Own,AC Level 2,CCS2,Taxi/Ride-share,Corporate Account,0.72,9.49,10.74,101.92,52.76,156.66,63.93,-171.43,39.6,4.7,Completed
SES-000490,2025-04-20,5,EV-046,Mumbai,Maharashtra,Franchise,AC Level 2,CCS2,Private,Card,0.34,5.36,9.37,50.22,44.99,27.06,29.49,-51.32,2.0,4.5,Completed
SES-002783,2024-08-29,16,EV-029,Jaipur,Rajasthan,Own,DC Fast,CCS2,Fleet,UPI,0.73,41.32,12.63,521.87,305.28,201.52,7.86,7.21,31.0,4.4,Completed
SES-003312,2024-08-02,1,EV-097,Mumbai,Maharashtra,Own,AC Level 2,CCS2,Private,UPI,1.12,18.37,8.38,153.94,102.16,114.73,64.88,-127.83,29.3,4.4,Completed
SES-002022,2025-01-22,18,EV-052,Delhi,Delhi,Own,DC Fast,CHAdeMO,Private,UPI,0.66,35.08,15.42,540.93,267.68,34.55,68.3,170.4,29.3,4.1,Failed
SES-001694,2024-01-02,20,EV-009,Mumbai,Maharashtra,Own,DC Fast,Type 2,Private,Wallet,1.54,67.46,14.88,1003.8,467.56,176.31,69.26,290.67,58.8,4.9,Completed
SES-000384,2025-07-10,13,EV-026,Gurugram,Haryana,Own,AC Level 2,Type 2,Taxi/Ride-share,Card,1.6,22.07,11.22,247.63,110.52,133.5,64.74,-61.13,52.1,4.0,Completed
SES-004036,2024-03-30,19,EV-016,Delhi,Delhi,Own,DC Ultra-Fast,CCS2,Private,Corporate Account,0.61,65.52,18.35,1202.29,494.06,150.12,5.56,552.55,5.3,4.2,Completed
SES-001524,2024-08-12,19,EV-006,Bengaluru,Karnataka,Own,DC Ultra-Fast,CCS2,Fleet,Card,1.63,180.0,18.95,3411.0,1166.52,186.19,60.4,1997.89,37.5,4.3,Completed
SES-000154,2024-04-15,3,EV-027,Jaipur,Rajasthan,Own,AC Level 2,CHAdeMO,Fleet,Wallet,1.01,11.95,10.0,119.5,72.49,201.5,32.64,-187.13,13.2,3.4,Completed
SES-002833,2024-01-30,20,EV-068,Chennai,Tamil Nadu,Own,DC Ultra-Fast,CCS2,Fleet,UPI,0.56,54.85,14.46,793.13,301.62,100.23,53.75,337.53,15.0,3.8,Completed
SES-003334,2024-11-11,6,EV-058,Jaipur,Rajasthan,Own,DC Fast,CCS2,Corporate,UPI,1.07,37.53,11.08,415.83,301.85,185.67,47.06,-118.75,28.1,4.7,Completed
SES-001262,2024-03-14,15,EV-057,Lucknow,Uttar Pradesh,Franchise,AC Level 2,CCS2,Private,Card,1.02,14.37,8.92,128.18,103.22,147.55,59.25,-181.84,17.4,4.1,Completed
SES-003828,2024-12-14,4,EV-020,Bengaluru,Karnataka,Partner,DC Fast,CCS2,Taxi/Ride-share,UPI,0.85,42.44,14.13,599.68,283.84,50.76,45.86,219.22,20.6,4.8,Completed
SES-004146,2025-08-26,13,EV-056,Lucknow,Uttar Pradesh,Own,DC Fast,Type 2,Corporate,Wallet,0.29,8.99,15.42,138.63,49.26,135.74,52.63,-99.0,8.1,4.8,Completed
SES-000286,2024-03-07,19,EV-075,Jaipur,Rajasthan,Own,DC Ultra-Fast,Type 2,Fleet,Card,1.46,175.23,14.6,2558.36,1349.21,37.5,73.86,1097.79,32.5,3.0,Completed
SES-003992,2024-05-31,16,EV-010,Mumbai,Maharashtra,Own,DC Fast,CHAdeMO,Private,UPI,0.32,14.99,11.07,165.94,87.61,71.28,54.69,-47.64,18.1,3.5,Completed
SES-000414,2024-03-13,16,EV-083,Delhi,Delhi,Franchise,DC Fast,CCS2,Corporate,UPI,1.04,55.1,12.43,684.89,317.26,193.11,12.12,162.4,36.0,3.8,Completed
SES-000781,2025-05-07,3,EV-050,Ahmedabad,Gujarat,Franchise,DC Fast,CCS2,Taxi/Ride-share,Corporate Account,1.21,44.82,14.07,630.62,243.1,177.56,11.77,198.19,51.2,4.6,Completed
SES-002506,2025-09-09,11,EV-001,Pune,Maharashtra,Own,AC Level 2,CCS2,Private,Card,0.33,5.97,9.52,56.83,40.97,194.06,30.11,-208.31,26.0,4.0,Cancelled
SES-001408,2024-08-20,0,EV-013,Lucknow,Uttar Pradesh,Own,AC Level 2,CCS2,Private,Corporate Account,1.52,25.12,11.13,279.59,177.02,197.99,70.58,-166.0,39.8,4.6,Completed
SES-004893,2024-03-21,8,EV-020,Ahmedabad,Gujarat,Franchise,AC Level 2,Type 2,Taxi/Ride-share,Wallet,1.65,17.46,10.97,191.54,118.34,47.01,12.96,13.23,34.9,3.6,Completed
SES-000280,2024-10-04,22,EV-072,Ahmedabad,Gujarat,Own,DC Fast,Type 2,Taxi/Ride-share,UPI,0.64,25.41,11.22,285.1,168.13,96.76,17.35,2.86,38.6,4.8,Completed
SES-002612,2024-04-22,9,EV-092,Mumbai,Maharashtra,Partner,DC Fast,Type 2,Fleet,UPI,0.87,46.82,15.61,730.86,268.86,26.48,21.48,414.04,7.0,4.2,Completed
SES-002678,2024-06-16,17,EV-079,Mumbai,Maharashtra,Franchise,DC Fast,CHAdeMO,Private,Wallet,0.46,25.27,11.24,284.03,153.9,42.83,23.05,64.25,29.9,3.4,Completed
SES-004054,2025-01-01,12,EV-013,Gurugram,Haryana,Own,AC Level 2,CCS2,Private,UPI,0.52,6.14,9.77,59.99,33.2,38.06,49.79,-61.06,36.2,4.9,Completed
SES-000321,2025-10-22,3,EV-039,Chennai,Tamil Nadu,Franchise,AC Level 2,Type 2,Private,Corporate Account,0.9,15.37,11.7,179.83,117.2,67.99,46.34,-51.7,22.9,4.8,Completed
SES-004678,2024-03-02,5,EV-079,Hyderabad,Telangana,Own,DC Fast,CCS2,Private,Card,1.37,64.34,14.88,957.38,512.42,111.67,75.74,257.55,56.3,4.0,Completed
SES-001059,2025-01-04,13,EV-095,Pune,Maharashtra,Own,AC Level 2,CHAdeMO,Private,Wallet,0.43,6.25,11.75,73.44,45.74,173.87,76.65,-222.82,20.4,4.3,Completed
SES-000525,2024-05-20,5,EV-012,Ahmedabad,Gujarat,Own,AC Level 2,CCS2,Private,UPI,0.92,19.07,8.37,159.62,127.57,190.19,44.4,-202.54,15.6,4.3,Completed
SES-004803,2025-11-04,7,EV-081,Delhi,Delhi,Partner,AC Level 2,CCS2,Private,UPI,2.03,33.93,8.6,291.8,277.97,63.16,55.07,-104.4,34.4,4.8,Completed
SES-003454,2024-05-16,1,EV-028,Mumbai,Maharashtra,Partner,AC Level 2,CHAdeMO,Corporate,Card,0.63,11.68,11.67,136.31,65.81,32.36,54.28,-16.14,64.2,4.1,Completed
SES-001996,2025-03-30,3,EV-095,Bengaluru,Karnataka,Own,,CCS2,Private,Card,1.21,12.68,9.32,118.18,98.77,113.9,15.87,-110.36,28.8,4.5,Completed
SES-000322,2025-02-08,21,EV-004,Ahmedabad,Gujarat,Franchise,DC Fast,CCS2,Taxi/Ride-share,UPI,0.51,13.88,11.6,161.01,90.54,123.24,47.06,-99.83,39.5,4.4,Completed
SES-003880,2025-06-28,10,EV-076,Hyderabad,Telangana,Own,AC Level 2,CCS2,Fleet,Wallet,0.29,5.9,10.48,61.83,37.09,119.71,33.17,-128.14,31.0,3.0,Completed
SES-003379,2025-09-14,18,EV-038,Jaipur,Rajasthan,Own,AC Level 2,Type 2,Corporate,UPI,0.6,8.08,9.67,78.13,59.09,120.13,10.84,-111.93,25.2,4.5,Completed
SES-004814,2024-10-08,1,EV-050,Delhi,Delhi,Partner,AC Level 2,CCS2,Private,Card,1.1,18.71,8.75,163.71,123.56,90.35,22.07,-72.27,29.5,3.3,Completed
SES-003987,2024-07-20,21,EV-025,Delhi,Delhi,Partner,DC Fast,CHAdeMO,Fleet,UPI,1.49,78.76,14.43,1136.51,537.34,95.49,30.96,472.72,42.9,4.0,Completed
SES-002532,2025-05-11,5,EV-074,Bengaluru,Karnataka,Franchise,DC Ultra-Fast,CCS2,Private,Card,0.83,104.19,18.18,1894.17,681.72,295.08,64.89,852.48,45.0,3.3,Completed
SES-004182,2024-10-26,2,EV-088,Chennai,Tamil Nadu,Franchise,AC Level 2,Type 2,Private,Card,0.21,3.04,8.16,24.81,18.41,103.55,54.21,-151.36,10.9,4.9,Completed
SES-000172,2025-11-04,5,EV-020,Delhi,Delhi,Partner,AC Level 2,CHAdeMO,Private,UPI,0.42,8.35,8.79,73.4,57.13,200.67,45.4,-229.8,33.7,4.4,Completed
SES-003117,2025-07-30,5,EV-066,Bengaluru,Karnataka,Own,DC Fast,CHAdeMO,,UPI,1.23,53.42,13.25,707.82,391.52,37.07,50.28,228.95,28.2,3.9,Completed
SES-004564,2025-06-17,1,EV-082,Jaipur,Rajasthan,Partner,DC Fast,CCS2,Private,Corporate Account,2.12,111.83,13.76,1538.78,779.64,76.49,67.79,614.86,43.9,3.2,Completed
SES-003406,2024-03-26,8,EV-075,Delhi,Delhi,Own,AC Level 2,CCS2,Corporate,UPI,1.51,22.52,8.69,195.7,112.91,160.3,55.01,-132.52,32.0,4.4,Completed
SES-004264,2025-04-30,22,EV-039,Hyderabad,Telangana,Own,AC Level 2,Type 2,Private,Card,0.36,5.97,11.89,70.98,37.75,104.05,64.14,-134.96,19.2,4.4,Completed
SES-002522,2025-05-04,0,EV-061,Lucknow,Uttar Pradesh,Own,DC Ultra-Fast,CCS2,Corporate,UPI,1.18,104.98,19.3,2026.11,859.38,221.78,9.37,935.58,27.3,4.3,Completed
SES-004303,2024-04-22,23,EV-058,Pune,Maharashtra,Own,DC Ultra-Fast,CCS2,Corporate,UPI,0.71,94.28,15.38,1450.03,549.07,192.79,32.87,675.3,23.1,2.8,Completed
SES-004462,2025-03-11,4,EV-038,Mumbai,Maharashtra,Own,DC Ultra-Fast,Type 2,Corporate,Card,1.81,180.0,19.21,3457.8,970.0,277.62,18.89,2191.29,41.9,3.7,Completed
SES-000440,2025-07-22,19,EV-081,Jaipur,Rajasthan,Franchise,DC Fast,CHAdeMO,Private,Card,0.15,6.32,12.81,80.96,35.52,23.94,65.52,-44.02,10.3,4.4,Completed
SES-004746,2024-07-05,16,EV-039,Bengaluru,Karnataka,Franchise,DC Fast,CHAdeMO,Taxi/Ride-share,Card,2.5,115.05,14.55,1673.98,583.07,56.65,24.08,1010.18,44.1,4.5,Completed
SES-000035,2025-07-16,7,EV-022,Ahmedabad,Gujarat,Own,AC Level 2,Type 2,Private,UPI,1.05,17.73,8.57,151.95,127.3,164.99,65.47,-205.81,42.7,4.7,Completed
SES-002613,2025-01-31,6,EV-072,Bengaluru,Karnataka,Own,DC Fast,Type 2,Fleet,Wallet,1.23,69.33,13.66,947.05,410.69,49.2,53.6,433.56,54.3,4.1,Completed
SES-003212,2024-10-30,22,EV-036,Lucknow,Uttar Pradesh,Own,DC Fast,Type 2,Private,UPI,0.81,34.28,14.81,507.69,209.42,68.23,64.99,165.05,47.9,4.5,Failed
SES-003756,2025-06-25,11,EV-052,Delhi,Delhi,Franchise,AC Level 2,CCS2,Corporate, UPI ,0.48,6.75,10.44,70.47,46.38,85.73,7.13,-68.77,3.5,4.7,Completed
SES-000058,2025-06-25,21,EV-068,Chennai,Tamil Nadu,Franchise,DC Fast,CCS2,Taxi/Ride-share,UPI,3.68,161.28,13.73,2214.37,996.17,28.83,41.35,1148.02,84.5,4.8,Completed
SES-004622,2024-08-24,14,EV-088,Chennai,Tamil Nadu,Partner,DC Fast,CCS2,Private,UPI,0.15,6.02,15.95,96.02,48.94,76.83,6.77,-36.52,42.2,3.8,Completed
SES-001673,2024-08-26,12,EV-053,Bengaluru,Karnataka,Franchise,DC Fast,CCS2,Fleet,,0.15,4.82,11.44,55.14,34.5,122.85,78.31,-180.52,16.6,4.0,Completed
SES-000600,2025-01-28,5,EV-006,Delhi,Delhi,Franchise,DC Ultra-Fast,CCS2,Private,Card,0.52,39.19,16.17,633.7,320.26,212.79,37.25,63.4,24.1,4.8,Completed
SES-000339,2025-02-02,10,EV-072,Jaipur,Rajasthan,Partner,DC Ultra-Fast,CCS2,Private,UPI,1.22,168.01,15.71,2639.44,1198.51,210.11,28.14,1202.68,38.3,4.8,Cancelled
SES-004955,2025-07-07,2,EV-035,,Maharashtra,Own,AC Level 2,CCS2,Private,UPI,0.32,3.58,11.59,41.49,26.85,110.78,5.01,-101.15,5.1,3.1,Completed
SES-000732,2025-11-14,5,EV-098,Mumbai,Maharashtra,Own,AC Level 2,Type 2,Private,Card,1.44,16.42,8.97,147.29,117.21,135.49,72.61,-178.02,40.6,3.5,Completed
SES-003409,2025-02-27,15,EV-021,Jaipur,Rajasthan,Franchise,AC Level 2,CHAdeMO,Private,Wallet,0.95,12.25,9.12,111.72,96.15,133.2,42.17,-159.8,26.8,4.5,Completed
SES-003097,2025-01-30,11,EV-067,Delhi,Delhi,Own,DC Fast,CCS2,Taxi/Ride-share,Wallet,0.58,32.91,15.18,499.57,210.2,164.87,75.68,48.82,30.6,4.4,Completed
SES-001247,2024-08-19,20,EV-065,Hyderabad,Telangana,Partner,DC Fast,CCS2,Taxi/Ride-share,Wallet,0.45,14.87,11.02,163.87,108.5,202.17,59.57,-206.37,25.0,5.0,Completed
SES-002653,2024-01-25,19,EV-081,Lucknow,Uttar Pradesh,Partner,DC Fast,CCS2,Corporate,UPI,1.26,71.42,11.29,806.33,433.26,159.53,78.02,135.52,44.0,3.5,Completed
SES-000576,2024-12-14,15,EV-009,Ahmedabad,Gujarat,Own,AC Level 2,CCS2,Fleet,Corporate Account,0.9,12.78,10.87,138.92,96.97,171.08,69.36,-198.49,21.8,3.6,Completed
SES-000619,2025-03-18,1,EV-077,Pune,Maharashtra,Own,DC Fast,CHAdeMO,Corporate,Wallet,2.51,115.63,15.32,1771.45,774.08,183.98,55.99,757.4,46.0,5.0,Failed
SES-001237,2025-07-27,7,EV-062,Mumbai,Maharashtra,Franchise,AC Level 2,CHAdeMO,Fleet,Corporate Account,1.21,17.63,10.3,181.59,117.43,89.24,65.36,-90.44,43.1,4.3,Completed
SES-000095,2025-12-10,4,EV-001,,Gujarat,Franchise,AC Level 2,CHAdeMO,Corporate,Card,1.28,25.87,11.92,308.37,165.68,120.75,38.92,-16.98,44.1,3.5,Completed
SES-002047,2025-01-13,5,EV-078,Mumbai,Maharashtra,Partner,DC Fast,CCS2,Private,UPI,0.52,18.19,15.95,290.13,115.22,58.91,31.36,84.64,43.6,4.1,Completed
SES-001742,2025-05-18,6,EV-093,Bengaluru,Karnataka,Partner,AC Level 2,Type 2,Fleet,UPI,0.29,4.09,9.72,39.75,23.53,194.1,42.98,-220.86,27.9,3.3,Completed
SES-004068,2024-09-02,1,EV-078,Gurugram,Haryana,Own,DC Fast,CCS2,Taxi/Ride-share,UPI,1.27,37.51,15.0,562.65,311.38,183.6,6.78,60.89,45.3,4.6,Completed
SES-002400,2025-04-20,21,EV-017,Chennai,Tamil Nadu,Own,DC Fast,CCS2,Taxi/Ride-share,Wallet,1.88,106.22,14.24,1512.57,680.1,207.41,43.7,581.36,54.7,4.4,Completed
SES-002900,2024-07-13,22,EV-024,Delhi,Delhi,Franchise,AC Level 2,CCS2,Private,UPI,1.84,32.68,9.85,321.9,211.35,103.73,61.64,-54.82,35.6,4.1,Completed
SES-004546,2024-05-09,15,EV-017,Gurugram,Haryana,Franchise,AC Level 2,Type 2,Private,UPI,0.76,12.58,8.17,102.78,80.16,126.78,78.31,-182.47,22.7,3.8,Completed
SES-000049,2024-12-07,1,EV-050,Ahmedabad,Gujarat,Franchise,DC Fast,CCS2,Taxi/Ride-share,UPI,1.48,49.88,13.43,669.89,367.64,127.01,58.71,116.53,26.9,4.3,Completed
SES-000563,2025-09-24,1,EV-025,Bengaluru,Karnataka,Franchise,DC Fast,CHAdeMO,Taxi/Ride-share,Card,1.4,60.2,14.52,874.1,308.14,29.65,67.71,468.6,51.5,4.1,Completed
SES-003389,2024-04-25,15,EV-018,Chennai,Tamil Nadu,Own,DC Ultra-Fast,CCS2,Fleet,Corporate Account,0.68,66.6,18.05,1202.13,515.19,179.0,11.95,495.99,31.1,4.0,Completed
SES-003137,2025-02-17,13,EV-092,Jaipur,Rajasthan,Partner,AC Level 2,CCS2,Private,Corporate Account,0.29,3.55,8.18,29.04,24.47,131.51,18.71,-145.65,24.5,3.5,Completed
SES-002373,2024-08-01,12,EV-003,Bengaluru,Karnataka,Partner,AC Level 2,CHAdeMO,Private,Corporate Account,0.16,2.3,10.32,23.74,14.49,165.95,78.06,-234.76,6.1,4.3,Completed
SES-004966,2025-03-07,7,EV-095,Bengaluru,Karnataka,Own,AC Level 2,Type 2,Taxi/Ride-share,UPI,1.29,25.9,10.39,269.1,141.15,32.0,23.67,72.28,67.0,3.9,Completed
SES-000772,2024-04-06,15,EV-045,Hyderabad,Telangana,Franchise,DC Ultra-Fast,Type 2,Taxi/Ride-share,UPI,0.61,42.77,15.71,671.92,286.14,228.73,46.19,110.86,42.7,3.5,Completed
SES-002838,2024-07-14,17,EV-037,Bengaluru,Karnataka,Franchise,DC Fast,Type 2,Private,UPI,0.24,9.41,14.9,140.21,56.17,156.09,60.0,-132.05,14.2,4.9,Completed
SES-001473,2024-01-05,23,EV-019,Pune,Maharashtra,Franchise,DC Ultra-Fast,CCS2,Private,Corporate Account,0.15,17.98,17.39,312.67,144.63,94.73,16.01,57.3,38.8,4.0,Completed
SES-004109,2024-01-08,3,EV-070,Delhi,Delhi,Franchise,DC Ultra-Fast,CHAdeMO,Fleet,Card,0.52,51.95,18.07,938.74,269.88,246.89,31.31,390.66,27.1,4.0,Completed
SES-003451,2024-12-15,3,EV-096,Jaipur,Rajasthan,Own,AC Level 2,CCS2,Corporate,UPI,0.95,17.2,11.77,202.44,133.64,29.72,60.95,-21.87,52.2,4.8,Completed
SES-004658,2024-07-26,2,EV-080,Gurugram,Haryana,Franchise,DC Fast,Type 2,Private,Card,0.64,34.69,11.14,386.45,278.05,109.77,20.91,-22.28,38.4,3.3,Completed
SES-003614,2025-04-13,1,EV-055,Delhi,Delhi,Franchise,DC Ultra-Fast,CCS2,Taxi/Ride-share,Corporate Account,0.79,78.07,14.02,1094.54,614.4,242.01,42.1,196.03,2.0,3.1,Completed
SES-000899,2025-12-01,3,EV-099,Chennai,Tamil Nadu,Own,AC Level 2,Type 2,Taxi/Ride-share,UPI,2.15,21.37,10.54,225.24,110.32,118.23,68.81,-72.12,35.9,4.0,Completed
SES-000438,2024-12-08,12,EV-007,Pune,Maharashtra,Own,DC Ultra-Fast,CCS2,Taxi/Ride-share,Wallet,2.86,180.0,17.57,3162.6,1348.97,284.76,69.91,1458.96,40.4,4.0,Completed
SES-000350,2025-08-30,12,EV-083,Mumbai,Maharashtra,Franchise,DC Ultra-Fast,CCS2,Taxi/Ride-share,UPI,1.87,180.0,16.65,2997.0,1101.59,174.23,63.85,1657.33,42.5,4.9,Completed
SES-004212,2025-09-09,20,EV-051,Bengaluru,Karnataka,Own,AC Level 2,CCS2,Private,Wallet,0.16,2.0,9.34,18.68,10.88,77.77,56.14,-126.11,18.5,4.6,Completed
SES-004196,2024-07-26,10,EV-024,Lucknow,Uttar Pradesh,Partner,AC Level 2,CCS2,Private,Card,0.95,14.7,11.06,162.58,82.89,197.18,58.75,-176.24,46.5,3.6,Completed
SES-002723,2025-06-10,6,EV-054,Jaipur,Rajasthan,Own,DC Fast,CCS2,Private,UPI,0.82,46.73,11.02,514.96,387.55,131.61,28.85,-33.05,57.8,4.4,Completed
SES-000400,2024-02-22,21,EV-049,Jaipur,Rajasthan,Franchise,AC Level 2,CCS2,Private,UPI,0.32,4.22,11.49,48.49,23.74,179.87,32.76,-187.88,13.5,3.0,Completed
SES-000744,2025-04-08,0,EV-060,Bengaluru,Karnataka,Own,DC Fast,CCS2,Fleet,UPI,0.84,36.21,15.38,556.91,204.22,169.09,79.22,104.38,39.4,4.3,Completed
SES-004198,2025-12-07,6,EV-095,Jaipur,Rajasthan,Own,AC Level 2,CCS2,Private,Card,0.36,5.98,10.22,61.12,42.98,34.02,21.97,-37.85,4.4,4.5,Completed
SES-001376,2025-10-31,23,EV-006,Gurugram,Haryana,Franchise,DC Ultra-Fast,CCS2,Private,UPI,0.96,105.39,15.17,1598.77,566.78,182.81,58.46,790.72,33.9,3.8,Completed
SES-002669,2024-08-12,15,EV-035,Jaipur,Rajasthan,Own,DC Fast,CCS2,Taxi/Ride-share,Card,1.81,73.34,15.07,1105.23,599.94,182.73,62.71,259.85,59.5,4.3,Completed
SES-002390,2024-04-26,0,EV-032,Mumbai,Maharashtra,Partner,DC Fast,CCS2,Private,Corporate Account,1.15,49.29,13.95,687.6,268.34,159.05,36.87,223.34,24.8,4.6,Completed
SES-000112,2024-09-14,4,EV-053,Bengaluru,Karnataka,Own,DC Ultra-Fast,CCS2,Private,Wallet,1.01,104.62,18.18,1901.99,854.59,207.97,36.07,803.36,30.9,5.0,Completed
SES-002234,2024-04-28,23,EV-004,Jaipur,Rajasthan,Own,AC Level 2,CCS2,Fleet,Wallet,0.52,7.54,10.6,79.92,47.81,195.71,54.21,-217.81,20.2,3.8,Completed
SES-003013,2024-10-05,7,EV-023,Gurugram,Haryana,Franchise,AC Level 2,CCS2,Fleet,UPI,0.24,2.79,11.12,31.02,20.02,104.65,29.54,-123.19,23.2,4.2,Completed
SES-000039,2024-04-22,15,EV-073,Mumbai,Maharashtra,Franchise,AC Level 2,CCS2,Private,UPI,1.02,14.3,11.39,162.88,116.19,69.58,26.09,-48.98,18.2,3.4,Completed
SES-002712,2024-01-22,6,EV-004,Bengaluru,Karnataka,Own,AC Level 2,CCS2,Taxi/Ride-share,UPI,0.78,12.97,9.78,126.85,97.38,95.19,44.39,-110.11,22.2,4.5,Completed
SES-004972,2024-08-21,22,EV-019,Lucknow,Uttar Pradesh,Partner,AC Level 2,CCS2,Taxi/Ride-share,UPI,1.48,17.32,9.23,159.86,124.9,212.3,11.98,-189.32,35.3,4.6,Cancelled
SES-003073,2024-04-04,9,EV-060,Ahmedabad,Gujarat,Partner,DC Fast,Type 2,Fleet,UPI,1.0,52.76,14.37,758.16,336.79,183.89,45.64,191.84,34.0,4.7,Completed
SES-001849,2024-05-11,1,EV-037,Lucknow,Uttar Pradesh,Partner,DC Fast,CCS2,Private,Card,0.29,15.8,11.22,177.28,96.96,81.16,38.33,-39.17,36.8,4.2,Completed
SES-001212,2025-11-21,23,EV-009,Mumbai,Maharashtra,Franchise,DC Fast,Type 2,Private,Wallet,1.04,41.03,11.93,489.49,346.61,171.86,23.16,-52.14,32.6,3.9,Completed
SES-001830,2024-06-22,8,EV-077,Jaipur,Rajasthan,Partner,DC Ultra-Fast,CCS2,Taxi/Ride-share,Card,1.26,171.43,19.47,3337.74,1396.86,311.85,67.13,1561.9,51.2,4.2,Completed
SES-000710,2024-10-19,5,EV-065,Hyderabad,Telangana,Franchise,DC Fast,Type 2,Private,Wallet,0.46,16.66,11.69,194.76,134.74,51.03,62.56,-53.57,44.7,4.8,Completed
SES-002201,2025-07-23,1,EV-096,Ahmedabad,Gujarat,Own,DC Fast,CCS2,Fleet,UPI,1.59,69.9,14.95,1045.01,440.88,41.29,78.92,483.92,41.3,3.7,Completed
SES-004885,2024-01-18,23,EV-038,Ahmedabad,Gujarat,Franchise,AC Level 2,CCS2,Private,Card,1.54,23.2,8.94,207.41,160.78,59.61,46.33,-59.31,36.4,3.4,Completed
SES-003380,2025-04-30,15,EV-023,Chennai,Tamil Nadu,Own,DC Fast,CCS2,Private,Card,2.44,117.19,13.7,1605.5,728.48,29.57,47.46,799.99,70.8,3.8,Completed
SES-004728,2025-05-31,18,EV-091,Delhi,Delhi,Franchise,DC Fast,CCS2,Private,UPI,0.25,13.29,13.07,173.7,107.18,72.29,32.23,-38.0,33.7,4.1,Completed
SES-003795,2024-02-09,6,EV-006,Mumbai,Maharashtra,Franchise,DC Fast,CCS2,Private,Card,0.61,24.67,12.66,312.32,157.13,68.74,72.67,13.78,36.5,3.5,Completed
SES-004060,2025-10-07,8,EV-078,Chennai,Tamil Nadu,Franchise,DC Fast,Type 2,Corporate,Wallet,1.21,36.7,15.38,564.45,227.37,36.83,11.51,288.74,14.4,4.7,Completed
SES-004717,2024-03-06,3,EV-022,Lucknow,Uttar Pradesh,Own,AC Level 2,Type 2,Private,Corporate Account,0.27,5.3,9.93,52.63,42.24,43.65,24.12,-57.38,38.1,5.0,Completed
SES-002746,2024-01-22,19,EV-018,Delhi,Delhi,Own,AC Level 2,CHAdeMO,Private,UPI,0.81,9.64,11.64,112.21,48.61,195.4,32.23,-164.03,14.2,4.6,Completed
SES-004213,2025-07-01,16,EV-035,Ahmedabad,Gujarat,Own,DC Fast,CCS2,Fleet,Card,0.15,6.98,15.82,110.42,37.43,85.2,59.61,-71.82,13.7,2.6,Completed
SES-002035,2025-08-20,12,EV-041,Bengaluru,Karnataka,Own,AC Level 2,CHAdeMO,Fleet,Card,0.54,8.36,10.51,87.86,57.12,131.07,17.9,-118.23,36.0,3.3,Completed
SES-001477,2025-02-21,21,EV-089,Ahmedabad,Gujarat,Own,DC Fast,CCS2,Private,Wallet,1.47,50.52,12.94,653.73,289.5,96.37,56.64,211.22,16.6,4.4,Completed
SES-003991,2025-09-09,10,EV-018,Lucknow,Uttar Pradesh,Franchise,AC Level 2,Type 2,Private,UPI,1.58,15.85,10.45,165.63,117.5,20.76,15.98,11.39,19.1,3.4,Completed
SES-001945,2024-05-15,2,EV-035,Gurugram,Haryana,Own,DC Fast,CCS2,Private,Wallet,1.0,50.25,14.56,731.64,293.02,184.01,55.65,198.96,23.7,4.3,Completed
SES-000501,2025-06-22,13,EV-094,Lucknow,Uttar Pradesh,Franchise,DC Fast,CHAdeMO,Private,Card,1.56,85.7,11.78,1009.55,443.76,159.39,28.31,378.09,33.9,4.6,Completed
SES-000337,2024-07-22,2,EV-083,Mumbai,Maharashtra,Franchise,AC Level 2,CCS2,Corporate,UPI,0.27,4.16,11.4,47.42,23.76,133.85,54.03,-164.22,17.0,3.8,Completed
SES-003344,2024-11-22,20,EV-026,Gurugram,Haryana,Own,DC Ultra-Fast,Type 2,Taxi/Ride-share,Card,1.5,180.0,14.67,2640.6,1415.44,255.01,40.75,929.4,43.4,3.6,Completed
SES-001312,2025-05-11,11,EV-070,Mumbai,Maharashtra,Own,AC Level 2,CCS2,Taxi/Ride-share,Card,1.81,35.85,11.45,410.48,221.87,70.84,59.44,58.33,76.6,3.5,Completed
SES-000795,2024-07-11,21,EV-049,Lucknow,Uttar Pradesh,Own,DC Ultra-Fast,Type 2,Private,UPI,2.47,180.0,14.56,2620.8,1473.76,84.57,54.54,1007.93,35.9,4.0,Completed
SES-002718,2024-07-26,16,EV-001,Bengaluru,Karnataka,Own,DC Ultra-Fast,CCS2,Private,UPI,0.28,24.93,14.61,364.23,159.13,139.71,17.54,47.85,48.8,3.8,Completed
SES-000749,2024-09-25,5,EV-086,Bengaluru,Karnataka,Franchise,AC Level 2,Type 2,Taxi/Ride-share,UPI,0.34,5.34,11.24,60.02,38.19,22.75,7.18,-8.1,29.8,3.7,Completed
SES-001310,2025-03-16,8,EV-081,Bengaluru,Karnataka,Partner,AC Level 2,CCS2,Taxi/Ride-share,Wallet,0.87,14.48,9.57,138.57,106.32,133.22,78.32,-179.29,35.3,3.8,Completed
SES-004836,2025-10-22,18,EV-034,Lucknow,Uttar Pradesh,Franchise,AC Level 2,Type 2,Fleet,Corporate Account,1.1,22.87,8.33,190.51,163.51,175.35,37.97,-186.32,53.0,4.0,Completed
SES-002447,2024-04-07,23,EV-092,Hyderabad,Telangana,Partner,AC Level 2,CCS2,Private,Card,3.36,69.83,11.49,802.35,454.3,181.04,9.3,157.71,67.1,3.8,Completed
SES-001066,2025-09-07,3,EV-079,Pune,Maharashtra,Own,AC Level 2,Type 2,Corporate,UPI,1.87,25.71,10.49,269.7,188.04,164.33,77.28,-159.95,39.5,4.5,Completed
SES-002855,2024-09-04,17,EV-057,Delhi,Delhi,Own,AC Level 2,CCS2,Private,Wallet,0.9,11.76,8.1,95.26,96.04,161.04,17.68,-179.5,32.2,3.9,Completed
SES-004811,2024-04-22,3,EV-023,Bengaluru,Karnataka,Franchise,AC Level 2,Type 2,Fleet,Card,1.68,34.16,10.97,374.74,201.15,136.77,24.59,12.23,38.9,3.3,Completed
SES-004336,2025-07-29,23,EV-070,Hyderabad,Telangana,Own,DC Fast,CCS2,Taxi/Ride-share,Card,3.83,117.45,11.87,1394.13,836.39,153.6,64.44,339.7,53.2,3.9,Completed
SES-001050,2025-09-13,14,EV-096,Mumbai,Maharashtra,Partner,AC Level 2,CCS2,Private,UPI,1.07,14.0,9.89,138.46,114.0,186.98,65.72,-228.24,53.6,4.2,Completed
SES-000232,2024-10-27,1,EV-012,Delhi,Delhi,Own,DC Fast,CCS2,Private,UPI,0.24,9.17,11.89,109.03,72.23,57.76,73.18,-94.14,30.2,4.7,Completed
SES-002395,2025-11-13,4,EV-080,Mumbai,Maharashtra,Own,DC Fast,CCS2,Corporate,Corporate Account,2.48,136.71,11.74,1604.98,1159.7,50.9,15.3,379.08,67.8,3.8,Completed
SES-000693,2024-06-20,1,EV-066,Pune,Maharashtra,Partner,AC Level 2,CHAdeMO,Fleet,Card,1.59,17.55,8.18,143.56,115.35,63.35,63.76,-98.9,39.6,4.1,Completed
SES-000208,2024-08-07,6,EV-080,Bengaluru,Karnataka,Partner,DC Fast,CCS2,Private,UPI,1.48,67.04,14.7,985.49,497.56,206.07,57.6,224.26,18.4,4.2,Completed
SES-003508,2025-06-07,3,EV-047,Chennai,Tamil Nadu,Own,AC Level 2,CCS2,Private,UPI,1.98,39.24,11.9,466.96,309.05,176.0,40.44,-58.53,51.1,4.3,Completed
SES-004123,2025-04-13,2,EV-011,Delhi,Delhi,Own,DC Fast,CCS2,Taxi/Ride-share,UPI,0.56,21.67,11.65,252.46,125.46,136.49,77.38,-86.87,35.6,4.8,Completed
SES-000943,2024-11-19,17,EV-083,Jaipur,Rajasthan,Franchise,AC Level 2,CCS2,Private,Wallet,1.78,35.96,8.93,321.12,261.32,74.46,42.27,-56.93,54.6,4.4,Cancelled
SES-004961,2025-02-18,13,EV-032,Lucknow,Uttar Pradesh,Own,DC Fast,Type 2,Private,UPI,1.03,54.98,13.99,769.17,415.28,82.64,73.12,198.13,49.2,4.0,Completed
SES-002438,2025-04-28,15,EV-098,Delhi,Delhi,Own,AC Level 2,CCS2,Fleet,UPI,0.59,12.24,11.32,138.56,101.26,158.12,43.09,-163.91,30.0,4.5,Completed
SES-003972,2024-09-04,21,EV-083,Jaipur,Rajasthan,Own,AC Level 2,Type 2,Private,UPI,2.32,47.9,9.83,470.86,372.2,98.88,37.03,-37.25,66.1,4.6,Failed
SES-002030,2024-09-13,20,EV-069,Pune,Maharashtra,Partner,DC Fast,CCS2,Taxi/Ride-share,Corporate Account,0.51,25.3,15.42,390.13,148.55,48.37,66.27,126.94,16.9,3.7,Completed
SES-003874,2025-09-19,6,EV-062,Chennai,Tamil Nadu,Franchise,DC Fast,CCS2,Corporate,UPI,0.76,26.62,14.68,390.78,183.5,108.02,32.77,66.49,44.6,3.7,Completed
SES-004979,2025-03-02,7,EV-026,Jaipur,Rajasthan,Own,AC Level 2,CCS2,Private,UPI,0.76,13.18,9.03,119.02,68.93,129.29,70.88,-150.08,24.7,4.4,Completed
SES-003217,2025-06-25,12,EV-041,Jaipur,Rajasthan,Franchise,DC Fast,CCS2,Taxi/Ride-share,Card,2.46,135.53,15.1,2046.5,790.22,63.55,70.31,1122.42,42.5,4.1,Completed
SES-003546,2024-09-24,13,EV-045,Jaipur,Rajasthan,Own,DC Ultra-Fast,CHAdeMO,Fleet,UPI,1.19,105.9,17.42,1844.78,869.69,243.15,43.19,688.75,22.8,4.6,Completed
SES-002596,2025-09-03,3,EV-028,Chennai,Tamil Nadu,Own,DC Fast,CCS2,Corporate,Wallet,0.95,27.66,14.63,404.67,166.47,82.1,28.4,127.7,12.5,4.6,Completed
SES-000087,2024-02-25,5,EV-017,Bengaluru,Karnataka,Own,AC Level 2,CHAdeMO,Taxi/Ride-share,Corporate Account,0.33,3.47,8.11,28.14,24.41,135.81,16.55,-148.63,18.3,5.0,Completed
SES-001291,2025-11-05,19,EV-059,Jaipur,Rajasthan,Own,DC Ultra-Fast,CCS2,Private,UPI,1.57,180.0,14.42,2595.6,936.03,149.61,24.92,1485.04,37.1,3.6,Completed
SES-003751,2024-04-12,2,EV-039,Hyderabad,Telangana,Partner,AC Level 2,CCS2,Private,Wallet,0.9,14.57,11.41,166.24,104.15,61.65,55.86,-55.42,24.1,3.4,Completed
SES-000970,2024-06-09,13,EV-092,Pune,Maharashtra,Own,DC Fast,CHAdeMO,Fleet,UPI,0.94,38.15,14.52,553.94,192.33,167.25,21.99,172.37,45.9,3.5,Completed
SES-003922,2024-04-06,16,EV-035,Bengaluru,Karnataka,Own,DC Ultra-Fast,CCS2,Taxi/Ride-share,UPI,2.42,180.0,17.98,3236.4,1160.79,43.52,8.96,2023.13,50.2,3.1,Completed
SES-002743,2025-05-19,12,EV-050,Delhi,Delhi,Own,DC Ultra-Fast,CHAdeMO,Fleet,UPI,1.84,180.0,17.61,3169.8,1494.39,126.01,71.54,1477.86,22.5,3.7,Completed
SES-000262,2024-01-27,5,EV-087,Mumbai,Maharashtra,Own,DC Fast,CCS2,Taxi/Ride-share,Card,0.55,15.68,15.99,250.72,93.84,36.56,12.66,107.66,17.2,5.0,Completed
SES-000923,2025-06-09,16,EV-095,Hyderabad,Telangana,Own,AC Level 2,CCS2,Fleet,Card,0.46,6.06,8.8,53.33,33.75,175.54,76.69,-232.65,22.9,3.9,Completed
SES-002774,2025-05-19,18,EV-051,Ahmedabad,Gujarat,Franchise,DC Ultra-Fast,CHAdeMO,Private,UPI,1.77,180.0,19.67,3540.6,1364.45,143.37,76.08,1956.7,38.7,3.7,Completed
SES-004672,2024-07-05,2,EV-023,Mumbai,Maharashtra,Own,DC Fast,Type 2,Private,Corporate Account,1.34,52.79,12.97,684.69,334.99,122.82,7.58,219.3,39.8,5.0,Completed
SES-002735,2024-04-19,16,EV-053,Mumbai,Maharashtra,Franchise,DC Fast,CCS2,Private,Wallet,1.7,86.56,15.85,1371.98,680.6,190.95,41.25,459.18,38.5,4.4,Completed
SES-002924,2024-01-31,18,EV-030,Delhi,Delhi,Partner,AC Level 2,Type 2,Corporate,UPI,1.14,16.31,10.4,169.62,83.25,141.21,49.45,-104.29,50.6,4.3,Completed
SES-004532,2024-11-02,11,EV-028,Jaipur,Rajasthan,Franchise,AC Level 2,CHAdeMO,Taxi/Ride-share,Card,2.1,42.11,10.48,441.31,215.94,35.48,5.46,184.43,59.3,3.6,Completed
SES-000042,2025-07-02,7,EV-070,Mumbai,Maharashtra,Partner,AC Level 2,CCS2,Private,Corporate Account,1.4,14.95,11.9,177.9,98.68,129.56,42.31,-92.65,57.3,3.2,Completed
SES-003835,2025-12-04,0,EV-075,Hyderabad,Telangana,Own,DC Ultra-Fast,CCS2,Fleet,UPI,0.25,26.11,16.95,442.56,141.52,30.46,44.91,225.67,23.2,4.0,Completed
SES-002920,2025-09-20,21,EV-022,Lucknow,Uttar Pradesh,Franchise,DC Ultra-Fast,CCS2,Fleet,Corporate Account,0.68,48.53,17.59,853.64,244.45,196.06,37.16,375.97,47.1,3.4,Completed
SES-001634,2024-02-08,13,EV-010,Bengaluru,Karnataka,Franchise,DC Fast,CCS2,Private,UPI,0.41,17.52,12.8,224.26,90.86,25.22,51.6,56.58,28.8,4.9,Completed
SES-002846,2024-08-21,16,EV-009,Delhi,Delhi,Own,DC Fast,CHAdeMO,Corporate,UPI,0.69,36.94,15.4,568.88,296.37,184.63,30.06,57.82,47.7,4.4,Completed
SES-002860,2024-06-27,1,EV-062,Lucknow,Uttar Pradesh,Own,DC Ultra-Fast,CHAdeMO,Private,Wallet,0.33,38.4,19.05,731.52,310.41,114.38,32.03,274.7,3.4,4.5,Completed
SES-000552,2025-07-02,11,EV-068,Bengaluru,Karnataka,Franchise,AC Level 2,CHAdeMO,Fleet,Wallet,1.0,14.8,9.4,139.12,89.4,152.15,21.71,-124.14,17.2,4.7,Completed
SES-004833,2025-12-07,23,EV-015,Mumbai,Maharashtra,Own,DC Ultra-Fast,CCS2,Fleet,UPI,0.87,122.76,19.46,2388.91,969.71,146.07,77.1,1196.03,43.9,3.3,Completed
SES-002769,2024-05-17,6,EV-059,Pune,Maharashtra,Own,DC Fast,Type 2,Private,Card,0.93,28.92,13.83,399.96,230.59,84.49,74.3,10.58,26.7,4.1,Completed
SES-003031,2025-12-01,13,EV-034,Hyderabad,Telangana,Franchise,DC Ultra-Fast,CCS2,Fleet,UPI,0.88,109.5,19.74,2161.53,674.96,151.98,5.6,1328.99,34.7,4.3,Cancelled
SES-000131,2025-12-29,1,EV-016,Hyderabad,Telangana,Own,AC Level 2,Type 2,Private,Card,0.2,3.68,11.44,42.1,29.81,177.59,75.97,-241.27,22.3,4.8,Completed
SES-002494,2024-11-25,6,EV-046,Pune,Maharashtra,Franchise,DC Fast,Type 2,Fleet,UPI,0.9,26.82,11.16,299.31,218.16,206.42,25.67,-150.94,14.4,4.2,Completed
SES-004983,2025-07-16,11,EV-073,Delhi,Delhi,Own,DC Fast,CCS2,Private,UPI,0.33,10.43,11.36,118.48,67.68,166.49,10.14,-125.83,24.6,4.7,Completed
SES-001594,2025-08-30,11,EV-052,Chennai,Tamil Nadu,Own,AC Level 2,CCS2,Private,UPI,1.55,20.55,8.29,170.36,155.9,71.6,31.01,-88.15,40.2,4.9,Completed
SES-003252,2025-06-13,10,EV-056,Delhi,Delhi,Franchise,AC Level 2,CCS2,Private,Card,2.2,40.76,8.45,344.42,315.01,195.67,59.61,-225.87,50.6,4.1,Completed
SES-003174,2024-04-28,4,EV-035,Bengaluru,Karnataka,Own,AC Level 2,Type 2,Private,UPI,0.91,16.02,10.29,164.85,81.88,200.87,57.8,-175.7,43.8,3.0,Completed
SES-002426,2024-10-27,6,EV-064,Pune,Maharashtra,Own,DC Ultra-Fast,CCS2,Private,UPI,0.45,47.36,18.93,896.52,286.52,243.79,42.35,323.86,39.0,2.3,Completed
SES-003711,2025-12-10,12,EV-024,Delhi,Delhi,Own,DC Fast,CCS2,Private,Wallet,0.79,38.21,13.24,505.9,266.75,219.6,49.05,-29.5,42.4,3.2,Completed
SES-004853,2024-05-25,4,EV-097,Delhi,Delhi,Own,AC Level 2,Type 2,Fleet,Card,0.27,5.45,9.7,52.86,37.15,36.83,12.78,-33.9,26.6,5.0,Completed
SES-002666,2024-10-06,15,EV-065,Jaipur,Rajasthan,Own,DC Ultra-Fast,Type 2,Taxi/Ride-share,UPI,1.34,137.32,17.14,2353.66,1119.25,243.04,60.72,930.65,34.7,4.0,Completed
SES-002497,2024-01-10,12,EV-036,Bengaluru,Karnataka,Own,DC Fast,Type 2,Private,Corporate Account,0.21,8.41,14.67,123.37,47.16,146.35,42.43,-112.57,9.6,3.9,Completed
SES-003963,2024-07-09,23,EV-077,Gurugram,Haryana,Partner,AC Level 2,CCS2,Private,UPI,1.67,24.46,10.66,260.74,177.68,105.68,51.19,-73.81,34.0,5.0,Completed
SES-002394,2025-07-12,22,EV-050,Ahmedabad,Gujarat,Franchise,DC Fast,CCS2,Taxi/Ride-share,UPI,1.33,58.67,11.37,,429.98,142.97,38.31,55.82,27.2,4.3,Completed
SES-002005,2024-09-21,16,EV-028,Delhi,Delhi,Own,AC Level 2,CCS2,Private,UPI,1.22,18.16,8.05,146.19,121.32,53.34,78.08,-106.55,38.4,3.6,Cancelled
SES-002682,2025-10-10,0,EV-011,Delhi,Delhi,Own,DC Ultra-Fast,CHAdeMO,Private,UPI,0.99,89.35,19.43,1736.07,494.16,81.0,31.01,1129.9,33.8,4.1,Completed
SES-004171,2025-10-02,0,EV-011,Jaipur,Rajasthan,Partner,DC Fast,Type 2,Corporate,Card,0.62,19.31,12.55,242.34,111.0,61.18,21.39,48.77,21.9,3.9,Completed
SES-002544,2024-10-10,20,EV-016,Mumbai,Maharashtra,Own,AC Level 2,Type 2,Fleet,Wallet,0.56,10.86,11.57,125.65,75.04,178.6,33.44,-161.43,42.4,3.9,Completed
SES-002816,2025-01-28,12,EV-057,Hyderabad,Telangana,Partner,AC Level 2,CCS2,Taxi/Ride-share,Card,1.62,22.01,9.19,202.27,126.65,29.35,67.99,-21.72,47.0,4.3,Completed
SES-003599,2024-07-07,21,EV-008,Mumbai,Maharashtra,Own,AC Level 2,CHAdeMO,Private,Card,0.45,7.04,10.8,76.03,55.0,166.48,57.01,-202.46,34.0,4.5,Completed
SES-004238,2024-09-02,11,EV-001,Mumbai,Maharashtra,Own,AC Level 2,CCS2,Fleet,card,2.14,26.58,11.35,301.68,161.85,32.99,43.67,63.17,18.0,3.6,Completed
SES-002574,2025-07-26,3,EV-020,Bengaluru,Karnataka,Own,DC Fast,Type 2,Taxi/Ride-share,UPI,1.14,39.58,13.44,531.96,218.25,167.21,73.42,73.08,13.8,3.5,Completed
SES-001943,2025-05-29,9,EV-091,Delhi,Delhi,Own,AC Level 2,CCS2,Taxi/Ride-share,Corporate Account,0.53,10.38,10.32,107.12,70.92,32.97,76.32,-73.09,24.5,4.1,Completed
SES-001078,2025-09-13,14,EV-077,Ahmedabad,Gujarat,Own,DC Fast,Type 2,Taxi/Ride-share,UPI,2.07,57.0,13.82,787.74,338.52,57.63,41.98,349.61,57.2,4.1,Failed
SES-003799,2025-05-25,4,EV-054,Lucknow,Uttar Pradesh,Partner,AC Level 2,CCS2,Corporate,UPI,0.85,9.81,11.42,112.03,71.65,100.3,6.63,-66.55,28.3,4.5,Completed
SES-004164,2024-11-17,11,EV-043,Bengaluru,Karnataka,Own,DC Fast,Type 2,Private,UPI,1.75,89.22,11.1,990.34,689.84,186.64,48.29,65.57,39.9,4.4,Completed
SES-004488,2025-05-30,23,EV-070,Gurugram,Haryana,Own,DC Ultra-Fast,Type 2,Private,Card,2.73,180.0,14.7,2646.0,1225.04,91.62,66.71,1262.63,45.5,3.7,Completed
SES-000377,2024-01-06,22,EV-047,Hyderabad,Telangana,Franchise,DC Fast,CCS2,Taxi/Ride-share,Corporate Account,0.96,29.5,15.82,466.69,183.36,143.92,22.84,116.57,19.0,3.6,Completed
SES-004113,2025-08-02,12,EV-046,Gurugram,Haryana,Franchise,DC Fast,Type 2,Private,Wallet,0.53,27.12,15.26,413.85,218.3,177.35,48.16,-29.96,23.2,4.0,Completed
SES-003674,2024-05-29,5,EV-053,Lucknow,Uttar Pradesh,Franchise,DC Fast,CCS2,Private,Wallet,1.32,38.53,11.85,456.58,296.06,42.1,55.53,62.89,19.1,5.0,Completed
SES-001311,2025-05-03,5,EV-012,Jaipur,Rajasthan,Own,AC Level 2,CCS2,Private,Corporate Account,0.76,14.73,8.51,125.35,94.54,197.92,72.4,-239.51,30.5,4.3,Completed
SES-002150,2025-07-07,1,EV-036,Mumbai,Maharashtra,Partner,DC Fast,Type 2,Private,UPI,2.05,81.15,13.6,1103.64,463.08,85.28,50.34,504.94,44.0,3.9,Completed
SES-001363,2024-09-17,10,EV-071,Jaipur,Rajasthan,Own,AC Level 2,CCS2,Taxi/Ride-share,Card,0.45,7.1,11.79,83.71,50.01,100.84,5.03,-72.17,24.5,3.8,Failed
SES-003452,2024-02-27,7,EV-007,Bengaluru,Karnataka,Franchise,AC Level 2,CHAdeMO,Private,UPI,0.35,6.99,11.5,80.39,43.31,106.95,41.08,-110.95,21.9,5.0,Completed
SES-000395,2025-06-07,0,EV-054,Gurugram,Haryana,Own,DC Fast,CCS2,Taxi/Ride-share,UPI,0.58,16.77,11.31,189.67,84.15,92.55,17.5,-4.53,38.6,4.0,Completed
SES-001178,2024-06-04,18,EV-056,Jaipur,Rajasthan,Own,,Type 2,Private,UPI,0.7,27.3,14.6,398.58,218.31,172.76,59.52,-52.01,12.7,4.2,Completed
SES-003693,2024-09-22,23,EV-093,Lucknow,Uttar Pradesh,Franchise,AC Level 2,CCS2,Corporate,UPI,0.92,17.79,9.04,160.82,142.27,122.41,40.86,-144.72,46.6,4.7,Completed
SES-004279,2025-12-25,15,EV-090,Chennai,Tamil Nadu,Franchise,DC Fast,CCS2,Private,Card,0.51,17.65,11.56,204.03,114.07,54.11,37.13,-1.28,17.3,4.4,Completed
SES-000419,2025-11-01,22,EV-035,Pune,Maharashtra,Own,DC Ultra-Fast,CCS2,Fleet,UPI,0.99,140.09,17.32,2426.36,795.73,288.7,18.39,1323.54,25.5,4.3,Completed
SES-003785,2024-07-04,12,EV-073,Pune,Maharashtra,Franchise,DC Fast,Type 2,Private,UPI,0.82,42.47,13.75,583.96,290.85,167.65,47.46,78.0,52.2,2.7,Completed
SES-000914,2025-02-27,2,EV-040,Jaipur,Rajasthan,Partner,DC Ultra-Fast,Type 2,Taxi/Ride-share,Corporate Account,0.73,93.69,16.27,1524.34,686.79,112.93,27.88,696.74,28.5,4.9,Completed
SES-000276,2025-11-19,16,EV-045,Delhi,Delhi,Partner,AC Level 2,CCS2,Private,Wallet,1.44,25.46,11.08,282.1,176.03,101.65,60.52,-56.1,44.5,3.7,Completed
SES-001858,2025-04-08,5,EV-094,Chennai,Tamil Nadu,Own,AC Level 2,CCS2,Private,UPI,0.71,12.11,9.99,120.98,79.03,218.33,23.83,-200.21,42.1,3.9,Completed
SES-004782,2025-01-05,21,EV-012,Mumbai,Maharashtra,Own,AC Level 2,Type 2,Taxi/Ride-share,Wallet,0.29,5.05,10.76,54.34,25.25,130.6,59.16,-160.67,28.7,4.5,Completed
SES-001926,2025-07-15,8,EV-004,Gurugram,Haryana,Partner,DC Fast,CCS2,Private,Card,1.85,50.13,14.93,748.44,310.38,199.02,52.89,186.15,22.4,4.4,Completed
SES-000540,2025-07-10,15,EV-018,Delhi,Delhi,Partner,DC Fast,CCS2,Private,UPI,1.0,55.43,12.33,683.45,366.48,209.61,40.55,66.81,27.8,4.6,Completed
SES-003000,2024-02-03,12,EV-029,Ahmedabad,Gujarat,Own,AC Level 2,Type 2,Private,Card,0.84,10.75,11.94,128.35,86.37,180.41,5.79,-144.22,32.7,4.3,Completed
SES-001868,2025-07-08,14,EV-097,Lucknow,Uttar Pradesh,Own,AC Level 2,CCS2,Corporate,UPI,1.19,13.16,9.04,118.97,92.29,54.11,16.42,-43.85,32.3,3.9,Completed
SES-000329,2024-01-15,6,EV-060,Delhi,Delhi,Own,AC Level 2,CHAdeMO,Taxi/Ride-share,Wallet,1.99,20.67,9.31,192.44,167.0,161.31,25.64,-161.51,44.6,4.2,Completed
SES-003576,2025-08-12,11,EV-093,Chennai,Tamil Nadu,Own,AC Level 2,CCS2,Taxi/Ride-share,UPI,0.86,15.06,10.61,159.79,112.29,189.33,65.75,-207.58,19.4,3.1,Completed
SES-002813,2024-11-14,0,EV-093,Jaipur,Rajasthan,Partner,DC Fast,CCS2,Corporate,UPI,0.79,23.52,15.0,352.8,159.41,134.59,69.52,-10.72,19.2,3.2,Completed
SES-004572,2025-07-03,13,EV-095,Delhi,Delhi,Franchise,AC Level 2,CCS2,Private,Card,1.9,38.59,8.07,311.42,202.75,44.11,39.9,24.66,43.5,4.8,Completed
SES-000503,2025-04-01,21,EV-018,Delhi,Delhi,Own,DC Fast,CCS2,Corporate,UPI,1.87,78.93,13.93,1099.49,422.82,38.68,77.73,560.26,45.8,4.6,Completed
SES-001463,2024-11-16,23,EV-004,Bengaluru,Karnataka,Own,DC Ultra-Fast,CHAdeMO,Taxi/Ride-share,Wallet,0.63,44.68,16.73,747.5,246.07,203.82,29.82,267.79,31.4,4.3,Completed
SES-004517,2025-06-02,23,EV-035,Chennai,Tamil Nadu,Own,AC Level 2,CCS2,Corporate,UPI,1.8,37.14,9.68,359.52,292.58,130.67,21.89,-85.62,63.4,2.9,Completed
SES-004320,2024-05-15,11,EV-041,Hyderabad,Telangana,Own,AC Level 2,CCS2,Taxi/Ride-share,Corporate Account,1.72,26.28,8.69,228.37,216.95,209.48,22.09,-220.15,39.3,4.1,Completed
SES-000363,2024-05-06,3,EV-038,Chennai,Tamil Nadu,Franchise,AC Level 2,CCS2,Taxi/Ride-share,Corporate Account,2.06,32.58,9.76,317.98,264.96,95.94,58.69,-101.61,49.6,,Completed
SES-003755,2024-10-06,5,EV-081,Delhi,Delhi,Own,AC Level 2,Type 2,Taxi/Ride-share,UPI,0.88,14.62,8.87,129.68,106.37,114.07,18.77,-109.53,26.8,4.1,Completed
SES-003198,2024-05-28,15,EV-039,Delhi,Delhi,Own,DC Fast,Type 2,Private,UPI,1.23,58.05,11.23,651.9,330.72,162.45,65.67,93.06,28.7,2.8,Completed
SES-001135,2024-06-27,17,EV-016,Pune,Maharashtra,Partner,DC Fast,CCS2,Taxi/Ride-share,Card,0.44,22.23,13.5,300.1,152.34,57.83,58.43,31.5,35.6,5.0,Completed
SES-000468,2024-06-11,3,EV-008,Mumbai,Maharashtra,Own,AC Level 2,CCS2,Private,UPI,1.46,19.58,8.27,161.93,132.57,126.67,24.56,-121.87,46.0,4.8,Completed
SES-004315,2024-05-19,1,EV-099,Pune,Maharashtra,Own,DC Ultra-Fast,CCS2,Corporate,UPI,1.51,180.0,19.54,3517.2,1228.32,80.82,14.03,2194.03,25.0,4.7,Completed
SES-000248,2025-07-29,15,EV-005,Jaipur,Rajasthan,Franchise,AC Level 2,Type 2,Private,UPI,1.73,29.47,10.25,302.07,163.65,38.25,48.89,51.28,41.9,4.0,Completed
SES-004375,2025-12-04,14,EV-020,Hyderabad,Telangana,Own,DC Ultra-Fast,CCS2,Taxi/Ride-share,Card,1.73,180.0,16.93,3047.4,1255.56,262.84,30.27,1498.73,35.2,3.4,Completed
SES-004843,2025-12-27,16,EV-092,Bengaluru,Karnataka,Own,AC Level 2,CCS2,Taxi/Ride-share,UPI,1.49,21.29,11.68,248.67,113.75,205.39,58.35,-128.82,40.9,4.0,Completed
SES-003906,2024-07-03,8,EV-021,Pune,Maharashtra,Own,AC Level 2,CCS2,Fleet,Card,0.8,15.37,10.75,165.23,87.48,112.69,79.25,-114.19,34.1,4.0,Completed
SES-000777,2024-09-10,12,EV-040,Hyderabad,Telangana,Own,AC Level 2,CCS2,Fleet,Corporate Account,1.28,15.7,11.16,175.21,98.45,114.49,5.42,-43.15,40.4,5.0,Completed
SES-001564,2025-05-24,14,EV-073,Jaipur,Rajasthan,Franchise,AC Level 2,CCS2,Fleet,Corporate Account,0.83,8.58,9.09,77.99,56.79,38.79,46.85,-64.44,36.9,4.7,Completed
SES-003395,2024-11-08,11,EV-009,Chennai,Tamil Nadu,Franchise,AC Level 2,CHAdeMO,Private,Corporate Account,0.96,15.5,9.88,153.14,84.18,130.32,56.87,-118.23,30.6,4.6,Completed
SES-001069,2025-03-22,2,EV-027,Delhi,Delhi,Franchise,DC Fast,CCS2,Taxi/Ride-share,UPI,0.4,20.69,11.16,230.9,114.02,146.61,32.56,-62.29,19.8,3.9,Completed
SES-002934,2024-11-25,16,EV-079,Bengaluru,Karnataka,Own,DC Fast,CCS2,Fleet,Card,0.31,16.8,12.97,217.9,137.13,116.88,78.73,-114.84,36.7,5.0,Failed
SES-000531,2024-01-16,6,EV-076,Ahmedabad,Gujarat,Own,DC Fast,Type 2,Private,Card,1.43,61.68,13.13,809.86,356.91,54.46,76.18,322.31,35.3,4.5,Completed
SES-000711,2025-12-04,20,EV-051,Lucknow,Uttar Pradesh,Partner,DC Fast,CCS2,Private,Corporate Account,0.8,42.39,15.29,648.14,297.06,64.88,72.45,213.75,33.2,3.3,Completed
SES-002787,2025-03-02,12,EV-099,Jaipur,Rajasthan,Own,DC Fast,CCS2,Taxi/Ride-share,Wallet,3.37,132.68,12.34,1637.27,1001.6,204.49,8.95,422.23,71.8,4.5,Completed
SES-004827,2025-07-28,1,EV-044,Pune,Maharashtra,Own,DC Ultra-Fast,CCS2,Corporate,Card,1.06,87.81,14.44,1267.98,634.2,199.28,74.57,359.93,35.2,3.9,Completed
SES-003091,2025-05-19,9,EV-067,Bengaluru,Karnataka,Partner,AC Level 2,CCS2,Corporate,Wallet,0.22,4.14,8.58,35.52,27.69,57.42,65.9,-115.49,5.3,3.3,Completed
SES-001091,2025-12-10,9,EV-093,Mumbai,Maharashtra,Own,AC Level 2,CCS2,Private,Corporate Account,1.1,20.8,9.93,206.54,146.65,101.84,64.65,-106.6,46.1,3.9,Completed
SES-001275,2024-11-24,21,EV-091,Pune,Maharashtra,Franchise,AC Level 2,Type 2,Corporate,UPI,1.04,15.57,8.4,130.79,115.88,49.77,30.35,-65.21,12.4,3.6,Completed
SES-001042,2024-11-19,1,EV-100,Bengaluru,Karnataka,Own,AC Level 2,CCS2,Private,UPI,1.2,23.77,8.6,204.42,135.27,201.41,6.93,-139.19,49.2,4.2,Completed
SES-003159,2025-09-01,7,EV-032,Bengaluru,Karnataka,Franchise,AC Level 2,Type 2,Taxi/Ride-share,Card,0.19,2.41,11.65,28.08,19.88,162.01,28.91,-182.72,31.6,3.8,Completed
SES-000415,2025-12-18,8,EV-097,Hyderabad,Telangana,Own,DC Fast,CHAdeMO,Corporate,UPI,0.77,40.28,11.01,443.48,251.42,74.73,11.37,105.96,24.7,4.1,Completed
SES-003975,2025-07-09,8,EV-066,Chennai,Tamil Nadu,Partner,DC Fast,CCS2,Fleet,Card,0.98,37.15,14.2,527.53,252.93,77.95,55.21,141.44,15.8,3.6,Completed
SES-002091,2024-01-26,7,EV-054,Lucknow,Uttar Pradesh,Own,DC Fast,CCS2,Private,UPI,0.49,13.99,13.42,187.75,106.55,42.07,59.47,-20.34,14.4,3.6,Completed
SES-004596,2024-08-26,12,EV-027,Lucknow,Uttar Pradesh,Own,DC Fast,CCS2,Fleet,UPI,1.77,97.57,14.43,1407.94,524.73,63.07,48.81,771.33,59.9,4.9,Completed
SES-001339,2024-07-03,18,EV-091,Gurugram,Haryana,Own,DC Ultra-Fast,CCS2,Fleet,UPI,1.14,81.74,16.16,1320.92,437.76,64.22,38.85,780.09,34.8,4.1,Completed
SES-004990,2024-04-26,12,EV-092,Gurugram,Haryana,Own,DC Fast,CHAdeMO,Private,Card,2.11,119.79,11.29,1352.43,859.23,162.72,19.77,310.71,70.2,5.0,Completed
SES-002541,2024-09-17,17,EV-015,Hyderabad,Telangana,Franchise,DC Fast,Type 2,Taxi/Ride-share,Corporate Account,1.41,63.53,11.05,702.01,488.65,215.38,47.38,-49.4,40.7,3.7,Cancelled
SES-004851,2024-09-15,13,EV-063,Ahmedabad,Gujarat,Own,DC Fast,CCS2,Private,Wallet,1.01,43.47,15.78,685.96,309.22,145.64,29.82,201.28,35.7,3.3,Completed
SES-002660,2025-03-08,2,EV-088,Jaipur,Rajasthan,Partner,DC Ultra-Fast,CCS2,Corporate,UPI,0.64,61.98,18.79,1164.6,406.38,187.54,28.31,542.37,29.7,2.6,Completed
SES-002242,2024-11-17,11,EV-078,Delhi,Delhi,Own,DC Fast,CCS2,Corporate,Card,1.5,71.41,12.98,926.9,449.01,53.32,57.69,366.88,41.7,4.2,Completed
SES-003069,2025-08-02,16,EV-046,Pune,Maharashtra,Franchise,AC Level 2,Type 2,Taxi/Ride-share,UPI,1.64,21.55,8.97,193.3,122.4,69.55,73.48,-72.13,18.7,4.4,Completed
SES-001605,2025-05-22,0,EV-048,Lucknow,Uttar Pradesh,Own,DC Fast,CCS2,Private,UPI,0.41,14.46,12.65,182.92,94.44,23.47,58.09,6.92,27.8,5.0,Completed
SES-004816,2025-09-29,1,EV-033,Jaipur,Rajasthan,Own,AC Level 2,CCS2,Corporate,UPI,1.15,22.79,10.69,243.63,172.77,132.81,55.96,-117.91,54.0,4.3,Completed
SES-002314,2025-07-23,6,EV-021,Mumbai,Maharashtra,Own,AC Level 2,CCS2,Private,Card,1.08,14.07,8.09,113.83,101.92,26.94,54.86,-69.89,2.0,4.3,Completed
SES-003641,2024-08-17,3,EV-080,Hyderabad,Telangana,Partner,DC Ultra-Fast,CHAdeMO,Corporate,Card,1.01,100.28,19.68,1973.51,598.61,198.49,50.09,1126.32,16.8,5.0,Completed
SES-004349,2025-08-16,1,EV-026,Pune,Maharashtra,Franchise,DC Fast,CCS2,Taxi/Ride-share,Card,1.47,59.21,13.3,787.49,372.13,150.04,33.05,232.27,9.3,4.2,Completed
SES-003122,2025-04-10,14,EV-069,Pune,Maharashtra,Franchise,DC Fast,CHAdeMO,Corporate,Card,1.06,57.67,14.66,845.44,423.54,208.25,61.27,152.38,35.1,4.6,Completed
SES-002822,2025-12-05,12,EV-003,Hyderabad,Telangana,Own,AC Level 2,CCS2,Private,UPI,1.27,21.52,11.8,253.94,116.44,177.72,32.52,-72.74,54.6,4.4,Completed
SES-003702,2024-02-20,6,EV-055,Chennai,Tamil Nadu,Own,AC Level 2,CCS2,Taxi/Ride-share,UPI,0.98,10.17,9.2,93.56,65.35,21.66,23.62,-17.07,24.5,3.7,Completed
SES-000671,2025-02-08,17,EV-096,Bengaluru,Karnataka,Partner,DC Fast,CCS2,Private,Card,0.23,6.25,14.43,90.19,40.41,83.91,28.06,-62.19,30.4,4.3,Completed
SES-001659,2024-05-24,19,EV-081,Lucknow,Uttar Pradesh,Own,AC Level 2,CCS2,Taxi/Ride-share,Card,0.59,6.51,8.27,53.84,41.24,102.65,32.42,-122.47,3.9,3.6,Completed
SES-003204,2024-09-21,7,EV-044,Hyderabad,Telangana,Own,AC Level 2,Type 2,Private,Card,0.61,7.4,10.98,81.25,41.3,154.59,36.92,-151.56,28.7,3.6,Completed
SES-002274,2025-05-11,15,EV-034,Delhi,Delhi,Own,AC Level 2,Type 2,Corporate,Card,1.37,26.74,9.58,256.17,136.37,116.76,42.69,-39.65,56.2,4.3,Completed
SES-002862,2025-05-13,9,EV-046,Gurugram,Haryana,Own,AC Level 2,CCS2,Taxi/Ride-share,UPI,0.51,6.87,8.98,61.69,57.13,100.52,17.92,-113.88,27.0,4.5,Completed
SES-004150,2024-09-12,7,EV-092,Jaipur,Rajasthan,Own,AC Level 2,Type 2,Private,Wallet,0.55,10.52,11.05,116.25,59.92,20.26,38.39,-2.32,25.4,4.7,Completed
SES-004593,2025-04-30,11,EV-052,Ahmedabad,Gujarat,Franchise,DC Fast,Type 2,Taxi/Ride-share,UPI,2.39,121.94,11.35,1384.02,710.04,197.65,26.91,449.42,70.9,4.3,Completed
SES-004119,2024-05-31,11,EV-012,Bengaluru,Karnataka,Own,AC Level 2,Type 2,Private,UPI,1.63,25.07,11.2,280.78,126.09,219.59,49.29,-114.19,41.8,4.5,Completed
SES-003761,2025-12-02,2,EV-076,Gurugram,Haryana,Partner,DC Ultra-Fast,CCS2,Taxi/Ride-share,UPI,0.34,37.14,17.41,646.61,258.83,322.69,19.62,45.47,26.8,4.7,Completed
SES-000771,2025-08-20,4,EV-091,Gurugram,Haryana,Partner,DC Ultra-Fast,CCS2,Corporate,UPI,1.36,125.13,16.95,2120.95,1015.57,46.03,16.87,1042.48,37.4,4.3,Completed
SES-001103,2025-07-27,23,EV-054,Gurugram,Haryana,Franchise,AC Level 2,CHAdeMO,Taxi/Ride-share,UPI,0.16,2.15,9.2,19.78,15.09,48.89,68.51,-112.71,22.0,5.0,Completed
SES-004302,2025-06-10,8,EV-033,Chennai,Tamil Nadu,Own,AC Level 2,Type 2,Corporate,UPI,0.72,13.33,8.97,119.57,89.3,96.36,47.95,-114.04,34.8,5.0,Completed
SES-003526,2024-10-19,23,EV-069,Lucknow,Uttar Pradesh,Own,AC Level 2,CCS2,Private,UPI,0.36,4.19,10.16,42.57,23.11,150.39,20.48,-151.41,47.7,3.3,Completed
SES-001766,2024-01-18,11,EV-011,Pune,Maharashtra,Franchise,DC Fast,Type 2,Corporate,UPI,1.27,63.25,14.63,925.35,513.93,189.67,36.88,184.87,19.2,4.2,Completed
SES-004534,2025-10-23,13,EV-065,Jaipur,Rajasthan,Own,AC Level 2,CCS2,Fleet,Corporate Account,0.76,14.21,9.81,139.4,120.48,123.02,50.03,-154.13,18.5,3.9,Completed
SES-004872,2025-01-30,4,EV-060,Ahmedabad,Gujarat,Partner,DC Fast,CCS2,Taxi/Ride-share,UPI,1.16,43.36,11.68,506.44,241.74,50.37,35.98,178.35,5.3,4.3,Completed
SES-000267,2024-03-23,18,EV-035,Delhi,Delhi,Franchise,DC Fast,CCS2,Taxi/Ride-share,Card,0.72,32.03,11.06,354.25,256.22,48.33,69.34,-19.64,22.2,4.5,Completed
SES-003770,2025-10-11,9,EV-080,Gurugram,Haryana,Own,DC Ultra-Fast,CCS2,Fleet,Wallet,1.88,180.0,17.46,3142.8,1181.82,243.97,43.24,1673.77,40.3,3.6,Completed
SES-002187,2025-07-04,23,EV-060,Hyderabad,Telangana,Own,AC Level 2,Type 2,Private,UPI,0.24,3.59,8.75,31.41,29.49,68.79,68.27,-135.14,34.3,4.4,Completed
SES-000685,2025-12-16,6,EV-094,Gurugram,Haryana,Partner,DC Ultra-Fast,CHAdeMO,Private,UPI,2.81,180.0,19.02,3423.6,1416.23,102.0,43.87,1861.5,45.0,4.7,Completed
SES-001430,2024-09-12,6,EV-057,Bengaluru,Karnataka,Own,DC Ultra-Fast,CCS2,Private,Wallet,0.59,82.74,15.26,1262.61,573.16,249.27,70.91,369.27,12.9,3.8,Completed
SES-004850,2025-03-17,10,EV-068,Delhi,Delhi,Own,AC Level 2,CCS2,Taxi/Ride-share,Corporate Account,1.11,21.77,11.45,249.27,141.81,105.38,75.01,-72.93,40.7,4.1,Completed
SES-004357,2024-04-29,0,EV-086,Chennai,Tamil Nadu,Franchise,AC Level 2,CCS2,Corporate,UPI,1.1,18.75,9.63,180.56,156.67,45.93,5.33,-27.37,39.8,3.6,Failed
SES-000072,2025-12-21,20,EV-057,Pune,Maharashtra,Own,AC Level 2,CCS2,Private,Card,1.18,15.52,10.8,167.62,109.12,34.38,29.41,-5.29,43.0,4.6,Completed
SES-004103,2025-02-14,17,EV-079,Chennai,Tamil Nadu,Franchise,AC Level 2,CCS2,Corporate,Wallet,2.24,38.4,10.71,411.26,229.21,194.14,35.44,-47.53,56.5,3.6,Completed
SES-000125,2024-10-07,12,EV-012,Delhi,Delhi,Partner,DC Ultra-Fast,Type 2,Private,UPI,0.31,33.14,19.55,647.89,260.44,268.52,20.26,98.67,18.4,4.6,Completed
SES-003980,2024-06-27,15,EV-057,Bengaluru,Karnataka,Own,AC Level 2,CHAdeMO,Private,Card,0.6,6.75,11.63,78.5,41.76,196.72,26.73,-186.71,8.2,4.3,Completed
SES-001338,2024-10-10,11,EV-064,Delhi,Delhi,Franchise,DC Fast,CCS2,Taxi/Ride-share,Corporate Account,1.35,38.43,15.73,604.5,242.51,124.62,65.17,172.2,26.5,4.2,Completed
SES-004518,2024-04-24,7,EV-041,Hyderabad,Telangana,Partner,AC Level 2,CCS2, Taxi/Ride-share ,UPI,0.52,9.51,10.96,104.23,80.07,118.26,66.29,-160.39,18.2,4.9,Completed
SES-002699,2025-01-25,12,EV-059,Chennai,Tamil Nadu,Own,DC Fast,CCS2,Fleet,UPI,0.24,7.94,11.95,94.88,57.5,75.79,44.31,-82.72,9.0,3.8,Completed
SES-000086,2025-05-11,16,EV-088,Jaipur,Rajasthan,Own,DC Fast,Type 2,Fleet,Card,0.42,12.14,15.6,189.38,71.43,122.64,51.06,-55.75,35.2,3.8,Completed
SES-004249,2024-08-02,19,EV-049,Bengaluru,Karnataka,Franchise,AC Level 2,CCS2,Private,UPI,0.98,11.81,10.55,124.6,61.63,138.11,7.18,-82.32,17.1,4.2,Completed
SES-004135,2024-06-16,18,EV-031,Gurugram,Haryana,Own,DC Fast,CCS2,Taxi/Ride-share,Card,0.52,29.11,15.84,461.1,192.57,124.88,59.75,83.9,9.8,4.2,Completed
SES-004332,2025-05-02,21,EV-049,Pune,Maharashtra,Partner,AC Level 2,CCS2,Private,Card,1.82,21.23,9.18,194.89,138.66,66.18,27.54,-37.49,48.6,4.7,Completed
SES-003918,2025-10-13,2,EV-024,Ahmedabad,Gujarat,Own,DC Fast,Type 2,Private,UPI,0.15,5.1,15.09,76.96,39.32,46.57,58.77,-67.7,56.7,4.6,Completed
SES-003335,2024-07-17,22,EV-024,Delhi,Delhi,Franchise,AC Level 2,Type 2,Private,Card,0.23,2.98,11.66,34.75,16.83,135.77,10.35,-128.2,33.4,4.3,Completed
SES-003154,2025-11-14,7,EV-061,Ahmedabad,Gujarat,Franchise,AC Level 2,CCS2,Private,UPI,0.67,9.76,11.68,114.0,82.55,132.54,34.27,-135.36,17.8,5.0,Completed
SES-003886,2024-02-20,16,EV-053,Bengaluru,Karnataka,Own,AC Level 2,Type 2,Private,UPI,0.36,4.19,8.02,33.6,29.53,122.82,64.56,-183.31,22.1,3.9,Completed
SES-001207,2025-08-02,16,EV-052,Chennai,Tamil Nadu,Partner,AC Level 2,CCS2,Fleet,UPI,0.8,10.62,9.14,97.07,79.75,140.16,62.74,-185.58,28.6,3.9,Completed
SES-004489,2025-04-08,16,EV-063,Ahmedabad,Gujarat,Own,DC Ultra-Fast,CHAdeMO,Fleet,UPI,0.89,78.9,16.0,1262.4,467.21,135.17,49.82,610.2,49.7,3.9,Failed
SES-004471,2024-11-01,9,EV-074,,Delhi,Own,AC Level 2,CCS2,Private,Wallet,1.51,25.75,9.9,254.92,212.22,125.62,20.59,-103.51,39.8,4.4,Completed
SES-002966,2024-06-24,12,EV-026,Bengaluru,Karnataka,Own,AC Level 2,Type 2,Corporate,UPI,1.22,22.69,8.21,186.28,160.93,132.68,45.46,-152.79,55.6,4.4,Completed
SES-001957,2024-10-11,21,EV-059,Lucknow,Uttar Pradesh,Own,DC Fast,CCS2,Taxi/Ride-share,UPI,0.85,45.44,12.68,576.18,246.45,119.55,19.41,190.77,18.0,3.5,Completed
SES-003176,2024-03-10,18,EV-094,,Karnataka,Franchise,DC Fast,CCS2,Corporate,Card,3.13,118.68,12.16,1443.15,815.63,122.31,48.65,456.56,72.7,4.6,Completed
SES-004061,2024-12-04,6,EV-024,Bengaluru,Karnataka,Own,AC Level 2,CCS2,Taxi/Ride-share,Card,2.84,36.07,10.94,394.61,220.63,103.1,54.02,16.86,59.5,3.1,Cancelled
SES-001372,2025-09-18,10,EV-061,Delhi,Delhi,Franchise,DC Fast,CHAdeMO,Corporate,UPI,1.43,49.25,12.32,606.76,291.79,62.87,60.55,191.55,53.6,3.5,Completed
SES-004701,2025-02-16,19,EV-025,Gurugram,Haryana,Own,AC Level 2,Type 2,Taxi/Ride-share,Wallet,0.87,16.03,11.31,181.3,89.09,135.44,32.96,-76.19,34.1,4.4,Completed
SES-000629,2024-01-24,16,EV-041,Chennai,Tamil Nadu,Own,DC Fast,CHAdeMO,Private,Wallet,1.01,47.21,15.95,753.0,305.66,38.85,74.81,333.68,19.8,4.7,Completed
SES-000183,2024-12-09,20,EV-057,Delhi,Delhi,Franchise,AC Level 2,CCS2,Taxi/Ride-share,UPI,1.36,26.76,9.49,253.95,217.82,42.02,41.09,-46.98,33.0,3.3,Completed
SES-002671,2024-07-03,16,EV-028,Gurugram,Haryana,Own,DC Fast,CHAdeMO,Private,Card,1.63,57.0,13.2,752.4,420.63,183.1,34.84,113.83,70.3,3.6,Completed
SES-002898,2024-04-06,12,EV-026,Delhi,Delhi,Own,AC Level 2,CCS2,Corporate,Wallet,0.33,3.91,8.4,32.84,22.4,91.51,9.64,-90.71,10.9,4.1,Completed
SES-000260,2025-09-26,20,EV-054,Mumbai,Maharashtra,Own,DC Fast,CCS2,Corporate,UPI,1.5,56.04,13.26,743.09,296.09,192.13,18.12,236.75,32.6,4.2,Failed
SES-000681,2025-10-29,15,EV-006,Mumbai,Maharashtra,Own,AC Level 2,CCS2,Private,UPI,0.28,5.8,9.07,52.61,31.02,70.34,44.42,-93.17,18.9,4.1,Completed
SES-002820,2024-02-04,4,EV-075,Delhi,Delhi,Own,DC Ultra-Fast,CCS2,Private,UPI,1.98,180.0,15.56,2800.8,1049.68,245.25,14.33,1491.54,36.1,3.8,Completed
SES-001882,2025-01-12,1,EV-058,Bengaluru,Karnataka,Own,AC Level 2,CCS2,Fleet,UPI,0.69,12.82,9.95,127.56,66.33,59.39,74.83,-72.99,19.6,4.4,Completed
SES-001337,2025-10-17,22,EV-055,Mumbai,Maharashtra,Own,DC Ultra-Fast,Type 2,Fleet,Corporate Account,0.66,58.07,18.14,1053.39,451.65,129.97,74.51,397.26,43.2,3.0,Completed
SES-001507,2025-07-07,3,EV-046,Delhi,Delhi,Own,DC Ultra-Fast,CHAdeMO,Private,Card,0.19,15.86,14.02,222.36,120.64,87.84,76.48,-62.6,25.2,3.8,Completed
SES-002656,2024-12-08,7,EV-003,Pune,Maharashtra,Own,AC Level 2,Type 2,Private,UPI,0.68,7.71,9.83,75.79,47.97,188.95,26.72,-187.85,19.9,3.9,Completed
SES-002450,2024-05-30,15,EV-020,Jaipur,Rajasthan,Partner,AC Level 2,CCS2,Fleet,UPI,0.62,7.32,10.82,79.2,54.47,68.79,7.89,-51.95,39.4,3.7,Completed
SES-000946,2025-08-19,4,EV-060,Ahmedabad,Gujarat,Own,DC Fast,Type 2,Private,Card,1.22,58.39,13.48,787.1,381.34,111.65,78.4,215.71,35.7,4.7,Completed
SES-003128,2024-01-09,19,EV-091,Pune,Maharashtra,Own,AC Level 2,CHAdeMO,Corporate,Wallet,1.83,33.97,9.28,315.24,242.51,133.55,40.81,-101.63,32.3,4.9,Completed
SES-002111,2024-05-02,10,EV-055,Delhi,Delhi,Own,DC Fast,CHAdeMO,Private,UPI,0.77,34.08,11.73,399.76,225.71,137.94,30.55,5.56,21.0,5.0,Completed
SES-000082,2024-03-02,2,EV-010,Lucknow,Uttar Pradesh,Own,AC Level 2,CCS2,Private,Card,0.95,18.72,10.13,189.63,110.91,189.26,9.28,-119.82,30.9,3.8,Completed
SES-001061,2024-04-29,0,EV-024,Delhi,Delhi,Partner, AC Level 2 ,CCS2,Private,Corporate Account,0.15,2.98,9.29,27.68,20.01,112.05,76.99,-181.37,42.6,3.7,Completed
SES-000566,2025-06-29,22,EV-055,Gurugram,Haryana,Own,AC Level 2,CCS2,Fleet,Corporate Account,1.8,25.03,9.2,230.28,206.44,130.59,54.98,-161.73,43.3,4.7,Completed
SES-002780,2024-08-22,0,EV-016,Chennai,Tamil Nadu,Own,DC Fast,CCS2,Fleet,UPI,0.98,39.99,13.48,539.07,263.44,25.62,70.77,179.24,23.9,4.0,Completed
SES-000907,2024-08-12,8,EV-073,Lucknow,Uttar Pradesh,Franchise,AC Level 2,CCS2,Private,UPI,0.42,5.09,10.08,51.31,29.8,171.8,74.81,-225.1,19.0,4.1,Completed
SES-001774,2025-06-17,1,EV-040,Mumbai,Maharashtra,Franchise,DC Ultra-Fast,CCS2,Fleet,UPI,0.86,66.41,17.56,1166.16,536.49,94.17,18.36,517.14,27.7,5.0,Completed
SES-000458,2024-10-12,5,EV-043,Bengaluru,Karnataka,Franchise,DC Fast,CCS2,Fleet,Card,0.15,6.02,14.63,88.07,43.87,160.99,8.91,-125.7,29.2,3.9,Completed
SES-003219,2025-02-13,2,EV-024,Lucknow,Uttar Pradesh,Partner,DC Fast,CCS2,Private,Card,0.25,12.61,11.7,147.54,75.45,144.5,32.89,-105.3,32.8,3.6,Completed
SES-000863,2025-07-31,1,EV-060,Gurugram,Haryana,Partner,AC Level 2,CCS2,Taxi/Ride-share,UPI,0.34,5.91,8.97,53.01,35.26,77.36,45.13,-104.74,29.1,4.2,Completed
SES-001602,2024-12-29,1,EV-084,Jaipur,Rajasthan,Franchise,AC Level 2,CCS2,Taxi/Ride-share,UPI,0.3,4.64,10.0,46.4,25.22,143.76,15.4,-137.98,2.0,4.5,Completed
SES-004690,2024-10-17,22,EV-089,Gurugram,Haryana,Own,DC Fast,CCS2,Private,UPI,0.15,4.1,11.17,45.8,23.52,20.14,66.39,-64.25,25.4,4.4,Completed
SES-001251,2024-06-24,4,EV-017,Delhi,Delhi,Own,DC Fast,CCS2,Corporate,Wallet,1.3,48.3,11.08,535.16,330.04,207.73,13.44,-16.05,45.8,4.8,Completed
SES-004566,2024-12-18,23,EV-025,Ahmedabad,Gujarat,Own,DC Fast,CCS2,Private,Card,3.06,121.24,15.29,1853.76,672.57,136.01,56.59,988.59,68.2,4.4,Completed
SES-004366,2024-03-05,22,EV-082,Mumbai,Maharashtra,Own,AC Level 2,CCS2,Fleet,Wallet,0.51,9.38,9.95,93.33,52.38,113.99,17.44,-90.48,21.1,4.6,Completed
SES-001560,2024-09-17,1,EV-048,Jaipur,Rajasthan,Franchise,DC Ultra-Fast,CCS2,Taxi/Ride-share,Card,3.53,180.0,14.77,2658.6,920.56,274.79,66.95,1396.3,42.4,4.3,Completed
SES-003891,2025-11-12,13,EV-016,Bengaluru,Karnataka,Franchise,DC Fast,CCS2,Taxi/Ride-share,Card,1.57,82.67,12.14,1003.61,526.92,101.04,72.13,303.52,35.8,3.5,Completed
SES-001731,2025-09-13,8,EV-052,Jaipur,Rajasthan,Franchise,DC Fast,CCS2,Private,UPI,1.11,49.68,11.75,583.74,280.69,216.18,43.59,43.28,20.2,4.3,Completed
SES-002244,2025-05-31,4,EV-031,Delhi,Delhi,Franchise,AC Level 2,Type 2,Corporate,UPI,0.9,9.26,11.93,110.47,51.31,78.07,62.24,-81.15,42.8,4.2,Failed
SES-001705,2025-10-04,16,EV-006,Hyderabad,Telangana,Franchise,AC Level 2,CCS2,Taxi/Ride-share,Card,2.23,22.51,11.59,260.89,123.97,185.84,7.42,-56.34,28.1,3.9,Completed
SES-003218,2024-05-22,21,EV-074,Ahmedabad,Gujarat,Partner,DC Fast,CCS2,Private,Wallet,0.31,12.93,15.09,195.11,69.23,185.28,56.49,-115.89,9.2,4.0,Completed
SES-002212,2024-02-17,21,EV-093,Pune,Maharashtra,Franchise,DC Ultra-Fast,Type 2,Corporate,UPI,0.47,36.42,16.55,602.75,197.01,170.32,33.26,202.16,2.0,4.5,Completed
SES-004204,2024-08-27,17,EV-024,Gurugram,Haryana,Own,DC Fast,Type 2,Private,Card,1.29,55.21,14.77,815.45,306.51,67.17,30.98,410.79,28.8,4.4,Completed
SES-000138,2024-01-01,8,EV-028,Pune,Maharashtra,Own,DC Fast,Type 2,Corporate,UPI,1.19,39.79,11.98,476.68,250.57,109.0,48.99,68.12,22.6,3.9,Completed
SES-002295,2024-03-15,7,EV-048,Jaipur,Rajasthan,Own,DC Fast,CCS2,Private,UPI,1.45,43.12,14.62,630.41,349.77,175.43,50.23,54.98,46.9,3.0,Completed
SES-004316,2024-10-21,3,EV-057,Pune,Maharashtra,Own,DC Fast,CCS2,Taxi/Ride-share,Corporate Account,1.35,76.01,13.19,1002.57,442.89,92.93,44.76,421.99,55.7,4.1,Completed
SES-001046,2025-07-09,4,EV-099,Chennai,Tamil Nadu,Franchise,DC Ultra-Fast,CHAdeMO,Private,Corporate Account,3.68,180.0,19.28,3470.4,982.14,289.48,68.65,2130.13,24.7,3.9,Completed
SES-004617,2024-09-26,15,EV-077,Pune,Maharashtra,Own,DC Fast,CHAdeMO,Private,Corporate Account,3.19,180.0,11.67,2100.6,1251.76,193.62,53.03,602.19,68.2,4.6,Completed
SES-003024,2025-06-01,23,EV-052,Delhi,Delhi,Franchise,DC Fast,CCS2,Private,UPI,1.44,41.86,11.97,501.06,230.45,207.91,12.66,50.04,15.9,4.6,Completed
SES-000310,2024-07-21,8,EV-051,Delhi,Delhi,Own,DC Fast,CCS2,Private,Card,1.02,40.61,15.91,646.11,321.84,178.61,22.3,123.36,32.9,4.3,Cancelled
SES-004626,2024-09-26,18,EV-058,Pune,Maharashtra,Own,DC Fast,CCS2,Private,Wallet,0.49,19.64,15.89,312.08,141.93,190.31,49.38,-69.54,43.5,3.8,Completed
SES-000073,2024-12-26,2,EV-085,Mumbai,Maharashtra,Own,DC Fast,CCS2,Taxi/Ride-share,Card,1.98,87.33,12.65,1104.72,603.48,215.03,71.34,214.87,39.3,4.9,Completed
SES-004048,2025-09-08,18,EV-086,Ahmedabad,Gujarat,Franchise,AC Level 2,CCS2,Private,UPI,0.15,2.26,10.53,23.8,14.26,191.55,62.8,-244.81,27.7,4.1,Completed
SES-000559,2025-02-07,18,EV-066,Lucknow,Uttar Pradesh,Own,AC Level 2,CHAdeMO,Taxi/Ride-share,Wallet,1.47,25.05,10.8,270.54,172.15,127.77,73.45,-102.83,65.1,4.2,Completed
SES-004459,2024-07-03,16,EV-046,Jaipur,Rajasthan,Own,AC Level 2,CCS2,Fleet,Corporate Account,0.47,5.78,11.56,66.82,34.03,38.39,17.23,-22.83,27.4,5.0,Completed
SES-003528,2024-02-07,1,EV-095,Bengaluru,Karnataka,Partner,AC Level 2,CCS2,Taxi/Ride-share,Card,0.73,7.6,11.85,90.06,45.63,183.51,5.49,-144.57,48.7,4.8,Completed
SES-000270,2024-01-06,3,EV-029,Pune,Maharashtra,Own,DC Ultra-Fast,CHAdeMO,Fleet,Wallet,3.73,180.0,18.21,3277.8,1380.63,151.02,76.26,1669.89,62.9,4.3,Completed
SES-001043,2025-01-03,0,EV-037,Hyderabad,Telangana,Own,DC Fast,CCS2,Private,UPI,1.74,95.07,12.67,1204.54,752.53,137.49,19.77,294.75,48.0,4.7,Completed
SES-000512,2025-11-11,3,EV-006,Lucknow,Uttar Pradesh,Partner,AC Level 2,Type 2,Corporate,UPI,0.95,10.61,9.95,105.57,67.57,162.61,64.82,-189.43,26.9,4.9,Failed
SES-001182,2024-03-02,16,EV-054,Lucknow,Uttar Pradesh,Own,AC Level 2,CHAdeMO,Fleet,Card,1.09,18.31,11.35,207.82,133.42,120.54,48.9,-95.04,35.0,3.9,Completed
SES-000757,2025-10-19,0,EV-064,Delhi,Delhi,Franchise,DC Fast,Type 2,Taxi/Ride-share,card,0.38,19.06,13.42,255.79,109.37,22.48,51.61,72.33,27.5,3.6,Failed
SES-000485,2025-03-18,10,EV-004,Jaipur,Rajasthan,Partner,AC Level 2,CCS2,Private,UPI,0.88,11.07,10.14,112.25,87.08,202.0,55.94,-232.77,45.4,4.3,Completed
SES-000028,2025-06-14,8,EV-087,Bengaluru,Karnataka,Own,DC Ultra-Fast,CCS2,Private,UPI,1.09,143.24,17.92,2566.86,1108.47,54.51,46.87,1357.01,32.9,4.2,Completed
SES-000580,2025-07-02,21,EV-032,Delhi,Delhi,Own,DC Fast,CHAdeMO,Private,UPI,1.23,57.31,13.19,755.92,409.98,39.35,32.8,273.79,36.3,4.0,Completed
SES-004896,2025-12-21,20,EV-007,Mumbai,Maharashtra,Own,DC Ultra-Fast,CCS2,Corporate,Wallet,0.17,20.14,19.25,387.7,152.34,51.87,50.93,132.56,23.2,4.6,Completed
SES-004886,2024-12-01,13,EV-070,Mumbai,Maharashtra,Partner,DC Fast,CCS2,Corporate,UPI,0.46,16.63,13.71,228.0,111.68,22.39,15.55,78.38,15.5,4.5,Completed
SES-003056,2025-03-10,8,EV-077,Jaipur,Rajasthan,Partner,AC Level 2,CCS2,Private,UPI,0.81,12.01,9.85,118.3,83.68,182.82,54.86,-203.06,43.9,2.4,Completed
SES-000142,2025-11-04,4,EV-060,Ahmedabad,Gujarat,Own,DC Ultra-Fast,CCS2,Fleet,UPI,0.49,51.84,16.78,869.88,304.48,251.48,10.59,303.33,26.2,3.0,Completed
SES-004329,2025-11-18,14,EV-063,Mumbai,Maharashtra,Own,DC Fast,CCS2,Taxi/Ride-share,Card,2.32,75.45,14.51,1094.78,612.51,48.16,47.01,387.1,43.1,4.7,Completed
SES-000637,2024-08-19,13,EV-056,Mumbai,Maharashtra,Partner,AC Level 2,CHAdeMO,Corporate,UPI,1.0,17.06,8.31,141.77,104.12,59.11,78.4,-99.86,20.5,3.6,Completed
SES-001724,2025-05-25,9,EV-057,Mumbai,Maharashtra,Franchise,DC Ultra-Fast,CCS2,Taxi/Ride-share,Wallet,1.02,135.51,19.91,2698.0,1116.27,186.74,65.24,1329.75,49.3,3.9,Completed
SES-004537,2024-08-01,11,EV-004,Bengaluru,Karnataka,Franchise,AC Level 2,CHAdeMO,Private,Wallet,2.57,28.53,9.57,273.03,186.48,177.94,42.32,-133.71,35.0,5.0,Completed
SES-003585,2025-07-21,10,EV-055,Bengaluru,Karnataka,Own,AC Level 2,Type 2,Private,Wallet,0.56,8.02,8.23,66.0,40.69,115.49,25.71,-115.89,19.7,4.5,Completed
SES-001781,2024-09-06,17,EV-019,Ahmedabad,Gujarat,Franchise,DC Ultra-Fast,CCS2,Fleet,UPI,0.51,45.49,16.87,767.42,301.02,212.67,77.2,176.53,34.3,4.6,Completed
SES-001426,2025-12-30,3,EV-040,Pune,Maharashtra,Own,AC Level 2,CHAdeMO,Private,UPI,0.79,11.59,8.97,103.96,97.98,47.47,6.19,-47.68,44.0,3.8,Completed
SES-002567,2024-07-11,13,EV-071,Pune,Maharashtra,Partner,AC Level 2,CCS2,Private,UPI,2.18,25.35,9.13,231.45,129.46,139.15,34.45,-71.61,35.3,4.0,Completed
SES-004648,2025-06-17,14,EV-066,Chennai,Tamil Nadu,Own,DC Fast,Type 2,Taxi/Ride-share,Card,0.91,28.95,12.52,362.45,180.18,148.26,41.3,-7.29,39.2,4.5,Completed
SES-000894,2024-08-10,11,EV-067,Pune,Maharashtra,Own,DC Fast,CCS2,Private,Corporate Account,2.18,120.73,12.91,1558.62,721.28,94.13,18.3,724.91,44.5,3.3,Completed
SES-002422,2024-04-16,11,EV-038,Jaipur,Rajasthan,Franchise,DC Ultra-Fast,CCS2,Taxi/Ride-share,Wallet,1.5,158.22,15.05,2381.21,1071.46,91.57,78.44,1139.74,45.0,3.7,Completed
SES-002192,2024-05-16,11,EV-076,Pune,Maharashtra,Partner,DC Fast,CCS2,Private,Card,0.94,36.77,15.64,575.08,249.81,169.89,62.85,92.53,35.6,5.0,Completed
SES-002644,2024-04-15,12,EV-002,Jaipur,Rajasthan,Own,DC Fast,Type 2,Private,Card,0.46,14.95,14.44,215.88,89.5,121.54,7.67,-2.83,19.9,3.5,Completed
SES-002225,2024-09-23,15,EV-073,Pune,Maharashtra,Partner,DC Fast,CCS2,Private,Corporate Account,1.64,50.77,15.63,,421.65,46.37,53.4,272.12,48.8,4.4,Completed
SES-003297,2025-03-22,21,EV-041,Ahmedabad,Gujarat,Franchise,DC Fast,CCS2,Taxi/Ride-share,Card,0.64,35.82,12.98,464.94,246.98,70.28,25.42,122.26,32.2,4.8,Completed
SES-000117,2025-11-22,22,EV-019,Gurugram,Haryana,Own,DC Ultra-Fast,CCS2,Fleet,UPI,0.26,35.11,19.99,701.85,201.64,61.45,25.67,413.09,18.7,2.9,Completed
SES-003153,2025-05-31,16,EV-020,Jaipur,Rajasthan,Partner,DC Fast,CCS2,Private,Card,0.62,20.47,13.5,276.34,162.35,63.71,46.81,3.47,38.4,4.1,Completed
SES-002694,2024-12-05,2,EV-098,Ahmedabad,Gujarat,Franchise,AC Level 2,CCS2,Private,UPI,0.26,2.95,9.47,27.94,24.07,91.97,47.4,-135.5,2.0,3.9,Completed
SES-002007,2025-08-25,13,EV-037,Jaipur,Rajasthan,Partner,AC Level 2,CHAdeMO,Corporate,Wallet,0.71,9.04,10.27,92.84,76.59,186.06,28.81,-198.62,32.3,4.7,Completed
SES-003583,2025-01-22,0,EV-074,Ahmedabad,Gujarat,Own,AC Level 2,CHAdeMO,Private,UPI,1.37,14.75,10.36,152.81,88.7,146.44,71.26,-153.59,27.8,4.3,Completed
SES-001563,2024-01-28,10,EV-066,Pune,Maharashtra,Own,AC Level 2,CCS2,Private,Wallet,1.96,32.27,11.24,362.71,193.77,43.93,33.49,91.52,45.5,3.8,Completed
SES-001221,2025-03-01,14,EV-088,Mumbai,Maharashtra,Partner,AC Level 2,CHAdeMO,Private,Card,1.44,18.32,9.22,168.91,94.91,200.76,23.94,-150.7,52.1,4.0,Completed
SES-002436,2024-04-02,9,EV-054,Lucknow,Uttar Pradesh,Partner,DC Ultra-Fast,CCS2,Private,UPI,1.09,91.09,17.13,1560.37,604.95,127.25,30.78,797.39,28.9,5.0,Completed
SES-000882,2024-05-01,5,EV-020,Chennai,Tamil Nadu,Own,AC Level 2,CHAdeMO,Private,Wallet,0.77,13.56,10.98,148.89,110.84,56.35,14.59,-32.89,24.4,4.2,Completed
SES-004069,2024-08-12,19,EV-012,Ahmedabad,Gujarat,Own,AC Level 2,CHAdeMO,Private,Card,0.77,13.55,10.9,147.7,83.47,89.63,37.6,-63.0,37.0,3.7,Completed
SES-000553,2025-05-04,22,EV-082,Jaipur,Rajasthan,Franchise,AC Level 2,CCS2,Taxi/Ride-share,UPI,3.48,60.6,8.69,526.61,513.94,59.14,65.34,-111.81,64.6,5.0,Completed
SES-003549,2024-03-19,18,EV-025,Ahmedabad,Gujarat,Own,DC Ultra-Fast,Type 2,Fleet,UPI,0.91,81.99,16.85,1381.53,517.35,280.11,10.84,573.23,7.9,4.3,Completed
SES-002970,2025-01-27,11,EV-013,Lucknow,Uttar Pradesh,Own,AC Level 2,CCS2,Taxi/Ride-share,UPI,1.5,16.78,11.88,199.35,124.22,107.98,14.96,-47.81,38.5,4.1,Completed
SES-000291,2025-12-24,2,EV-029,Pune,Maharashtra,Partner,DC Fast,CCS2,Taxi/Ride-share,UPI,1.49,65.92,11.47,756.1,458.55,213.11,40.67,43.77,29.9,3.5,Completed
SES-002727,2025-01-28,10,EV-080,Gurugram,Haryana,Franchise,AC Level 2,CCS2,Fleet,UPI,0.93,11.99,10.27,123.14,64.14,165.48,44.58,-151.06,43.9,5.0,Completed
SES-004044,2025-05-25,9,EV-019,Hyderabad,Telangana,Franchise,AC Level 2,CCS2,Corporate,Wallet,1.02,12.38,8.62,106.72,84.18,41.33,78.31,-97.1,13.0,4.1,Completed
SES-000409,2025-08-26,7,EV-057,Bengaluru,Karnataka,Own,DC Fast,Type 2,Taxi/Ride-share,UPI,2.02,75.66,15.54,1175.76,434.11,124.16,37.03,580.46,49.6,3.7,Completed
SES-003831,2025-02-16,20,EV-039,Mumbai,Maharashtra,Own,DC Fast,CCS2,Private,UPI,0.78,29.14,12.86,374.74,216.76,189.31,37.49,-68.82,37.3,4.7,Cancelled
SES-003970,2025-02-04,2,EV-026,Bengaluru,Karnataka,Partner,AC Level 2,CCS2,Private,Card,0.26,3.82,9.63,36.79,25.62,62.09,55.79,-106.71,13.7,3.4,Completed
SES-001412,2025-11-20,0,EV-060,Delhi,Delhi,Franchise,AC Level 2,CCS2,Private,Card,0.66,11.56,11.06,127.85,62.58,119.49,57.41,-111.63,25.5,3.9,Completed
SES-002114,2024-09-15,1,EV-044,Mumbai,Maharashtra,Own,DC Fast,Type 2,Corporate,Wallet,1.14,33.16,13.13,435.39,270.58,89.43,77.18,-1.8,38.9,3.8,Completed
SES-000439,2024-04-29,2,EV-022,Hyderabad,Telangana,Partner,DC Fast,CHAdeMO,Fleet,Card,0.15,8.09,12.59,101.85,68.54,125.86,38.65,-131.2,21.0,4.7,Completed
SES-000225,2025-10-03,17,EV-069,Ahmedabad,Gujarat,Franchise,DC Fast,CCS2,Private,UPI,0.41,20.99,12.78,268.25,173.66,39.44,15.49,39.66,37.1,3.6,Completed
SES-001258,2025-12-27,0,EV-022,Lucknow,Uttar Pradesh,Franchise,AC Level 2,Type 2,Private,Corporate Account,1.28,19.64,10.01,196.6,131.57,154.27,41.66,-130.9,44.9,3.7,Completed
SES-002079,2024-09-22,15,EV-006,Jaipur,Rajasthan,Own,DC Ultra-Fast,CCS2,Private,UPI,0.87,94.91,16.74,1588.79,547.1,188.11,14.18,839.4,24.5,4.2,Completed
SES-004642,2025-07-12,12,EV-030,Delhi,Delhi,Own,AC Level 2,CCS2,Fleet,UPI,0.35,5.7,9.21,52.5,45.02,190.08,59.82,-242.42,31.1,5.0,Completed
SES-003564,2024-06-13,21,EV-083,Gurugram,Haryana,Partner,AC Level 2,Type 2,Private,UPI,0.46,7.03,9.65,67.84,45.9,142.22,41.74,-162.02,25.9,4.6,Completed
SES-003393,2024-08-08,13,EV-074,Gurugram,Haryana,Own,DC Fast,CCS2,Private,Card,0.94,30.49,12.64,385.39,220.17,96.99,41.19,27.04,21.9,4.1,Completed
SES-002168,2025-05-15,17,EV-042,Jaipur,Rajasthan,Partner,DC Ultra-Fast,Type 2,Private,UPI,0.34,23.74,14.23,337.82,122.46,208.19,32.96,-25.79,52.8,4.2,Completed
SES-003259,2025-08-19,11,EV-073,Lucknow,Uttar Pradesh,Partner,DC Fast,CCS2,Private,Card,1.04,53.42,12.23,653.33,381.91,61.43,42.09,167.9,29.7,3.6,Completed
SES-002799,2024-07-12,17,EV-100,Lucknow,Uttar Pradesh,Own,DC Ultra-Fast,CHAdeMO,Fleet,Card,0.39,53.21,16.33,868.92,358.45,320.63,37.88,151.96,40.7,4.4,Completed
SES-003544,2024-10-14,18,EV-041,Jaipur,Rajasthan,Franchise,DC Fast,CCS2,Fleet,Wallet,0.83,33.9,11.37,385.44,228.16,32.66,55.57,69.05,27.9,3.7,Completed
SES-003221,2025-06-07,22,EV-049,Hyderabad,Telangana,Partner,DC Fast,CCS2,Corporate,Card,0.68,36.39,15.9,578.6,203.61,100.7,33.97,240.32,27.1,4.6,Completed
SES-003098,2024-11-02,22,EV-090,Pune,Maharashtra,Own,DC Fast,Type 2,Taxi/Ride-share,UPI,0.96,42.21,12.44,525.09,269.15,41.33,51.51,163.1,41.7,5.0,Completed
SES-004115,2024-06-14,4,EV-058,Gurugram,Haryana,Franchise,DC Fast,CHAdeMO,Private,UPI,2.09,77.71,13.67,1062.3,525.73,166.25,43.32,327.0,30.3,3.7,Cancelled
SES-003328,2024-05-25,12,EV-095,Gurugram,Haryana,Own,AC Level 2,CCS2,Private,UPI,0.5,5.93,11.76,69.74,48.27,120.53,47.96,-147.02,17.5,3.9,Completed
SES-000633,2025-03-02,21,EV-001,Lucknow,Uttar Pradesh,Own,AC Level 2,Type 2,Private,UPI,0.55,6.89,10.99,75.72,34.96,154.54,30.43,-144.21,16.3,2.9,Completed
SES-000700,2025-11-05,15,EV-055,Bengaluru,Karnataka,Own,DC Fast,Type 2,Private,UPI,0.93,41.29,11.74,484.74,272.41,182.57,66.06,-36.3,12.5,2.6,Completed
SES-004413,2024-09-24,12,EV-059,Jaipur,Rajasthan,Own,AC Level 2,CCS2,Private,Card,1.3,18.95,10.79,204.47,154.02,218.78,76.97,-245.3,29.4,5.0,Completed
SES-004723,2024-12-14,23,EV-082,Hyderabad,Telangana,Partner,DC Fast,CHAdeMO,Corporate,Wallet,2.94,153.91,13.78,2120.88,922.58,173.15,54.35,970.8,74.7,3.6,Completed
SES-000634,2024-01-04,19,EV-010,Mumbai,Maharashtra,Franchise,DC Fast,CCS2,Private,Card,1.25,68.54,11.61,795.75,344.37,47.06,24.45,379.87,52.4,3.9,Completed
SES-002714,2025-01-20,21,EV-036,Hyderabad,Telangana,Own,AC Level 2,CCS2,Private,UPI,2.36,23.95,11.65,279.02,142.08,129.15,60.88,-53.09,34.4,5.0,Completed
SES-004713,2025-02-20,16,EV-048,Ahmedabad,Gujarat,Own,DC Ultra-Fast,CHAdeMO,Corporate,Wallet,0.32,26.78,15.59,417.5,136.72,87.02,25.15,168.61,2.0,2.9,Completed
SES-002870,2024-06-29,17,EV-087,Lucknow,Uttar Pradesh,Own,DC Fast,CCS2,Fleet,Card,0.77,32.27,12.89,415.96,185.76,37.01,63.5,129.69,35.3,3.8,Completed
SES-002435,2024-10-22,0,EV-016,Hyderabad,Telangana,Own,AC Level 2,CCS2,Private,UPI,1.5,29.18,9.98,291.22,228.02,192.16,11.75,-140.71,28.5,4.1,Completed
SES-000053,2025-11-20,23,EV-087,Hyderabad,Telangana,Own,DC Fast,CCS2,Corporate,Corporate Account,1.44,60.7,14.77,896.54,487.05,85.76,20.5,303.23,35.6,5.0,Completed
SES-000040,2025-03-17,11,EV-019,Hyderabad,Telangana,Franchise,DC Ultra-Fast,Type 2,Taxi/Ride-share,UPI,2.4,180.0,14.2,2556.0,1313.47,255.2,28.16,959.17,34.4,3.9,Completed
SES-000779,2025-05-27,20,EV-042,Chennai,Tamil Nadu,Own,DC Fast,CCS2,Fleet,UPI,0.71,32.24,15.58,502.3,256.68,167.89,79.02,-1.29,23.5,3.3,Completed
SES-003476,2025-03-13,6,EV-044,Gurugram,Haryana,Own,AC Level 2,CCS2,Fleet,Wallet,0.3,5.76,10.16,58.52,37.23,129.35,19.93,-127.99,25.8,3.5,Completed
SES-002841,2024-05-17,6,EV-098,Pune,Maharashtra,Own,DC Fast,CCS2,Taxi/Ride-share,UPI,1.19,33.58,11.67,391.88,173.14,102.67,76.34,39.73,42.4,3.6,Completed
SES-004449,2025-02-10,22,EV-001,Delhi,Delhi,Own,DC Fast,CCS2,Taxi/Ride-share,Card,0.8,38.83,13.73,533.14,241.45,177.34,51.73,62.62,19.8,3.5,Completed
SES-001912,2024-08-12,15,EV-087,Chennai,Tamil Nadu,Partner,DC Fast,CHAdeMO,Fleet,UPI,1.28,41.37,15.32,633.79,268.34,104.81,24.67,235.97,28.6,4.8,Completed
SES-000974,2024-12-23,14,EV-017,Chennai,Tamil Nadu,Franchise,DC Fast,CCS2,Private,,0.41,15.51,12.9,200.08,103.07,173.55,78.41,-154.95,21.7,4.7,Completed
SES-000385,2024-07-30,8,EV-012,Ahmedabad,Gujarat,Franchise,DC Fast,CCS2,Fleet,UPI,2.34,128.77,15.88,2044.87,929.67,169.21,41.01,904.98,79.5,2.7,Completed
SES-002659,2024-12-01,5,EV-075,Gurugram,Haryana,Franchise,DC Fast,CCS2,Taxi/Ride-share,UPI,1.17,41.59,15.41,640.9,334.48,193.72,28.71,83.99,33.0,3.2,Completed
SES-000938,2024-02-29,9,EV-082,Delhi,Delhi,Own,DC Fast,CCS2,Private,UPI,2.56,108.2,14.81,1602.44,632.65,78.23,56.88,834.68,60.6,4.5,Completed
SES-000434,2024-10-22,20,EV-038,Bengaluru,Karnataka,Partner,DC Ultra-Fast,Type 2,Corporate,UPI,0.44,53.24,17.95,955.66,273.23,277.87,58.52,346.04,25.7,4.1,Completed
SES-004661,2025-05-01,17,EV-063,Delhi,Delhi,Own,DC Fast,CCS2,Fleet,Corporate Account,0.24,8.07,15.24,122.99,48.66,117.88,58.06,-101.61,26.2,4.4,Completed
SES-004594,2024-04-18,3,EV-008,Hyderabad,Telangana,Franchise,DC Ultra-Fast,CHAdeMO,Private,UPI,0.5,52.8,17.77,938.26,289.05,254.87,71.17,323.17,35.3,3.7,Completed
SES-001063,2024-05-22,23,EV-082,Chennai,Tamil Nadu,Franchise,DC Ultra-Fast,CCS2,Private,Wallet,1.42,156.23,14.59,2279.4,1066.08,221.87,57.2,934.25,15.2,4.2,Completed
SES-000371,2024-12-24,8,EV-092,Hyderabad,Telangana,Own,DC Ultra-Fast,CCS2,Fleet,Wallet,0.46,32.89,16.65,547.62,229.28,255.94,20.23,42.17,26.1,4.0,Completed
SES-000103,2025-01-22,2,EV-095,Ahmedabad,Gujarat,Franchise,AC Level 2,Type 2,Private,UPI,0.53,8.39,10.1,84.74,43.35,152.46,67.86,-178.93,33.5,4.9,Completed
SES-001758,2024-02-03,5,EV-072,Hyderabad,Telangana,Partner,DC Fast,CCS2,Fleet,UPI,0.95,51.8,13.94,722.09,394.72,217.17,65.67,44.53,42.9,3.7,Completed
SES-004997,2024-08-23,8,EV-019,Hyderabad,Telangana,Franchise,AC Level 2,CCS2,Taxi/Ride-share,UPI,1.67,20.69,8.09,167.38,139.04,134.49,55.89,-162.04,23.9,4.1,Completed
SES-004483,2024-09-11,18,EV-068,Lucknow,Uttar Pradesh,Partner,AC Level 2,CHAdeMO,Private,UPI,0.86,12.17,8.5,103.44,77.88,65.96,27.03,-67.43,27.4,5.0,Completed
SES-003116,2024-04-19,4,EV-076,Gurugram,Haryana,Own,AC Level 2,CCS2,Taxi/Ride-share,UPI,0.15,2.66,8.2,21.81,17.03,31.26,57.35,-83.83,22.0,5.0,Completed
SES-001246,2025-02-27,20,EV-098,Hyderabad,Telangana,Partner,AC Level 2,CCS2,Taxi/Ride-share,UPI,0.76,11.57,8.72,100.89,76.46,186.56,47.51,-209.64,34.9,4.3,Completed
SES-001935,2025-11-12,0,EV-076,Gurugram,Haryana,Own,DC Fast,CCS2,Private,UPI,1.11,45.39,12.86,583.72,353.6,161.42,79.68,-10.98,37.7,4.2,Completed
SES-004849,2025-09-29,15,EV-065,Jaipur,Rajasthan,Partner,DC Fast,CCS2,Fleet,Corporate Account,1.16,34.3,11.96,410.23,179.08,188.02,31.64,11.49,25.3,5.0,Cancelled
SES-001417,2024-03-12,7,EV-075,Delhi,Delhi,Own,AC Level 2,Type 2,Corporate,UPI,1.09,19.57,9.7,189.83,165.51,188.4,15.09,-179.17,29.1,3.9,Cancelled
SES-002380,2024-06-26,17,EV-034,Gurugram,Haryana,Own,DC Ultra-Fast,Type 2,Fleet,UPI,1.84,180.0,18.7,3366.0,1390.03,301.33,70.5,1604.14,27.0,3.8,Completed
SES-003120,2024-03-26,15,EV-087,Pune,Maharashtra,Own,AC Level 2,Type 2,Private,UPI,0.42,7.01,11.23,78.72,47.46,31.02,17.52,-17.28,50.8,2.9,Cancelled
SES-004640,2025-02-05,1,EV-017,Bengaluru,Karnataka,Franchise,DC Fast,CCS2,Fleet,UPI,0.5,22.23,11.71,260.31,172.96,204.32,25.23,-142.2,22.6,2.6,Completed
SES-002153,2025-10-13,22,EV-004,Hyderabad,Telangana,Partner,DC Fast,Type 2,Corporate,Corporate Account,0.15,8.25,15.53,128.12,54.61,79.25,43.44,-49.18,23.6,3.2,Completed
SES-003126,2024-04-06,16,EV-069,Chennai,Tamil Nadu,Own,DC Fast,Type 2,Private,UPI,1.36,68.11,13.36,909.95,565.16,29.58,14.91,300.3,29.4,3.8,Completed
SES-001115,2025-07-23,2,EV-035,Ahmedabad,Gujarat,Partner,DC Ultra-Fast,CHAdeMO,Private,Wallet,1.95,180.0,19.13,3443.4,1177.83,32.71,70.85,2162.01,40.5,4.2,Cancelled
SES-003724,2024-06-29,14,EV-033,Lucknow,Uttar Pradesh,Franchise,AC Level 2,CCS2,Taxi/Ride-share,UPI,0.45,4.46,11.78,52.54,29.21,176.1,55.73,-208.5,34.2,3.4,Completed
SES-000529,2025-12-24,14,EV-009,Gurugram,Haryana,Franchise,DC Fast,CCS2,Private,UPI,0.8,23.81,13.29,316.43,175.66,70.83,56.1,13.84,31.3,5.0,Completed
SES-003792,2024-01-06,14,EV-018,Hyderabad,Telangana,Partner,AC Level 2,Type 2,Corporate,UPI,1.67,32.99,10.4,343.1,240.87,184.14,6.98,-88.89,25.1,4.2,Completed
SES-004228,2025-09-21,20,EV-014,Gurugram,Haryana,Own,AC Level 2,CCS2,Private,UPI,0.35,6.32,10.1,63.83,51.87,87.3,41.58,-116.92,17.3,4.7,Completed
SES-001147,2024-07-13,2,EV-086,Mumbai,Maharashtra,Partner,AC Level 2,CCS2,Private,Card,0.99,13.09,11.41,149.36,91.64,188.5,31.06,-161.84,33.8,4.3,Completed
SES-003726,2024-04-05,0,EV-042,Pune,Maharashtra,Partner,DC Fast,CCS2,Fleet,Corporate Account,1.73,95.93,12.92,1239.42,734.6,138.54,5.28,361.0,46.2,3.7,Completed
SES-000422,2024-07-16,13,EV-017,Delhi,Delhi,Franchise,DC Fast,CCS2,Private,Card,0.15,8.03,14.26,114.51,51.04,90.52,56.83,-83.88,42.6,3.1,Completed
SES-002103,2025-10-12,15,EV-065,Ahmedabad,Gujarat,Franchise,DC Fast,CCS2,Private,Wallet,0.66,19.71,15.02,296.04,107.0,90.14,50.34,48.56,28.1,4.9,Completed
SES-000653,2025-09-27,11,EV-025,Lucknow,Uttar Pradesh,Partner,AC Level 2,CCS2,Corporate,UPI,0.35,5.56,10.64,59.16,36.82,213.34,27.15,-218.15,54.0,3.9,Completed
SES-003472,2024-01-12,11,EV-086,Gurugram,Haryana,Own,DC Fast,CCS2,Private,UPI,1.08,60.3,11.43,689.23,397.41,131.51,69.18,91.13,46.3,4.1,Completed
SES-004162,2024-07-09,17,EV-084,Mumbai,Maharashtra,Own,DC Fast,CCS2,Fleet,UPI,0.78,32.57,15.87,516.89,251.33,142.77,53.16,69.63,32.9,4.1,Completed
SES-003382,2024-12-01,0,EV-090,Delhi,Delhi,Own,AC Level 2,CCS2,Private,Card,2.64,35.92,11.49,412.72,289.26,42.38,26.29,54.79,54.5,3.7,Completed
SES-004868,2025-08-09,20,EV-015,Lucknow,Uttar Pradesh,Franchise,DC Fast,CCS2,Corporate,Wallet,0.6,30.93,13.36,413.22,234.63,162.88,48.26,-32.55,18.8,3.8,Completed
SES-002026,2025-01-11,18,EV-044,Hyderabad,Telangana,Own,AC Level 2,CCS2,Fleet,UPI,0.63,11.91,11.09,132.08,64.79,90.68,9.81,-33.2,27.9,4.6,Completed
SES-001037,2025-02-04,23,EV-075,Hyderabad,Telangana,Franchise,DC Ultra-Fast,CCS2,Fleet,Card,0.94,83.55,19.96,1667.66,535.08,237.5,49.07,846.01,15.4,4.2,Completed
SES-003675,2025-10-05,22,EV-090,Chennai,Tamil Nadu,Partner,DC Ultra-Fast,CCS2,Taxi/Ride-share,UPI,1.09,108.06,15.02,1623.06,602.11,152.48,15.46,853.01,33.5,5.0,Completed
SES-000973,2025-06-11,4,EV-042,Chennai,Tamil Nadu,Partner,AC Level 2,CCS2,Taxi/Ride-share,UPI,1.04,18.72,10.85,203.11,110.18,191.05,24.18,-122.3,50.6,3.9,Completed
SES-001175,2024-07-23,16,EV-034,Bengaluru,Karnataka,Own,AC Level 2,CCS2,Taxi/Ride-share,UPI,1.91,24.69,8.68,214.31,139.2,144.4,62.2,-131.49,31.3,4.0,Completed
SES-003704,2025-08-17,7,EV-090,Ahmedabad,Gujarat,Own,AC Level 2,CCS2,Private,UPI,0.42,6.8,9.61,65.35,51.28,216.89,19.02,-221.84,39.5,3.7,Completed
SES-000029,2025-08-08,7,EV-034,Ahmedabad,Gujarat,Franchise,AC Level 2,CHAdeMO,Fleet,Card,0.52,8.87,11.6,102.89,73.0,151.75,76.79,-198.65,17.9,3.6,Completed
SES-004480,2025-06-20,12,EV-061,Mumbai,Maharashtra,Own,DC Fast,CHAdeMO,Private,Wallet,0.32,14.53,12.21,177.41,107.28,155.39,58.53,-143.79,23.4,4.3,Completed
SES-003843,2025-04-25,23,EV-023,Hyderabad,Telangana,Own,AC Level 2,Type 2,Private,Wallet,0.48,8.1,9.55,77.36,43.35,189.08,25.09,-180.16,36.3,4.4,Completed
SES-003849,2025-09-10,13,EV-003,Jaipur,Rajasthan,Own,AC Level 2,CCS2,Private,Card,1.17,21.65,10.23,221.48,143.72,87.03,67.22,-76.49,41.8,3.8,Completed
SES-000922,2025-09-12,5,EV-069,Gurugram,Haryana,Own,DC Ultra-Fast,Type 2,Private,UPI,0.91,64.21,16.21,1040.84,470.13,276.6,22.65,271.46,21.2,4.4,Completed
SES-003100,2025-12-03,22,EV-009,Ahmedabad,Gujarat,Own,DC Fast,CCS2,Private,Wallet,0.43,19.89,13.49,268.32,107.51,82.03,42.44,36.34,3.8,4.2,Completed
SES-001874,2024-09-15,7,EV-054,Bengaluru,Karnataka,Partner,AC Level 2,CHAdeMO,Corporate,Corporate Account,1.0,12.45,8.86,110.31,89.36,68.72,39.96,-87.73,26.8,4.3,Completed
SES-003172,2024-05-09,11,EV-025,Delhi,Delhi,Own,DC Ultra-Fast,CCS2,Fleet,UPI,1.37,96.15,18.66,1794.16,552.44,212.54,73.06,956.12,32.1,5.0,Completed
SES-004448,2024-10-12,9,EV-076,Ahmedabad,Gujarat,Franchise,AC Level 2,CCS2,Taxi/Ride-share,UPI,1.29,24.48,10.9,266.83,131.69,164.77,60.2,-89.83,42.1,4.4,Completed
SES-004820,2025-05-13,19,EV-090,Chennai,Tamil Nadu,Partner,AC Level 2,CCS2,Private,UPI,0.81,15.96,10.76,171.73,109.76,93.46,14.38,-45.87,35.8,4.9,Failed
SES-003983,2024-04-24,9,EV-092,Lucknow,Uttar Pradesh,Partner,DC Fast,CCS2,Private,Corporate Account,3.78,175.81,14.59,2565.07,1174.8,51.76,20.16,1318.35,71.5,3.6,Completed
SES-004100,2024-08-04,5,EV-022,Gurugram,Haryana,Own,AC Level 2,CCS2,Private,Card,0.43,5.29,10.76,56.92,27.49,49.3,12.89,-32.76,18.3,3.8,Completed
SES-000402,2024-06-22,10,EV-011,Delhi,Delhi,Partner,AC Level 2,CCS2,Private,Corporate Account,1.46,19.03,11.09,211.04,107.3,125.36,53.29,-74.91,30.7,4.6,Completed
SES-004019,2024-08-27,20,EV-036,Lucknow,Uttar Pradesh,Own,AC Level 2,Type 2,Taxi/Ride-share,UPI,0.15,2.47,10.68,26.38,15.89,21.85,66.47,-77.83,20.9,4.1,Completed
SES-004591,2024-07-23,6,EV-047,Gurugram,Haryana,Own,AC Level 2,Type 2,Fleet,UPI,0.51,10.14,10.97,111.24,56.37,84.73,29.18,-59.04,44.6,2.9,Completed
SES-002266,2024-04-26,22,EV-079,Pune,Maharashtra,Own,DC Fast,Type 2,Private,UPI,1.68,47.84,12.32,589.39,348.08,177.38,7.81,56.12,48.6,3.5,Completed
SES-003308,2024-04-21,8,EV-038,Lucknow,Uttar Pradesh,Own,AC Level 2,CCS2,Private,Card,0.51,7.58,9.06,68.67,43.63,211.57,39.86,-226.39,31.4,3.4,Completed
SES-001911,2024-02-14,4,EV-025,Pune,Maharashtra,Own,DC Fast,CCS2,Corporate,Corporate Account,1.21,57.33,15.58,893.2,456.58,165.27,11.45,259.9,52.5,4.0,Completed
SES-001452,2024-12-28,20,EV-018,Jaipur,Rajasthan,Own,DC Fast,CHAdeMO,Taxi/Ride-share,Card,0.77,28.72,13.04,374.51,216.4,71.62,28.99,57.5,30.4,3.2,Completed
SES-001898,2025-03-17,19,EV-015,Pune,Maharashtra,Partner,DC Fast,Type 2,Taxi/Ride-share,UPI,0.34,16.34,14.65,239.38,90.5,136.07,62.04,-49.23,26.3,4.3,Cancelled
SES-003877,2025-09-12,9,EV-100,Ahmedabad,Gujarat,Own,DC Fast,Type 2,Corporate,Corporate Account,0.37,20.13,14.83,298.53,161.29,62.75,29.17,45.32,22.8,4.0,Completed
SES-001500,2025-08-20,23,EV-026,Pune,Maharashtra,Franchise,AC Level 2,Type 2,Private,UPI,0.43,4.31,11.04,47.58,34.14,137.04,47.25,-170.85,19.1,3.5,Completed
SES-002249,2024-02-26,5,EV-055,Mumbai,Maharashtra,Franchise,AC Level 2,CCS2,Private,UPI,0.47,8.5,8.96,76.16,62.69,204.57,50.22,-241.32,31.6,4.4,Completed
SES-001082,2025-04-10,22,EV-061,Jaipur,Rajasthan,Partner,AC Level 2,Type 2,Corporate,Corporate Account,0.4,4.31,11.72,50.51,32.76,62.11,7.99,-52.35,24.4,4.5,Completed
SES-003288,2024-11-01,12,EV-040,Delhi,Delhi,Own,AC Level 2,CCS2,Private,Card,0.62,10.46,11.24,117.57,62.45,87.13,33.62,-65.63,13.9,4.4,Completed
SES-001822,2024-09-21,13,EV-073,Ahmedabad,Gujarat,Own,DC Ultra-Fast,CCS2,Corporate,Wallet,0.65,44.94,18.6,835.88,377.54,323.53,20.84,113.97,37.2,3.7,Completed
SES-002312,2025-01-25,23,EV-077,Gurugram,Haryana,Own,AC Level 2,Type 2,Private,Corporate Account,1.08,16.57,10.09,167.19,130.72,115.14,65.78,-144.45,34.6,4.6,Completed
SES-003604,2025-08-08,14,EV-087,Gurugram,Haryana,Franchise,AC Level 2,CCS2,Private,Card,0.59,10.61,11.99,127.21,85.3,,74.51,-157.77,33.0,4.1,Completed
SES-004411,2024-06-17,14,EV-021,Ahmedabad,Gujarat,Own,DC Fast,CCS2,Private,Card,1.86,63.84,13.38,854.18,435.57,64.84,53.19,300.58,41.2,4.2,Completed
SES-004772,2025-01-02,16,EV-043,Ahmedabad,Gujarat,Franchise,AC Level 2,CHAdeMO,Private,Card,0.35,4.77,11.62,55.43,27.88,109.47,68.55,-150.47,21.5,3.0,Completed
SES-000766,2025-03-15,22,EV-079,Lucknow,Uttar Pradesh,Partner,AC Level 2,Type 2,Private,UPI,0.83,14.79,9.6,141.98,106.41,211.63,32.68,-208.74,23.3,4.5,Completed
SES-004476,2025-07-14,22,EV-031,Ahmedabad,Gujarat,Partner,AC Level 2,Type 2,Private,Card,2.07,37.51,11.66,437.37,303.42,62.19,12.57,59.19,34.7,3.1,Completed
SES-004645,2025-08-23,12,EV-062,Jaipur,Rajasthan,Own,DC Fast,CHAdeMO,Private,UPI,2.68,85.18,15.33,1305.81,504.39,138.5,26.97,635.95,72.1,4.5,Completed
SES-001142,2025-06-27,0,EV-066,Ahmedabad,Gujarat,Franchise,AC Level 2,CCS2,Private,UPI,1.5,27.97,11.97,334.8,216.23,105.49,56.03,-42.95,41.9,4.6,Completed
SES-003650,2025-08-19,21,EV-085,Pune,Maharashtra,Own,DC Fast,CCS2,Taxi/Ride-share,Wallet,0.64,27.99,15.65,438.04,228.54,37.41,31.53,140.56,41.7,3.4,Completed
SES-004145,2025-12-05,15,EV-067,Gurugram,Haryana,Own,DC Fast,CCS2,Fleet,UPI,1.06,54.97,11.21,616.21,376.58,104.01,16.17,119.45,56.6,3.3,Completed
SES-000441,2024-07-04,3,EV-082,Ahmedabad,Gujarat,Partner,AC Level 2,Type 2,Fleet,UPI,0.33,5.06,11.6,58.7,32.69,198.74,77.89,-250.62,27.7,4.4,Completed
SES-004447,2024-04-29,5,EV-016,Gurugram,Haryana,Partner,DC Fast,Type 2,Private,Wallet,0.83,27.66,15.77,436.2,158.42,140.1,32.39,105.29,31.1,3.3,Completed
SES-001303,2025-06-19,18,EV-016,Pune,Maharashtra,Own,DC Fast,Type 2,Private,UPI,0.25,12.09,11.71,141.57,64.11,78.76,14.94,-16.24,10.4,3.4,Completed
SES-003003,2025-05-04,12,EV-078,Chennai,Tamil Nadu,Franchise,DC Fast,CCS2,Private,UPI,0.9,46.94,11.47,538.4,383.46,97.98,42.44,14.52,38.3,4.3,Completed
SES-000597,2024-03-21,5,EV-029,Mumbai,Maharashtra,Own,DC Fast,CCS2,Private,Wallet,1.69,49.54,14.16,701.49,374.98,200.53,69.56,56.42,37.2,3.9,Completed
SES-004453,2024-11-20,13,EV-013,Gurugram,Haryana,Own,AC Level 2,CHAdeMO,Taxi/Ride-share,Wallet,1.25,22.04,8.15,179.63,183.67,70.07,46.62,-120.73,37.2,4.5,Completed
SES-004441,2024-04-25,6,EV-022,Jaipur,Rajasthan,Own,AC Level 2,CCS2,Private,Card,1.3,18.13,10.84,196.53,107.49,114.81,40.61,-66.38,19.5,5.0,Completed
SES-002071,2025-08-25,21,EV-097,Jaipur,Rajasthan,Own,AC Level 2,CCS2,Corporate,UPI,0.42,6.45,10.38,66.95,40.81,117.63,38.11,-129.6,24.9,5.0,Completed
SES-004894,2024-09-11,15,EV-079,Chennai,Tamil Nadu,Own,DC Fast,CCS2,Private,Wallet,1.07,49.11,13.29,652.67,320.09,47.1,45.95,239.53,41.6,4.8,Completed
SES-000864,2024-04-23,20,EV-088,Bengaluru,Karnataka,Own,DC Fast,CHAdeMO,Fleet,UPI,0.42,12.54,12.31,154.37,96.57,162.57,63.85,-168.62,28.5,3.9,Completed
SES-004510,2025-06-22,11,EV-089,Delhi,Delhi,Franchise,AC Level 2,CCS2,Private,Corporate Account,0.79,12.58,10.02,126.05,63.04,143.7,21.99,-102.68,37.8,4.0,Completed
SES-004101,2024-12-13,4,EV-088,Ahmedabad,Gujarat,Franchise,DC Ultra-Fast,CHAdeMO,Private,UPI,1.08,127.17,16.81,2137.73,1059.93,73.94,30.93,972.93,24.9,5.0,Completed
SES-001712,2025-01-15,19,EV-072,Chennai,Tamil Nadu,Own,AC Level 2,CCS2,Private,Card,0.42,7.39,8.97,66.29,38.6,114.65,71.15,-158.11,29.8,3.4,Completed
SES-000937,2024-04-07,21,EV-099,Lucknow,Uttar Pradesh,Franchise,AC Level 2,CCS2,Taxi/Ride-share,UPI,0.27,5.18,11.28,58.43,43.61,129.98,43.92,-159.08,27.8,3.1,Completed
SES-001087,2024-11-09,13,EV-034,Mumbai,Maharashtra,Own,DC Fast,CCS2,Corporate,Card,0.71,24.23,11.27,273.07,149.73,112.35,25.29,-14.3,25.3,4.7,Completed
SES-004087,2024-07-14,17,EV-070,Mumbai,Maharashtra,Franchise,DC Fast,CHAdeMO,Corporate,Card,0.45,15.71,11.8,185.38,109.55,180.05,38.36,-142.58,15.2,4.1,Completed
SES-002434,2024-07-08,10,EV-097,Chennai,Tamil Nadu,Partner,AC Level 2,Type 2,Private,UPI,0.52,7.52,10.38,78.06,56.61,80.9,56.5,-115.95,30.4,3.1,Completed
SES-004098,2024-12-19,7,EV-006,Mumbai,Maharashtra,Own,DC Fast,CCS2,Fleet,,3.11,116.22,15.51,1802.57,768.74,94.37,72.17,867.29,71.0,3.9,Completed
SES-002477,2025-08-10,23,EV-093,Hyderabad,Telangana,Franchise,DC Fast,Type 2,Private,UPI,0.85,33.3,12.4,412.92,211.79,126.97,40.8,33.36,2.0,3.9,Completed
SES-004743,2025-08-23,19,EV-003,Hyderabad,Telangana,Franchise,AC Level 2,Type 2,Private,,0.34,5.19,10.81,56.1,31.77,131.71,7.21,-114.59,14.3,4.7,Completed
SES-001400,2024-10-03,16,EV-028,Bengaluru,Karnataka,Own,AC Level 2,CHAdeMO,Private,Card,0.93,16.81,9.81,164.91,110.41,153.31,70.22,-169.03,50.4,3.4,Completed
SES-000850,2024-06-09,0,EV-034,Chennai,Tamil Nadu,Own,DC Fast,CHAdeMO,Corporate,UPI,0.86,39.41,14.02,552.53,324.87,21.39,49.07,157.2,40.0,5.0,Completed
SES-003042,2025-11-12,11,EV-076,Delhi,Delhi,Own,DC Fast,CCS2,Private,UPI,2.99,132.79,15.48,,1037.2,63.27,17.41,937.71,78.2,4.0,Completed
SES-000064,2025-02-21,7,EV-009,Gurugram,Haryana,Own,AC Level 2,CCS2,Taxi/Ride-share,Wallet,0.59,8.85,10.09,89.3,44.82,216.99,63.26,-235.77,42.0,4.4,Completed
SES-002325,2025-06-11,0,EV-035,Jaipur,Rajasthan,Franchise,DC Fast,Type 2,Fleet,UPI,0.15,6.13,14.21,87.11,45.88,118.14,79.41,-156.32,15.4,4.4,Completed
SES-001666,2025-06-27,21,EV-063,Ahmedabad,Gujarat,Partner,AC Level 2,CCS2,Private,UPI,1.48,26.94,11.62,313.04,222.23,141.74,17.37,-68.3,29.1,3.6,Completed
SES-003746,2025-03-28,8,EV-071,Mumbai,Maharashtra,Franchise,DC Fast,CHAdeMO,Private,UPI,1.75,65.4,13.5,882.9,534.81,173.19,5.81,169.09,20.1,5.0,Completed
SES-004029,2024-02-12,7,EV-014,Ahmedabad,Gujarat,Own,DC Fast,CCS2,Private,Wallet,1.42,65.22,13.25,864.16,360.33,104.08,60.92,338.83,38.4,4.0,Completed
SES-000326,2025-10-18,20,EV-043,Gurugram,Haryana,Own,AC Level 2,CHAdeMO,Taxi/Ride-share,Wallet,0.39,6.38,9.07,57.87,51.17,35.41,20.77,-49.48,16.9,5.0,Completed
SES-004465,2024-12-03,22,EV-020,Chennai,Tamil Nadu,Own,DC Fast,Type 2,Private,Card,1.2,51.19,13.4,685.95,335.57,193.62,15.5,141.26,53.0,4.0,Completed
SES-001025,2024-11-17,21,EV-068,Ahmedabad,Gujarat,Own,DC Fast,CHAdeMO,Corporate,UPI,0.75,31.85,11.47,365.32,245.35,219.46,74.63,-174.12,58.8,4.5,Failed
SES-004931,2024-01-07,17,EV-071,Lucknow,Uttar Pradesh,Own,DC Fast,CHAdeMO,Private,Corporate Account,1.08,39.99,13.46,538.27,317.39,88.97,31.3,100.61,26.3,3.9,Completed
SES-002960,2025-06-07,9,EV-012,Bengaluru,Karnataka,Partner,AC Level 2,CCS2,Fleet,Card,0.48,8.42,11.29,95.06,47.25,20.87,45.39,-18.45,26.5,3.7,Completed
SES-001381,2025-04-19,1,EV-030,Jaipur,Rajasthan,Partner,DC Ultra-Fast,CCS2,Corporate,Wallet,0.73,100.83,17.43,1757.47,783.85,196.2,55.35,722.07,19.0,3.5,Completed
SES-004199,2024-10-27,6,EV-055,Lucknow,Uttar Pradesh,Franchise,AC Level 2,Type 2,Corporate,Card,1.98,20.28,11.18,226.73,144.95,144.05,30.69,-92.96,36.9,4.0,Completed
SES-000530,2024-01-17,9,EV-021,Gurugram,Haryana,Own,DC Fast,CCS2,Corporate,Card,1.85,60.48,13.25,801.36,363.01,64.07,34.44,339.84,33.0,4.7,Completed
SES-000573,2025-07-23,20,EV-092,Hyderabad,Telangana,Franchise,AC Level 2,CCS2,Taxi/Ride-share,UPI,1.05,13.9,10.49,145.81,93.71,160.41,45.81,-154.12,35.3,3.8,Completed
SES-003457,2025-05-08,7,EV-030,Gurugram,Haryana,Franchise,DC Fast,Type 2,Private,UPI,1.08,41.86,11.99,501.9,275.21,147.77,43.31,35.61,32.5,4.6,Completed
SES-003563,2025-06-08,9,EV-010,Jaipur,Rajasthan,Partner,DC Fast,CCS2,Fleet,UPI,1.57,79.09,12.58,994.95,655.27,145.04,75.69,118.95,48.9,3.3,Completed
SES-002391,2025-02-28,3,EV-020,Lucknow,Uttar Pradesh,Own,DC Fast,CCS2,Private,Wallet,1.49,77.2,13.94,1076.17,635.54,72.15,24.39,344.09,29.1,3.0,Completed
SES-000797,2024-01-21,23,EV-020,Pune,Maharashtra,Franchise,AC Level 2,CCS2,Private,UPI,0.4,4.01,11.08,44.43,29.26,106.61,29.93,-121.37,27.8,3.6,Completed
SES-004122,2025-07-14,19,EV-071,Mumbai,Maharashtra,Own,AC Level 2,CCS2,Private,UPI,1.06,18.56,8.01,148.67,99.71,91.52,34.59,-77.15,19.7,4.5,Completed
SES-001197,2024-02-03,10,EV-067,Chennai,Tamil Nadu,Own,DC Fast,CCS2,Fleet,Wallet,2.32,99.0,12.65,1252.35,540.21,102.6,72.65,536.89,59.5,3.7,Cancelled
SES-002706,2025-10-28,7,EV-033,Hyderabad,Telangana,Partner,DC Fast,CCS2,Taxi/Ride-share,UPI,1.2,66.18,11.65,771.0,457.48,179.04,8.78,125.7,8.7,3.9,Completed
SES-003998,2025-02-15,3,EV-084,Gurugram,Haryana,Partner,AC Level 2,CCS2,Private,Corporate Account,0.15,2.45,10.91,26.73,18.45,35.45,25.83,-53.0,26.7,4.2,Completed
SES-001614,2024-06-10,12,EV-023,Mumbai,Maharashtra,Franchise,AC Level 2,Type 2,Private,Wallet,1.27,15.05,11.88,178.79,107.66,54.83,13.57,2.73,26.1,3.8,Completed
SES-002980,2024-05-29,15,EV-039,Ahmedabad,Gujarat,Own,DC Fast,CHAdeMO,Corporate,UPI,1.25,48.37,12.16,588.18,244.8,58.28,70.47,214.63,29.3,4.2,Completed
SES-004677,2025-03-14,7,EV-062,Mumbai,Maharashtra,Own,AC Level 2,CCS2,Private,UPI,0.42,4.47,9.05,40.45,27.23,26.28,6.87,-19.93,21.1,3.0,Completed
SES-003285,2025-09-17,17,EV-016,Jaipur,Rajasthan,Partner,AC Level 2,Type 2,Corporate,Card,0.97,12.63,9.23,116.57,88.84,149.16,71.49,-192.92,35.6,4.3,Completed
SES-002141,2025-11-18,1,EV-100,Bengaluru,Karnataka,Franchise,DC Fast,CCS2,Fleet,UPI,0.42,20.91,15.95,333.51,132.49,56.56,27.42,117.04,40.0,5.0,Completed
SES-004141,2024-12-24,8,EV-003,Delhi,Delhi,Own,DC Fast,CHAdeMO,Taxi/Ride-share,UPI,3.14,144.93,15.96,2313.08,1168.41,58.4,59.54,1026.73,79.8,4.3,Completed
SES-003501,2025-06-03,7,EV-005,Mumbai,Maharashtra,Own,DC Fast,CCS2,Fleet,Wallet,0.3,11.0,11.02,121.22,77.79,43.29,70.36,-70.22,39.2,3.4,Completed
SES-003352,2025-05-04,15,EV-083,Bengaluru,Karnataka,Own,DC Ultra-Fast,CCS2,Taxi/Ride-share,Card,0.67,47.21,18.2,859.22,279.35,71.43,64.16,444.28,37.4,4.5,Cancelled
SES-004197,2024-06-25,21,EV-060,Mumbai,Maharashtra,Franchise,DC Fast,CCS2,Private,UPI,1.41,63.85,14.4,919.44,377.91,61.97,17.19,462.37,55.7,3.9,Completed
SES-002565,2024-10-03,16,EV-008,Pune,Maharashtra,Franchise,AC Level 2,CCS2,Private,UPI,0.92,16.15,10.86,175.39,130.77,107.93,32.89,-96.2,40.7,3.4,Completed
SES-003408,2025-05-04,15,EV-025,Hyderabad,Telangana,Franchise,DC Ultra-Fast,CCS2,Taxi/Ride-share,UPI,0.41,57.28,17.4,996.67,460.84,263.01,62.13,210.69,25.4,4.4,Completed
SES-001790,2024-01-06,0,EV-053,Gurugram,Haryana,Franchise,DC Ultra-Fast,CCS2,Private,UPI,0.46,33.49,18.01,603.15,223.44,229.43,34.91,115.37,15.8,3.6,Completed
SES-001631,2025-06-11,21,EV-035,Ahmedabad,Gujarat,Franchise,DC Fast,CCS2,Corporate,UPI,0.78,39.29,15.17,596.03,318.48,199.4,49.03,29.12,44.4,4.2,Completed
SES-004481,2025-12-26,16,EV-070,Lucknow,Uttar Pradesh,Own,AC Level 2,CHAdeMO,Corporate,Wallet,2.0,24.38,9.37,228.44,172.26,145.62,54.75,-144.19,13.5,4.3,Completed
SES-004676,2024-03-07,8,EV-045,Jaipur,Rajasthan,Partner,DC Ultra-Fast,Type 2,Fleet,UPI,1.46,145.13,18.95,2750.21,749.61,244.45,12.59,1743.56,36.5,4.4,Completed
SES-001965,2025-06-13,23,EV-095,Mumbai,Maharashtra,Partner,AC Level 2,CCS2,Private,Card,0.15,2.0,9.54,19.08,10.73,108.77,22.33,-122.75,28.1,3.9,Completed
SES-003291,2024-01-13,2,EV-021,Gurugram,Haryana,Franchise,DC Fast,Type 2,Fleet,UPI,1.53,52.85,14.75,779.54,383.53,194.34,25.18,176.49,25.6,3.8,Completed
SES-001572,2025-05-08,5,EV-084,Bengaluru,Karnataka,Own,DC Fast,CCS2,Corporate,Corporate Account,0.58,20.64,11.76,242.73,137.65,198.95,11.64,-105.51,31.9,4.9,Completed
SES-001788,2024-07-17,13,EV-024,Delhi,Delhi,Franchise,DC Fast,Type 2,Taxi/Ride-share,Corporate Account,1.63,49.92,11.06,552.12,393.85,96.4,62.29,-0.42,31.5,4.3,Completed
SES-004388,2024-01-04,13,EV-001,Jaipur,Rajasthan,Partner,AC Level 2,CCS2,Corporate,UPI,1.73,28.12,9.62,270.51,232.73,134.68,48.58,-145.48,57.9,4.5,Completed
SES-002867,2025-08-10,2,EV-044,Bengaluru,Karnataka,Partner,DC Ultra-Fast,CCS2,Private,Card,0.53,69.79,18.0,1256.22,551.65,172.55,59.84,472.18,35.5,3.6,Completed
SES-001356,2024-05-25,12,EV-087,Lucknow,Uttar Pradesh,Own,DC Ultra-Fast,Type 2,Private,Corporate Account,0.66,89.82,18.26,1640.11,709.7,125.22,10.51,794.68,38.8,4.0,Completed
SES-001133,2024-04-10,7,EV-020,Pune,Maharashtra,Own,DC Ultra-Fast,CCS2,Corporate,Wallet,0.76,55.16,14.05,775.0,461.15,48.87,72.92,192.06,10.2,4.5,Completed
SES-000518,2025-12-10,9,EV-019,Pune,Maharashtra,Franchise,AC Level 2,Type 2,Private,Wallet,0.89,13.73,10.81,148.42,82.64,116.64,43.8,-94.66,41.8,5.0,Completed
SES-000601,2025-02-21,20,EV-012,Pune,Maharashtra,Own,AC Level 2,CCS2,Fleet,Wallet,2.08,27.61,8.51,234.96,177.71,97.43,56.86,-97.04,58.3,4.3,Completed
SES-002681,2024-11-04,20,EV-098,Delhi,Delhi,Franchise,DC Ultra-Fast,CCS2,Private,Corporate Account,1.35,154.21,15.1,2328.57,775.56,255.12,37.46,1260.43,35.8,4.0,Completed
SES-002777,2025-01-01,7,EV-041,Mumbai,Maharashtra,Own,DC Ultra-Fast,CCS2,Private,Corporate Account,1.9,131.02,16.16,2117.28,1091.53,139.29,46.24,840.22,42.4,3.3,Completed
SES-003404,2025-03-13,11,EV-056,Bengaluru,Karnataka,Own,DC Ultra-Fast,CCS2,Private,Corporate Account,0.21,18.08,17.59,318.03,118.61,292.67,9.06,-102.31,25.5,4.3,Completed
SES-002421,2024-12-13,18,EV-018,Gurugram,Haryana,Own,AC Level 2,CHAdeMO,Private,Wallet,0.48,4.79,9.43,45.17,36.0,160.97,68.02,-219.82,28.0,4.4,Completed
SES-003248,2025-07-15,17,EV-020,Ahmedabad,Gujarat,Franchise,DC Fast,CHAdeMO,Corporate,Card,1.97,78.37,13.35,1046.24,587.58,136.22,51.21,271.23,34.2,4.0,Completed
SES-003014,2024-05-07,14,EV-048,Mumbai,Maharashtra,Franchise,AC Level 2,Type 2,Private,UPI,1.32,22.13,10.4,230.15,176.92,44.63,51.79,-43.19,60.0,4.1,Completed
SES-003631,2025-12-29,19,EV-091,Ahmedabad,Gujarat,Franchise,DC Fast,CCS2,Private,UPI,1.73,90.43,15.99,1445.98,739.27,77.44,54.21,575.06,62.3,3.4,Completed
SES-000359,2024-12-23,0,EV-026,Chennai,Tamil Nadu,Franchise,AC Level 2,CCS2,Fleet,Card,2.73,27.36,9.88,270.32,146.46,188.38,51.73,-116.25,56.9,4.0,Completed
SES-004391,2024-08-27,12,EV-015,Hyderabad,Telangana,Own,AC Level 2,CCS2,Private,UPI,0.34,6.84,8.59,58.76,50.31,92.84,67.03,-151.42,25.2,4.2,Completed
SES-001213,2024-03-24,20,EV-047,Lucknow,Uttar Pradesh,Own,DC Fast,Type 2,Taxi/Ride-share,Corporate Account,0.79,38.03,11.77,447.61,220.51,54.02,72.9,100.18,30.0,3.7,Completed
SES-002550,2024-01-08,13,EV-013,Delhi,Delhi,Own,AC Level 2,CHAdeMO,Corporate,Card,0.61,12.7,11.99,152.27,69.58,122.2,55.02,-94.53,53.3,3.8,Completed
SES-004024,2024-06-13,18,EV-026,Pune,Maharashtra,Own,DC Fast,CCS2,Fleet,Corporate Account,0.35,17.98,11.23,201.92,148.79,45.42,69.47,-61.76,56.4,3.8,Completed
SES-002123,2024-05-09,2,EV-073,Pune,Maharashtra,Own,AC Level 2,CCS2,Fleet,UPI,2.53,36.72,11.54,423.75,217.7,197.32,69.93,-61.2,44.0,3.7,Completed
SES-004767,2024-08-02,14,EV-009,Lucknow,Uttar Pradesh,Own,AC Level 2,Type 2,Private,UPI,0.29,5.28,9.28,49.0,36.19,131.14,38.01,-156.34,36.8,4.2,Completed
SES-002835,2024-11-01,18,EV-097,Jaipur,Rajasthan,Franchise,AC Level 2,Type 2,Taxi/Ride-share,UPI,2.94,60.89,10.32,628.38,309.35,89.4,71.67,157.96,47.1,4.3,Completed
SES-000144,2025-05-24,12,EV-040,Ahmedabad,Gujarat,Own,AC Level 2,CCS2,Private,Wallet,0.69,13.24,9.49,125.65,75.44,61.15,27.66,-38.6,21.0,3.4,Completed
SES-001914,2025-12-24,8,EV-098,Mumbai,Maharashtra,Partner,DC Fast,CCS2,Taxi/Ride-share,UPI,1.06,54.87,15.41,845.55,346.34,120.22,53.6,325.39,36.4,4.6,Completed
SES-001657,2024-10-18,9,EV-002,Chennai,Tamil Nadu,Franchise,AC Level 2,Type 2,Private,UPI,0.78,14.76,8.89,131.22,107.99,165.06,28.99,-170.82,36.1,4.5,Completed
SES-004653,2025-08-05,21,EV-003,Hyderabad,Telangana,Partner,AC Level 2,CCS2,Corporate,Corporate Account,0.56,9.6,8.22,78.91,81.37,139.95,16.37,-158.78,18.2,4.2,Completed
SES-002384,2025-12-12,21,EV-075,bengaluru,Karnataka,Own,DC Fast,CCS2,Corporate,Corporate Account,1.48,62.25,14.6,908.85,442.65,141.59,57.47,267.14,30.0,4.5,Completed
SES-003920,2024-04-28,16,EV-073,Lucknow,Uttar Pradesh,Own,AC Level 2,CCS2,Private,Card,1.57,15.68,10.3,161.5,83.42,122.14,34.1,-78.16,38.3,4.5,Completed
SES-002148,2024-11-30,11,EV-081,Jaipur,Rajasthan,Own,DC Fast,Type 2,Private,Card,1.64,63.62,12.49,794.61,329.46,144.54,17.08,303.53,54.5,4.5,Completed
SES-004552,2025-09-21,23,EV-067,Mumbai,Maharashtra,Own,AC Level 2,Type 2,Private,UPI,1.12,11.18,11.75,131.36,78.62,88.25,47.94,-83.45,25.1,4.2,Completed
SES-001354,2025-10-14,22,EV-079,Lucknow,Uttar Pradesh,Own,AC Level 2,CCS2,Fleet,Corporate Account,0.5,10.12,10.54,106.66,81.01,49.47,50.42,-74.24,19.2,3.8,Completed
SES-003740,2025-12-14,20,EV-013,Delhi,Delhi,Franchise,AC Level 2,CCS2,Private,Wallet,0.17,3.32,9.33,30.98,22.01,159.34,52.31,-202.68,11.8,4.4,Completed
SES-003796,2024-10-02,7,EV-043,Jaipur,Rajasthan,Partner,AC Level 2,CCS2,Private,Corporate Account,1.8,31.24,10.86,339.27,246.32,42.91,16.34,33.7,30.2,3.5,Completed
SES-000740,2025-11-30,9,EV-022,Jaipur,Rajasthan,Franchise,DC Fast,Type 2,Private,Corporate Account,1.01,47.19,15.76,743.71,342.73,143.95,55.38,201.65,50.3,4.1,Completed
SES-003850,2024-09-27,13,EV-038,Gurugram,Haryana,Franchise,DC Fast,CCS2,Corporate,UPI,0.99,51.87,11.83,613.62,415.88,20.32,50.93,126.49,36.0,3.7,Completed
SES-003670,2025-10-20,0,EV-011,Pune,Maharashtra,Own,DC Fast,CCS2,Fleet,Wallet,1.06,32.58,12.97,422.56,249.32,65.28,37.5,70.46,48.8,4.1,Completed
SES-003228,2025-06-15,18,EV-055,Chennai,Tamil Nadu,Partner,DC Fast,CCS2,Private,Corporate Account,1.32,54.42,11.4,620.39,455.13,113.79,29.42,22.05,29.8,4.9,Completed
SES-004858,2024-09-18,21,EV-032,Pune,Maharashtra,Own,AC Level 2,CCS2,Taxi/Ride-share,UPI,1.92,26.55,10.6,281.43,154.1,169.43,59.27,-101.37,31.0,3.0,Completed
SES-003781,2025-11-22,16,EV-060,Jaipur,Rajasthan,Franchise,DC Ultra-Fast,Type 2,Private,Card,0.38,39.43,18.19,717.23,282.32,202.49,12.66,219.76,48.3,4.0,Completed
SES-004601,2024-05-11,21,EV-044,Bengaluru,Karnataka,Own,DC Ultra-Fast,Type 2,Private,Wallet,3.07,180.0,16.55,2979.0,1404.89,262.98,12.36,1298.77,50.9,4.6,Completed
SES-002779,2025-04-10,4,EV-082,Delhi,Delhi,Own,AC Level 2,CHAdeMO,Private,Wallet,0.38,5.39,11.93,64.3,38.81,163.64,28.8,-166.95,20.9,4.6,Completed
SES-000886,2025-02-03,12,EV-093,Pune,Maharashtra,Own,DC Ultra-Fast,CCS2,Private,Card,1.94,180.0,15.71,2827.8,1105.15,196.7,61.4,1464.55,28.5,5.0,Completed
SES-000033,2024-10-27,9,EV-093,Pune,Maharashtra,Partner,AC Level 2,Type 2,Fleet,UPI,0.15,2.0,9.67,19.34,11.5,79.0,55.88,-127.04,22.1,4.8,Completed
SES-000857,2024-01-29,2,EV-048,Jaipur,Rajasthan,Franchise,,CCS2,Taxi/Ride-share,Card,2.1,115.41,13.26,1530.34,778.73,119.5,45.69,586.42,40.8,4.0,Completed
SES-002510,2025-06-17,1,EV-067,Hyderabad,Telangana,Own,AC Level 2,CCS2,Fleet,,0.6,11.31,8.77,99.19,92.53,204.57,22.3,-220.21,36.9,4.1,Completed
SES-004173,2024-03-14,2,EV-034,Chennai,Tamil Nadu,Franchise,AC Level 2,CHAdeMO,Private,Card,1.01,13.48,8.8,,78.3,38.48,33.3,-31.46,10.5,4.1,Completed
SES-004070,2024-06-05,4,EV-028,Delhi,Delhi,Partner,DC Fast,Type 2,Corporate,UPI,0.41,11.78,14.97,176.35,91.22,71.32,47.2,-33.39,36.1,3.6,Completed
SES-003779,2025-08-19,23,EV-031,Delhi,Delhi,Own,AC Level 2,CCS2,Private,Card,2.01,39.77,8.49,337.65,282.6,79.04,26.5,-50.49,44.0,4.4,Completed
SES-002238,2024-02-05,2,EV-025,Chennai,Tamil Nadu,Franchise,AC Level 2,CCS2,Private,Card,0.78,12.71,8.9,113.12,64.53,82.12,68.73,-102.26,44.5,3.9,Completed
SES-000435,2025-08-02,3,EV-064,Gurugram,Haryana,Partner,DC Fast,Type 2,Fleet,UPI,2.06,109.62,15.93,1746.25,654.48,39.71,22.33,1029.73,60.0,3.8,Completed
SES-000115,2024-09-17,11,EV-024,Delhi,Delhi,Own,DC Fast,CCS2,Corporate,Wallet,0.55,16.77,14.95,250.71,94.31,162.35,66.88,-72.83,30.2,4.0,Completed
SES-004734,2025-01-12,5,EV-083,Lucknow,Uttar Pradesh,Franchise,AC Level 2,CCS2,Private,Wallet,0.69,13.61,9.18,124.94,89.8,191.01,66.56,-222.43,3.3,3.6,Completed
SES-003780,2024-02-18,23,EV-044,Delhi,Delhi,Partner,AC Level 2,CCS2,Fleet,UPI,0.47,6.21,10.96,68.06,41.63,34.65,35.88,-44.1,11.7,5.0,Completed
SES-001927,2025-11-11,4,EV-093,Lucknow,Uttar Pradesh,Partner,DC Fast,CCS2,Taxi/Ride-share,Card,0.2,10.16,12.72,129.24,63.76,77.6,43.93,-56.05,31.4,3.6,Cancelled
SES-003479,2025-11-23,10,EV-028,Jaipur,Rajasthan,Own,DC Ultra-Fast,Type 2,Taxi/Ride-share,Card,0.51,63.95,16.73,1069.88,434.93,265.61,34.73,334.61,31.8,3.1,Completed
SES-002163,2025-10-23,4,EV-051,Mumbai,Maharashtra,Own,AC Level 2,CCS2,Private,Corporate Account,0.81,13.04,8.66,112.93,73.63,193.83,37.71,-192.24,37.2,3.7,Completed
SES-003211,2025-05-12,12,EV-015,Pune,Maharashtra,Own,AC Level 2,Type 2,Private,UPI,1.41,25.48,10.71,272.89,189.12,174.6,62.76,-153.59,47.4,5.0,Cancelled
SES-000764,2025-11-16,12,EV-018,Lucknow,Uttar Pradesh,Own,DC Ultra-Fast,CCS2,Taxi/Ride-share,UPI,0.45,60.33,18.46,1113.69,310.66,248.27,15.2,539.56,9.1,4.1,Completed
SES-001653,2024-03-03,19,EV-004,Bengaluru,Karnataka,Own,AC Level 2,CCS2,Private,Card,0.22,2.67,8.83,23.58,21.48,167.85,40.73,-206.48,36.8,4.1,Completed
SES-000968,2024-05-13,6,EV-072,Mumbai,Maharashtra,Own,AC Level 2,CCS2,Private,UPI,0.21,3.44,8.32,28.62,24.63,164.48,30.02,-190.51,30.8,4.2,Completed
SES-000170,2025-01-26,10,EV-098,Mumbai,Maharashtra,Own,AC Level 2,Type 2, Taxi/Ride-share ,UPI,1.37,26.18,11.67,305.52,202.88,122.67,20.87,-40.9,32.8,3.8,Completed
SES-004561,2024-05-24,7,EV-058,Delhi,Delhi,Own,DC Fast,CCS2,Private,UPI,1.1,40.14,13.91,558.35,313.22,161.27,76.9,6.96,12.0,4.3,Completed
SES-000268,2025-04-30,2,EV-005,Hyderabad,Telangana,Franchise,DC Fast,CCS2,Taxi/Ride-share,Card,0.4,15.06,12.73,191.71,101.53,158.24,78.31,-146.37,21.2,4.0,Completed
SES-002617,2024-02-15,17,EV-042,Jaipur,Rajasthan,Franchise,DC Fast,CCS2,Private,UPI,0.35,14.44,11.96,172.7,120.1,117.42,77.68,-142.5,32.0,4.1,Completed
SES-001730,2024-12-15,9,EV-074,Chennai,Tamil Nadu,Partner,AC Level 2,CHAdeMO,Private,UPI,1.73,35.4,9.12,322.85,181.82,70.94,29.49,40.6,32.5,3.0,Completed
SES-001626,2025-03-02,11,EV-021,Gurugram,Haryana,Franchise,DC Fast,CCS2,Private,Corporate Account,0.15,6.93,11.13,77.13,52.34,216.73,26.59,-218.53,39.9,4.4,Completed
SES-000465,2025-12-29,19,EV-073,Gurugram,Haryana,Own,DC Fast,CHAdeMO,Taxi/Ride-share,Corporate Account,0.64,17.51,14.37,251.62,137.34,153.91,38.8,-78.43,25.0,4.4,Completed
SES-002466,2025-01-07,23,EV-092,Delhi,Delhi,Franchise,DC Fast,Type 2,Private,UPI,0.59,25.35,15.11,383.04,192.05,29.23,13.55,148.21,37.9,3.7,Completed
SES-004090,2024-03-01,15,EV-076,Delhi,Delhi,Own,AC Level 2,CHAdeMO,Fleet,Card,1.39,22.71,11.78,267.52,157.68,214.83,39.81,-144.8,44.8,4.4,Completed
SES-004810,2025-02-24,13,EV-019,Chennai,Tamil Nadu,Own,AC Level 2,CHAdeMO,Private,Corporate Account,0.5,6.01,8.65,51.99,44.74,109.95,24.44,-127.14,25.9,3.8,Completed
SES-000188,2024-09-09,22,EV-012,Gurugram,Haryana,Partner,DC Fast,CCS2,Fleet,Corporate Account,3.07,82.95,12.68,1051.81,654.29,24.63,26.59,346.3,45.2,4.9,Completed
SES-002068,2025-02-22,4,EV-033,Pune,Maharashtra,Own,DC Fast,Type 2,Fleet,Card,2.22,68.67,14.83,1018.38,559.85,145.31,35.86,277.36,25.9,3.5,Completed
SES-001751,2024-11-06,3,EV-033,Bengaluru,Karnataka,Franchise,DC Fast,CCS2,Private,UPI,0.22,9.6,12.71,122.02,58.7,68.5,42.68,-47.86,2.0,4.4,Completed
SES-002752,2025-01-07,12,EV-047,Jaipur,Rajasthan,Own,DC Fast,CCS2,Fleet,UPI,1.13,52.11,13.25,690.46,348.05,107.14,42.5,192.77,31.0,4.4,Completed
SES-000452,2024-06-30,18,EV-053,Bengaluru,Karnataka,Own,AC Level 2,CCS2,Taxi/Ride-share,Card,1.98,38.86,11.19,434.84,240.03,42.1,37.11,115.6,35.0,4.1,Completed
SES-001204,2025-03-05,7,EV-065,Ahmedabad,Gujarat,Own,DC Fast,Type 2,Taxi/Ride-share,UPI,0.85,46.42,12.57,583.5,390.69,110.07,23.58,59.16,36.7,5.0,Completed
SES-001978,2025-02-23,9,EV-077,Mumbai,Maharashtra,Own,DC Fast,CCS2,Taxi/Ride-share,Card,0.18,6.85,11.42,78.23,55.91,76.55,25.6,-79.83,6.3,3.9,Completed
SES-002349,2024-10-27,21,EV-022,Pune,Maharashtra,Own,DC Fast,CCS2,,Corporate Account,1.59,80.53,12.42,1000.18,407.7,199.01,42.19,351.28,40.8,3.8,Completed
SES-000006,2024-09-14,23,EV-021,Gurugram,Haryana,Own,AC Level 2,CCS2,Private,Wallet,0.5,8.52,9.72,82.81,50.49,179.74,49.32,-196.74,26.4,4.0,Completed
SES-004289,2025-09-07,18,EV-082,Jaipur,Rajasthan,Own,AC Level 2,CCS2,Fleet,UPI,0.74,10.51,10.79,113.4,86.31,105.69,29.35,-107.95,24.1,5.0,Completed
SES-001172,2025-12-05,20,EV-070,Ahmedabad,Gujarat,Partner,AC Level 2,CCS2,Private,UPI,0.48,9.18,11.28,103.55,62.67,127.53,19.13,-105.78,16.3,4.8,Completed
SES-001382,2024-04-17,6,EV-100,Jaipur,Rajasthan,Partner,DC Fast,CCS2,Fleet,UPI,1.28,62.61,15.56,974.21,504.32,115.63,44.2,310.06,49.8,5.0,Completed
SES-003287,2024-08-22,21,EV-016,Lucknow,Uttar Pradesh,Partner,DC Fast,Type 2,Private,Corporate Account,1.18,36.73,14.9,547.28,191.59,177.58,9.96,168.15,46.4,3.9,Completed
SES-003842,2025-09-05,0,EV-062,Jaipur,Rajasthan,Own,DC Fast,CCS2,Fleet,UPI,1.34,60.51,12.31,744.88,490.28,142.79,20.4,91.41,33.7,3.8,Completed
SES-003235,2024-05-31,19,EV-014,Chennai,Tamil Nadu,Own,AC Level 2,CCS2,Fleet,UPI,1.79,28.75,8.01,230.29,216.7,183.65,70.64,-240.7,32.6,4.5,Completed
SES-001618,2025-05-12,2,EV-015,Delhi,Delhi,Own,DC Fast,Type 2,Private,UPI,0.98,45.99,14.53,668.23,340.33,176.8,55.77,95.33,33.4,5.0,Completed
SES-001058,2024-11-26,16,EV-031,Chennai,Tamil Nadu,Partner,DC Fast,CCS2,Corporate,Card,1.37,76.23,13.97,1064.93,558.01,181.64,74.19,251.09,52.7,5.0,Completed
SES-001466,2025-02-11,6,EV-047,Lucknow,Uttar Pradesh,Partner,AC Level 2,CHAdeMO,Fleet,Card,1.86,32.45,9.41,305.35,193.46,104.66,18.94,-11.71,64.7,3.6,Completed
SES-001885,2024-04-11,0,EV-042,Mumbai,Maharashtra,Own,AC Level 2,CCS2,Private,UPI,1.43,17.18,8.61,147.92,123.02,110.04,72.28,-157.42,2.0,5.0,Completed
SES-003078,2025-11-19,11,EV-074,Delhi,Delhi,Own,DC Ultra-Fast,CCS2,Private,Wallet,2.41,180.0,14.84,2671.2,1157.52,245.31,72.35,1196.02,55.2,4.1,Completed
SES-001765,2025-08-24,16,EV-049,Pune,Maharashtra,Own,AC Level 2,Type 2,Corporate,UPI,0.58,11.8,10.43,123.07,68.51,104.87,16.69,-67.0,38.1,4.2,Completed
SES-004421,2025-03-20,16,EV-020,Gurugram,Haryana,Own,DC Fast,CHAdeMO,Fleet,UPI,0.99,27.84,14.8,412.03,174.04,175.68,75.7,-13.39,12.6,3.7,Completed
SES-004188,2025-04-05,16,EV-001,Chennai,Tamil Nadu,Own,AC Level 2,CCS2,Fleet,Wallet,0.41,8.03,8.56,68.74,45.61,104.43,22.6,-103.9,27.5,2.9,Completed
SES-004427,2025-05-17,12,EV-004,Mumbai,Maharashtra,Own,AC Level 2,CCS2,Taxi/Ride-share,UPI,0.15,3.13,9.6,30.05,22.74,21.81,61.56,-76.06,32.8,4.3,Completed
SES-000290,2025-07-05,14,EV-075,Delhi,Delhi,Franchise,DC Ultra-Fast,Type 2,Private,UPI,1.89,180.0,18.67,3360.6,1174.65,229.79,52.45,1903.71,58.4,4.0,Completed
SES-002651,2025-03-16,3,EV-065,Hyderabad,Telangana,Own,DC Ultra-Fast,CCS2,Private,Wallet,2.53,180.0,18.21,3277.8,1033.83,141.07,38.83,2064.07,42.7,3.9,Completed
SES-000724,2024-07-16,6,EV-033,Gurugram,Haryana,Partner,AC Level 2,CCS2,Fleet,UPI,0.45,6.34,9.16,58.07,37.34,214.46,50.47,-244.2,23.6,4.5,Completed
SES-003958,2025-07-16,15,EV-021,Pune,Maharashtra,Own,DC Fast,CCS2,Private,UPI,0.42,15.32,11.55,176.95,121.79,34.45,58.07,-37.36,10.7,4.0,Completed
SES-003567,2025-03-18,23,EV-003,Ahmedabad,Gujarat,Own,DC Fast,CCS2,Taxi/Ride-share,Wallet,1.89,103.1,11.05,1139.26,560.25,163.26,21.41,394.34,45.1,4.1,Cancelled
SES-002946,2024-10-16,5,EV-042,Jaipur,Rajasthan,Franchise,AC Level 2,CCS2,Fleet,Wallet,1.45,16.52,8.9,147.03,107.09,159.27,8.88,-128.21,42.7,3.1,Completed
SES-003962,2024-09-15,7,EV-008,Bengaluru,Karnataka,Own,AC Level 2,CHAdeMO,Taxi/Ride-share,UPI,0.66,13.29,8.98,119.34,112.24,78.86,52.8,-124.56,54.8,3.6,Completed
SES-001526,2025-10-26,21,EV-020,Ahmedabad,Gujarat,Partner,DC Fast,Type 2,Taxi/Ride-share,UPI,1.55,68.76,15.95,1096.72,470.12,82.68,27.01,516.91,48.7,3.8,Completed
SES-004683,2025-02-09,9,EV-046,Ahmedabad,Gujarat,Own,DC Fast,CCS2,Fleet,UPI,0.6,25.47,11.98,305.13,200.36,132.12,36.99,-64.34,34.7,4.6,Completed
SES-001318,2024-10-30,11,EV-058,Mumbai,Maharashtra,Franchise,DC Ultra-Fast,CHAdeMO,Taxi/Ride-share,UPI,0.31,33.61,14.24,478.61,220.35,161.31,15.93,81.02,35.6,3.7,Completed
SES-002416,2024-04-17,7,EV-049,Pune,Maharashtra,Franchise,DC Fast,Type 2,Taxi/Ride-share,Card,0.37,18.08,14.87,268.85,121.11,108.07,57.21,-17.54,26.3,3.8,Completed
SES-002110,2025-04-17,15,EV-025,Gurugram,Haryana,Own,DC Ultra-Fast,CCS2,,UPI,1.48,143.23,17.23,2467.85,959.65,107.43,43.73,1357.04,25.5,4.0,Completed
SES-003610,2024-12-11,12,EV-084,Lucknow,Uttar Pradesh,Partner,AC Level 2,CCS2,Fleet,Wallet,1.72,33.35,9.67,322.49,217.7,110.92,62.9,-69.03,52.0,5.0,Completed
SES-000622,2024-01-03,3,EV-060,Chennai,Tamil Nadu,Franchise,AC Level 2,CHAdeMO,Private,Card,2.21,32.99,8.22,271.18,202.68,176.84,75.96,-184.3,56.8,4.0,Completed
SES-000962,2025-01-18,3,EV-030,Delhi,Delhi,Partner,AC Level 2,CHAdeMO,Private,UPI,1.91,26.27,11.14,292.65,170.82,116.44,70.25,-64.86,28.3,4.8,Completed
SES-001418,2024-07-19,13,EV-074,Jaipur,Rajasthan,Partner,DC Fast,Type 2,Private,UPI,0.57,26.26,13.04,342.43,222.08,30.95,7.41,81.99,36.2,4.0,Completed
SES-001862,2024-06-12,21,EV-031,Ahmedabad,Gujarat,Own,AC Level 2,CCS2,Private,UPI,0.53,7.12,10.97,78.11,36.47,26.34,67.94,-52.64,16.0,4.7,Completed
SES-000479,2024-05-07,6,EV-029,Pune,Maharashtra,Own,DC Fast,CCS2,Private,UPI,0.49,17.3,15.58,269.53,135.04,153.77,36.91,-56.19,23.2,3.9,Completed
SES-000770,2025-07-08,12,EV-023,Delhi,Delhi,Franchise,AC Level 2,CCS2,Taxi/Ride-share,UPI,0.35,6.32,8.63,54.54,35.71,146.72,42.37,-170.26,37.8,3.3,Completed
SES-004062,2025-04-22,6,EV-067,Bengaluru,Karnataka,Partner,DC Fast,CCS2,Private,UPI,1.72,95.43,15.88,1515.43,757.71,69.33,30.74,657.65,53.7,4.3,Completed
SES-003362,2025-06-15,12,EV-094,Chennai,Tamil Nadu,Own,AC Level 2,CCS2,Private,Card,1.42,19.6,9.52,186.59,153.32,40.53,41.51,-48.77,34.9,4.6,Completed
SES-000822,2024-05-25,8,EV-088,Lucknow,Uttar Pradesh,Franchise,DC Fast,CCS2,Corporate,UPI,2.47,132.47,11.03,1461.14,743.06,79.02,62.28,576.78,59.3,5.0,Completed
SES-000317,2025-05-01,22,EV-076,Bengaluru,Karnataka,Own,DC Ultra-Fast,CCS2,Private,Wallet,0.64,76.82,14.93,1146.92,554.35,53.38,12.62,526.57,48.7,4.1,Completed
SES-001640,2025-01-24,2,EV-017,Lucknow,Uttar Pradesh,Partner,DC Fast,Type 2,Corporate,Card,1.85,67.7,12.4,839.48,426.46,192.62,28.73,191.67,51.3,3.9,Completed
SES-001440,2025-10-11,9,EV-094,Mumbai,Maharashtra,Own,DC Ultra-Fast,Type 2,Private,UPI,1.6,180.0,19.28,3470.4,1097.97,145.95,43.81,2182.67,41.2,3.9,Completed
SES-002562,2024-01-16,12,EV-089,Lucknow,Uttar Pradesh,Partner,DC Fast,Type 2,Private,UPI,1.47,44.51,14.3,636.49,307.3,186.42,12.9,129.87,27.9,3.0,Completed
SES-001870,2025-10-02,8,EV-009,Delhi,Delhi,Franchise,AC Level 2,Type 2,Taxi/Ride-share,UPI,1.17,19.83,11.24,222.89,153.63,175.96,60.11,-166.81,16.7,4.7,Completed
SES-002998,2024-04-03,13,EV-017,Delhi,Delhi,Own,AC Level 2,CCS2,Private,Card,0.16,2.35,9.99,23.48,11.86,125.13,23.98,-137.49,29.7,4.0,Completed
SES-001196,2025-06-09,22,EV-068,Lucknow,Uttar Pradesh,Own,AC Level 2,CCS2,Private,UPI,0.79,10.55,9.72,102.55,84.61,199.47,30.2,-211.73,23.0,3.5,Completed
SES-004976,2024-09-14,14,EV-084,Chennai,Tamil Nadu,Franchise,DC Fast,Type 2,Fleet,UPI,0.65,22.56,13.83,312.0,131.18,112.6,14.65,53.57,36.9,4.7,Completed
SES-001166,2024-03-05,11,EV-032,Gurugram,Haryana,Own,DC Fast,CCS2,Taxi/Ride-share,Card,1.42,42.85,11.25,482.06,304.78,204.45,10.26,-37.43,7.5,4.0,Completed
SES-002625,2024-09-02,6,EV-025,Hyderabad,Telangana,Partner,AC Level 2,Type 2,Private,Card,0.97,19.99,11.21,224.09,121.31,37.27,56.19,9.32,30.4,4.5,Completed
SES-000881,2024-04-26,0,EV-005,Delhi,Delhi,Own,DC Fast,CCS2,Taxi/Ride-share,Card,0.61,26.38,11.24,296.51,138.89,212.42,47.77,-102.57,22.0,3.6,Completed
SES-003669,2024-03-14,15,EV-089,Ahmedabad,Gujarat,Own,DC Fast,CHAdeMO,Fleet,Corporate Account,1.66,52.96,15.86,839.95,359.0,140.07,64.13,276.75,22.0,4.5,Completed
SES-003413,2025-03-26,20,EV-083,Gurugram,Haryana,Own,AC Level 2,CCS2,Taxi/Ride-share,UPI,0.8,16.48,11.15,183.75,88.3,73.46,15.12,6.87,25.6,4.1,Completed
SES-004373,2025-09-19,2,EV-060,Jaipur,Rajasthan,Own,AC Level 2,Type 2,Private,Card,0.93,12.58,9.82,123.54,70.91,205.77,31.24,-184.38,30.3,4.3,Completed
SES-000656,2025-04-12,21,EV-013,Pune,Maharashtra,Franchise,AC Level 2,CCS2,Private,UPI,0.55,6.19,11.18,69.2,44.22,87.41,31.97,-94.4,18.0,4.0,Completed
SES-003763,2025-03-12,18,EV-008,Hyderabad,Telangana,Own,DC Fast,CCS2,Private,UPI,0.57,30.11,13.13,395.34,174.64,96.89,12.23,111.58,15.7,4.3,Failed
SES-002478,2025-05-07,3,EV-054,Hyderabad,Telangana,Own,DC Ultra-Fast,CCS2,Private,UPI,0.44,37.05,16.17,599.1,261.83,315.29,27.01,-5.03,13.0,4.6,Completed
SES-003385,2025-05-27,11,EV-066,Bengaluru,Karnataka,Franchise,DC Fast,Type 2,Corporate,Card,0.72,39.48,11.68,461.13,262.46,200.21,22.54,-24.08,18.6,4.0,Completed
SES-003821,2025-01-25,17,EV-093,Lucknow,Uttar Pradesh,Franchise,DC Fast,CCS2,Private,Corporate Account,2.07,105.19,11.66,1226.52,568.53,209.43,5.63,442.93,44.7,3.8,Completed
SES-004761,2024-09-13,7,EV-038,Pune,Maharashtra,Own,AC Level 2,CCS2,Corporate,Corporate Account,0.9,11.69,11.8,137.94,94.29,74.93,8.83,-40.11,28.3,3.6,Completed
SES-003429,2025-02-23,18,EV-021,Pune,Maharashtra,Own,AC Level 2,CCS2,Corporate,Corporate Account,1.45,26.05,8.4,218.82,159.85,180.74,14.44,-136.21,25.1,5.0,Completed
SES-000644,2025-06-15,1,EV-026,Mumbai,Maharashtra,Partner,DC Fast,CCS2,Fleet,UPI,2.4,120.38,14.16,1704.58,973.83,64.61,76.21,589.93,35.2,4.6,Cancelled
SES-000874,2025-08-10,18,EV-004,Delhi,Delhi,Own,dc fast,CCS2,Corporate,Wallet,0.15,7.39,13.0,96.07,57.96,134.99,7.13,-104.01,12.7,3.8,Completed
SES-000343,2024-04-24,11,EV-023,Hyderabad,Telangana,Franchise,DC Fast,CCS2,Private,Wallet,0.83,25.0,11.92,298.0,170.14,130.54,41.46,-44.14,27.6,3.6,Completed
SES-002321,2025-11-30,1,EV-068,Pune,Maharashtra,Own,DC Fast,CCS2,Private,UPI,2.36,115.87,15.96,1849.29,947.03,107.96,17.7,776.6,53.4,4.0,Completed
SES-001841,2025-04-15,4,EV-100,Gurugram,Haryana,Partner,AC Level 2,CCS2,Corporate,UPI,2.36,25.69,10.55,271.03,176.4,135.07,79.99,-120.43,33.0,2.8,Completed
SES-002076,2024-08-15,8,EV-036,Chennai,Tamil Nadu,Franchise,DC Fast,CCS2,Fleet,Corporate Account,0.78,29.1,12.46,362.59,157.25,94.61,10.81,99.92,30.3,3.9,Completed
SES-000303,2024-08-07,18,EV-081,Delhi,Delhi,Own,AC Level 2,CCS2,Private,Card,0.78,10.12,10.55,106.77,75.34,146.89,71.37,-186.83,22.4,4.5,Completed
SES-000102,2025-05-05,13,EV-012,Delhi,Delhi,Own,DC Fast,Type 2,Private,UPI,2.34,114.47,12.62,1444.61,910.58,42.2,28.23,463.6,61.2,4.0,Completed
SES-004770,2025-05-26,10,EV-055,Jaipur,Rajasthan,Own,DC Fast,CCS2,Taxi/Ride-share,UPI,1.47,41.38,13.98,578.49,259.53,58.48,57.67,202.81,15.4,5.0,Completed
SES-004063,2025-05-08,12,EV-063,Ahmedabad,Gujarat,Franchise,DC Fast,CHAdeMO,Fleet,Card,1.33,56.23,11.46,644.4,349.08,152.16,12.51,130.65,33.7,5.0,Completed
SES-002591,2024-08-31,2,EV-071,Jaipur,Rajasthan,Partner,AC Level 2,Type 2,Private,Card,2.21,30.32,12.0,363.84,184.95,20.83,42.98,115.08,38.9,3.8,Completed
SES-004127,2024-03-17,7,EV-033,Gurugram,Haryana,Partner,AC Level 2,CHAdeMO,Private,UPI,1.43,17.68,10.33,182.63,145.46,144.84,34.75,-142.42,38.5,4.1,Completed
SES-000197,2025-08-14,23,EV-014,Pune,Maharashtra,Partner,DC Fast,Type 2,Private,UPI,0.89,34.03,15.05,512.15,232.99,30.71,67.42,181.03,21.2,3.7,Completed
SES-001595,2024-04-02,1,EV-094,Lucknow,Uttar Pradesh,Franchise,DC Fast,CHAdeMO,Private,UPI,0.96,46.07,11.09,510.92,291.52,112.89,14.8,91.71,45.8,4.1,Completed
SES-004358,2024-02-17,0,EV-076,Bengaluru,Karnataka,Own,AC Level 2,CHAdeMO,Fleet,UPI,0.84,15.62,10.09,157.61,81.99,209.46,79.27,-213.11,33.2,4.0,Completed
SES-003478,2025-10-14,19,EV-057,Pune,Maharashtra,Franchise,AC Level 2,Type 2,Taxi/Ride-share,Corporate Account,2.55,37.85,11.35,429.6,229.88,153.98,29.87,15.87,46.8,4.1,Completed
SES-002190,2025-05-10,3,EV-027,Ahmedabad,Gujarat,Own,AC Level 2,Type 2,Private,Card,0.15,2.47,9.42,23.27,14.38,214.23,42.41,-247.75,15.1,4.6,Completed
SES-000918,2025-03-04,3,EV-029,Pune,Maharashtra,Own,AC Level 2,Type 2,Private,UPI,0.55,10.32,10.98,113.31,59.49,111.44,34.43,-92.05,29.7,4.8,Completed
SES-001487,2024-08-02,17,EV-066,Delhi,Delhi,Own,DC Ultra-Fast,CCS2,Taxi/Ride-share,Corporate Account,0.17,12.98,17.14,222.48,101.22,110.31,8.73,2.22,27.8,3.0,Completed
SES-001259,2024-06-13,10,EV-067,Jaipur,Rajasthan,Own,AC Level 2,CCS2,Fleet,Wallet,1.44,28.56,9.82,280.46,166.89,123.41,54.23,-64.07,57.6,2.8,Completed
SES-001086,2025-06-16,20,EV-001,Bengaluru,Karnataka,Own,AC Level 2,CCS2,Fleet,UPI,3.42,47.27,8.18,386.67,399.6,103.69,69.01,-185.63,47.6,4.3,Completed
SES-003164,2025-01-18,9,EV-097,Ahmedabad,Gujarat,Partner,DC Fast,CCS2,Private,UPI,1.27,53.38,12.29,656.04,293.14,88.19,39.43,235.28,33.1,3.1,Completed
SES-000995,2024-09-10,23,EV-075,Ahmedabad,Gujarat,Own,DC Ultra-Fast,CCS2,Fleet,Card,0.77,91.84,19.55,1795.47,585.51,259.37,66.04,884.55,22.7,3.8,Completed
SES-003306,2025-06-13,11,EV-053,Delhi,Delhi,Partner,DC Fast,CCS2,Private,UPI,0.3,10.24,12.48,127.8,55.57,115.64,77.5,-120.91,33.5,4.3,Completed
SES-002861,2025-05-20,0,EV-003,Bengaluru,Karnataka,Partner,dc ultra-fast,Type 2,Taxi/Ride-share,UPI,0.34,40.07,18.72,750.11,284.29,114.95,22.92,327.95,26.4,3.6,Completed
SES-002330,2024-08-06,23,EV-077,Jaipur,Rajasthan,Own,DC Fast,CCS2,Corporate,Corporate Account,2.32,97.84,13.39,1310.08,769.44,46.61,25.08,468.95,70.2,4.3,Completed
SES-001065,2025-10-03,14,EV-078,Mumbai,Maharashtra,Own,AC Level 2,CHAdeMO,Private,UPI,1.04,18.71,9.49,177.56,145.59,191.9,35.51,-195.44,34.2,3.7,Completed
SES-001892,2024-10-23,13,EV-072,Chennai,Tamil Nadu,Own,DC Fast,CCS2,Fleet,Card,0.32,17.85,12.37,220.8,92.76,20.77,16.26,91.01,26.6,4.1,Completed
SES-003310,2025-10-17,5,EV-084,Hyderabad,Telangana,Partner,AC Level 2,CCS2,Private,UPI,0.68,12.21,8.8,107.45,95.15,192.98,36.29,-216.97,42.9,4.7,Completed
SES-001071,2025-12-12,20,EV-050,Lucknow,Uttar Pradesh,Own,DC Fast,CCS2,Taxi/Ride-share,Corporate Account,0.88,48.96,15.61,764.27,332.15,73.69,17.28,341.15,46.1,3.4,Completed
SES-000528,2025-09-28,20,EV-039,Pune,Maharashtra,Own,AC Level 2,Type 2,Private,Card,0.98,15.61,10.87,169.68,98.5,100.47,10.95,-40.24,49.6,3.9,Failed
SES-003086,2025-09-15,16,EV-066,Delhi,Delhi,Partner,AC Level 2,CCS2,Fleet,UPI,0.9,11.71,8.88,103.98,61.46,101.26,51.75,-110.49,26.3,3.1,Completed
SES-001321,2024-02-07,0,EV-018,Delhi,Delhi,Partner,AC Level 2,CCS2,Fleet,UPI,1.08,13.17,10.2,134.33,68.34,161.17,61.67,-156.85,41.5,4.0,Completed
SES-000754,2024-12-05,15,EV-065,Chennai,Tamil Nadu,Partner,DC Fast,CCS2,Private,Wallet,2.24,108.03,11.21,1211.02,676.43,184.54,43.45,306.6,47.7,4.7,Completed
SES-003326,2024-07-20,9,EV-088,Jaipur,Rajasthan,Partner,DC Fast,Type 2,Taxi/Ride-share,UPI,2.18,71.39,13.52,965.19,514.4,74.92,8.73,367.14,31.7,4.2,Completed
SES-000928,2024-11-30,0,EV-055,Jaipur,Rajasthan,Own,DC Fast,Type 2,Taxi/Ride-share,Wallet,1.27,64.95,14.65,951.52,537.85,84.08,79.27,250.32,35.0,4.4,Completed
SES-002942,2024-08-15,3,EV-027,Gurugram,Haryana,Own,DC Fast,CCS2,Private,UPI,1.02,38.73,12.91,500.0,315.58,29.95,73.02,81.45,58.6,4.7,Completed
SES-004748,2024-12-01,9,EV-002,Jaipur,Rajasthan,Own,AC Level 2,Type 2,Corporate,Corporate Account,0.34,4.35,10.61,46.15,23.25,61.5,44.7,-83.3,34.4,4.9,Completed
SES-004751,2024-05-28,1,EV-085,Jaipur,Rajasthan,Franchise,DC Fast,CCS2,Taxi/Ride-share,UPI,0.47,15.83,12.08,191.23,103.39,147.46,22.33,-81.95,22.4,4.0,Completed
SES-003502,2025-01-23,4,EV-097,Chennai,Tamil Nadu,Partner,AC Level 2,Type 2,Private,UPI,0.58,11.93,10.9,130.04,80.93,20.5,48.98,-20.37,8.7,3.7,Completed
SES-000411,2024-06-11,7,EV-025,Chennai,Tamil Nadu,Own,DC Fast,CCS2,Fleet,UPI,1.83,100.23,13.36,1339.07,527.79,219.14,19.31,572.83,41.4,4.1,Completed
SES-002548,2025-08-21,11,EV-047,Hyderabad,Telangana,Franchise,DC Fast,CCS2,Private,Corporate Account,0.64,32.71,13.6,444.86,176.16,202.66,5.99,60.05,22.4,4.9,Cancelled
SES-003830,2025-12-22,21,EV-078,Pune,Maharashtra,Own,AC Level 2,CCS2,Corporate,Wallet,1.44,18.91,11.73,221.81,96.77,164.71,35.05,-74.72,41.5,4.8,Completed
SES-004612,2024-06-01,23,EV-076,Bengaluru,Karnataka,Own,DC Fast,CHAdeMO,Corporate,UPI,0.81,41.1,11.19,459.91,349.27,73.33,72.37,-35.06,31.6,3.7,Completed
SES-002302,2025-07-23,5,EV-088,Lucknow,Uttar Pradesh,Franchise,DC Fast,CCS2,Taxi/Ride-share,UPI,0.34,10.67,14.04,149.81,67.44,52.55,35.96,-6.14,25.4,5.0,Failed
SES-002619,2024-08-12,22,EV-042,Gurugram,Haryana,Own,AC Level 2,CCS2,Fleet,UPI,0.33,6.88,9.52,65.5,54.48,92.93,56.97,-138.88,22.8,3.6,Completed
SES-003607,2024-09-16,10,EV-079,Hyderabad,Telangana,Partner,AC Level 2,CCS2,Corporate,Card,1.47,29.98,10.3,308.79,246.92,101.88,50.33,-90.34,21.8,3.8,Completed
SES-004011,2024-11-16,21,EV-053,Chennai,Tamil Nadu,Own,AC Level 2,CHAdeMO,Corporate,Corporate Account,0.15,2.0,9.19,18.38,15.72,144.09,39.25,-180.68,19.1,3.4,Completed
SES-003190,2024-05-11,15,EV-033,Bengaluru,Karnataka,Own,AC Level 2,Type 2,Private,UPI,0.66,9.25,11.86,109.7,53.85,72.68,56.97,-73.8,3.3,5.0,Completed
SES-000283,2024-03-20,16,EV-044,Chennai,Tamil Nadu,Partner,DC Ultra-Fast,CCS2,Private,UPI,0.36,47.57,16.14,767.78,345.1,312.47,20.66,89.55,24.4,3.7,Completed
SES-000944,2024-01-17,13,EV-086,Jaipur,Rajasthan,Franchise,DC Fast,CHAdeMO,Taxi/Ride-share,UPI,2.51,108.62,13.09,1421.84,786.32,153.6,53.9,428.02,29.6,4.2,Completed
SES-004430,2024-05-28,18,EV-025,Chennai,Tamil Nadu,Partner,DC Fast,CCS2,Private,UPI,2.71,129.52,13.92,1802.92,711.67,116.26,11.64,963.35,67.5,3.3,Completed
SES-000265,2025-07-25,18,EV-013,Lucknow,Uttar Pradesh,Own,AC Level 2,CCS2,Corporate,UPI,0.47,6.07,8.93,54.21,34.58,209.42,27.71,-217.5,25.3,4.2,Completed
SES-000909,2024-09-25,0,EV-071,Bengaluru,Karnataka,Franchise,DC Fast,Type 2,Corporate,UPI,1.37,69.21,12.23,846.44,438.38,101.25,37.11,269.7,53.8,3.8,Completed
SES-003010,2025-04-12,10,EV-014,Lucknow,Uttar Pradesh,Own,DC Ultra-Fast,CCS2,Private,Corporate Account,1.11,84.35,16.71,1409.49,449.63,318.85,39.12,601.89,26.7,4.8,Completed
SES-003199,2024-06-17,18,EV-089,Jaipur,Rajasthan,Own,AC Level 2,CCS2,Private,Wallet,0.36,4.19,11.78,49.36,24.57,131.64,66.43,-173.28,10.8,3.9,Completed
SES-003392,2024-06-15,3,EV-014,Pune,Maharashtra,Own,DC Fast,CCS2,Private,Wallet,0.88,38.1,12.11,461.39,315.92,85.65,71.36,-11.54,15.5,4.3,Completed
SES-002449,2025-07-06,15,EV-045,Jaipur,Rajasthan,Franchise,DC Ultra-Fast,CCS2,Private,Corporate Account,0.36,38.58,15.27,589.12,279.22,254.39,19.66,35.85,42.4,3.6,Failed
SES-004916,2025-10-15,20,EV-061,Chennai,Tamil Nadu,Franchise,DC Fast,CCS2,Corporate,Card,0.99,54.83,12.26,672.22,459.58,102.84,19.05,90.75,33.6,3.3,Completed
SES-003775,2024-08-07,17,EV-053,Jaipur,Rajasthan,Own,DC Ultra-Fast,Type 2,Fleet,UPI,1.82,180.0,18.48,3326.4,958.85,147.15,51.02,2169.38,32.8,5.0,Completed
SES-003858,2025-02-26,11,EV-099,Pune,Maharashtra,Own,AC Level 2,CCS2,Corporate,UPI,1.15,17.83,11.43,203.8,148.2,129.87,12.73,-87.0,18.0,4.2,Completed
SES-002323,2025-05-04,14,EV-048,Gurugram,Haryana,Own,AC Level 2,Type 2,Fleet,Wallet,2.61,28.43,11.31,321.54,164.66,66.63,13.52,76.73,34.9,3.5,Completed
SES-003049,2024-12-12,2,EV-001,Chennai,Tamil Nadu,Own,DC Ultra-Fast,Type 2,Private,Wallet,1.93,130.44,19.36,2525.32,738.19,50.56,33.37,1703.2,52.3,4.2,Completed
SES-003205,2025-10-19,12,EV-009,Lucknow,Uttar Pradesh,Own,DC Fast,CCS2,Private,Card,1.31,50.17,12.57,630.64,396.25,165.59,10.76,58.04,36.5,4.2,Completed
SES-000790,2025-08-03,14,EV-021,Mumbai,Maharashtra,Own,DC Ultra-Fast,CHAdeMO,Fleet,UPI,1.83,180.0,15.11,2719.8,1105.36,87.61,13.57,1513.26,46.0,3.4,Completed
SES-000496,2025-02-25,18,EV-030,Delhi,Delhi,Franchise,DC Fast,CCS2,Taxi/Ride-share,UPI,1.56,88.22,14.64,1291.54,552.24,52.89,42.12,644.29,47.1,5.0,Completed
SES-004364,2024-10-02,19,EV-010,Chennai,Tamil Nadu,Own,DC Fast,CCS2,Fleet,UPI,0.29,12.49,11.81,147.51,81.39,77.13,55.18,-66.19,27.4,3.2,Completed
SES-004783,2024-01-21,0,EV-062,Ahmedabad,Gujarat,Own,AC Level 2,CCS2,Fleet,Wallet,0.53,9.14,8.09,73.94,61.76,128.09,58.38,-174.29,29.4,3.3,Completed
SES-004371,2025-11-11,21,EV-015,Delhi,Delhi,Own,AC Level 2,CCS2,Taxi/Ride-share,,1.07,21.5,9.47,203.6,132.19,52.46,29.9,-10.95,31.3,4.8,Completed
SES-003374,2024-05-18,4,EV-084,Hyderabad,Telangana,Own,DC Fast,Type 2,Private,UPI,0.96,53.34,14.54,775.56,390.94,131.0,46.71,206.91,38.8,3.8,Completed
SES-000936,2025-07-03,14,EV-058,Delhi,Delhi,Own,DC Fast,CCS2,Private,Wallet,0.55,22.98,15.81,363.31,118.95,141.5,22.71,80.15,32.7,4.3,Completed
SES-004899,2025-06-16,13,EV-010,Lucknow,Uttar Pradesh,Own,AC Level 2,Type 2,Corporate,Wallet,1.41,20.25,10.02,202.9,165.58,33.84,69.91,-66.43,28.3,3.8,Completed
SES-000305,2025-03-09,10,EV-029,Bengaluru,Karnataka,Own,AC Level 2,CCS2,Private,Card,1.85,21.64,11.29,244.32,179.73,44.14,22.53,-2.08,12.5,4.1,Completed
SES-001269,2024-01-31,15,EV-093,Mumbai,Maharashtra,Franchise,DC Fast,CCS2,Taxi/Ride-share,UPI,2.55,129.11,11.65,1504.13,1023.86,56.27,27.18,396.82,58.6,4.3,Completed
SES-001482,2025-09-18,0,EV-049,Mumbai,Maharashtra,Partner,DC Fast,CCS2,Fleet,UPI,1.02,53.56,13.84,741.27,412.1,80.5,73.19,175.48,47.8,4.8,Completed
SES-003188,2025-12-06,9,EV-069,Lucknow,Uttar Pradesh,Own,AC Level 2,CHAdeMO,Corporate,UPI,0.38,4.55,10.77,49.0,32.7,173.77,46.48,-203.95,20.2,3.6,Completed
SES-000858,2024-07-03,23,EV-039,Chennai,Tamil Nadu,Partner,AC Level 2,CCS2,Private,Wallet,0.79,10.04,9.29,93.27,81.17,103.57,23.69,-115.16,31.3,4.2,Completed
SES-000344,2024-11-29,14,EV-043,Hyderabad,Telangana,Own,DC Fast,Type 2,Private,UPI,0.53,20.73,15.69,325.25,114.68,119.02,17.7,73.85,20.9,3.9,Completed
SES-003777,2024-01-12,2,EV-100,Chennai,Tamil Nadu,Own,AC Level 2,CCS2,Taxi/Ride-share,Card,1.69,16.91,11.89,201.06,142.44,112.3,69.33,-123.01,15.7,3.8,Completed
SES-003223,2024-09-06,15,EV-007,Bengaluru,Karnataka,Own,AC Level 2,CCS2,Private,UPI,0.57,10.01,10.59,106.01,65.78,88.83,12.85,-61.45,32.6,5.0,Completed
SES-004527,2024-04-14,12,EV-041,Bengaluru,Karnataka,Franchise,DC Fast,CCS2,Private,UPI,1.81,69.64,11.5,800.86,486.65,,42.71,203.14,30.4,3.8,Completed
SES-001433,2025-05-31,10,EV-062,Lucknow,Uttar Pradesh,Franchise,AC Level 2,CCS2,Private,Card,2.47,44.65,8.3,370.6,300.83,188.44,59.77,-178.44,42.8,4.7,Completed
SES-003500,2024-02-28,22,EV-100,Delhi,Delhi,Own,AC Level 2,CCS2,Fleet,UPI,0.8,15.08,10.7,161.36,123.82,101.79,9.17,-73.42,36.1,4.5,Completed
SES-004346,2025-08-30,14,EV-036,Mumbai,Maharashtra,Franchise,AC Level 2,CCS2,Private,Card,0.19,2.23,11.87,26.47,17.2,70.35,13.29,-74.37,27.1,4.4,Completed
SES-004637,2025-01-08,15,EV-015,Bengaluru,Karnataka,Franchise,AC Level 2,CCS2,Taxi/Ride-share,UPI,0.31,4.4,11.46,50.42,35.78,121.32,44.61,-151.29,22.5,3.8,Completed
SES-003506,2025-09-27,22,EV-072,Pune,Maharashtra,Partner,DC Fast,CCS2,Private,Corporate Account,1.15,53.98,11.89,641.82,274.63,35.73,43.2,288.26,28.3,4.1,Completed
SES-003444,2025-02-03,1,EV-012,Delhi,Delhi,Own,DC Ultra-Fast,CCS2,Private,Wallet,1.36,180.0,17.1,3078.0,1042.73,231.33,12.01,1791.93,60.8,3.9,Completed
SES-003110,2025-10-15,0,EV-028,Bengaluru,Karnataka,Franchise,DC Fast,CCS2,Taxi/Ride-share,UPI,0.84,31.61,13.02,411.56,185.73,21.65,6.43,197.75,21.1,4.2,Completed
SES-001031,2025-05-30,11,EV-091,Jaipur,Rajasthan,Own,DC Fast,CCS2,Private,UPI,0.62,25.62,15.87,406.59,210.46,34.17,47.05,114.91,22.1,4.1,Completed
SES-004128,2025-02-25,13,EV-013,Delhi,Delhi,Own,AC Level 2,CCS2,Private,UPI,0.24,4.56,9.85,44.92,36.94,140.81,61.91,-194.74,47.7,3.7,Completed
SES-003021,2024-08-30,7,EV-055,Lucknow,Uttar Pradesh,Partner,DC Fast,Type 2,Private,UPI,0.61,28.02,14.38,402.93,184.36,74.93,65.8,77.84,40.6,3.7,Completed
SES-003919,2025-02-11,20,EV-011,Delhi,Delhi,Own,DC Fast,CCS2,Private,UPI,1.24,62.85,15.36,965.38,399.6,152.23,38.45,375.1,39.0,3.3,Completed
SES-004159,2025-06-25,7,EV-082,Ahmedabad,Gujarat,Own,DC Ultra-Fast,Type 2,Private,UPI,0.53,35.83,19.5,698.68,300.72,293.78,22.28,81.9,27.9,4.3,Completed
SES-000643,2025-03-14,7,EV-060,Delhi,Delhi,Franchise,DC Fast,Type 2,Private,Card,0.76,39.29,12.89,506.45,273.01,67.53,69.38,96.53,55.0,3.5,Completed
SES-004735,2025-09-21,10,EV-057,Pune,Maharashtra,Own,AC Level 2,Type 2,Fleet,UPI,0.65,13.43,10.94,146.92,69.2,107.09,38.59,-67.96,31.5,3.6,Completed
SES-002824,2025-01-06,11,EV-064,Pune,Maharashtra,Franchise,AC Level 2,Type 2,Fleet,UPI,2.44,50.56,10.87,549.59,324.05,211.73,33.13,-19.32,59.9,3.0,Completed
SES-001488,2025-05-25,12,EV-097,Lucknow,Uttar Pradesh,Own,AC Level 2,CCS2,Fleet,UPI,2.0,31.18,8.96,279.37,186.07,79.75,47.09,-33.54,41.6,4.6,Completed
SES-001139,2025-06-18,20,EV-069,Gurugram,Haryana,Partner,DC Ultra-Fast,CCS2,Private,UPI,0.29,39.23,17.42,683.39,202.56,66.32,78.38,336.13,28.3,3.8,Completed
SES-003902,2025-08-06,4,EV-055,Bengaluru,Karnataka,Franchise,AC Level 2,CCS2,Fleet,UPI,0.84,11.08,8.83,97.84,71.61,175.02,24.83,-173.62,19.4,4.2,Completed
SES-003009,2024-07-11,9,EV-099,Ahmedabad,Gujarat,Own,AC Level 2,CCS2,Corporate,Card,1.01,11.17,9.7,108.35,79.82,189.84,16.92,-178.23,37.6,3.9,Completed
SES-003470,2025-07-29,8,EV-079,Gurugram,Haryana,Partner,DC Fast,CCS2,Private,UPI,1.6,64.33,12.87,827.93,393.73,186.52,26.2,221.48,39.0,4.5,Completed
SES-003876,2024-02-16,13,EV-034,Gurugram,Haryana,Own,DC Fast,Type 2,Private,Corporate Account,1.53,63.38,12.99,823.31,390.6,210.1,67.46,155.15,65.8,4.3,Completed
SES-003011,2025-06-05,2,EV-022,Pune,Maharashtra,Own,AC Level 2,CCS2,taxi/ride-share,Wallet,0.5,8.49,11.61,98.57,70.61,176.3,52.69,-201.03,29.7,3.8,Completed
SES-002649,2025-03-26,6,EV-024,Chennai,Tamil Nadu,Own,DC Fast,Type 2,Corporate,Corporate Account,0.5,20.94,12.8,268.03,104.75,129.75,48.25,-14.72,28.8,3.8,Completed
SES-000807,2024-12-03,16,EV-075,Hyderabad,Telangana,Own,DC Fast,CCS2,Private,Wallet,0.97,50.2,12.87,646.07,385.24,113.1,14.79,132.94,45.1,4.6,Completed
SES-003753,2025-03-10,15,EV-086,Pune,Maharashtra,Partner,DC Ultra-Fast,Type 2,Private,Wallet,1.79,146.61,16.48,2416.13,819.17,265.38,18.48,1313.1,37.6,4.1,Completed
SES-001348,2025-07-01,21,EV-038,Ahmedabad,Gujarat,Partner,DC Fast,Type 2,Private,Card,0.15,5.98,14.06,84.08,39.07,90.99,71.5,-117.48,13.2,4.0,Completed
SES-004544,2025-05-10,2,EV-012,Lucknow,Uttar Pradesh,Franchise,DC Fast,CCS2,Taxi/Ride-share,Card,0.43,15.15,15.44,233.92,101.44,35.61,17.88,78.99,27.3,3.8,Completed
SES-004578,2024-04-14,23,EV-017,Delhi,Delhi,Own,AC Level 2,CCS2,Fleet,Card,0.41,4.57,11.64,53.19,35.8,217.38,48.2,-248.19,21.3,3.2,Completed
SES-003881,2025-02-02,10,EV-085,Lucknow,Uttar Pradesh,Franchise,DC Fast,CHAdeMO,Corporate,Wallet,0.88,42.87,14.05,602.32,301.18,48.86,73.65,178.63,38.3,4.0,Completed
SES-001187,2025-12-17,11,EV-042,Gurugram,Haryana,Own,DC Fast,CCS2, Taxi/Ride-share ,Card,0.26,12.68,13.58,172.19,75.88,53.06,48.06,-4.81,28.8,3.5,Failed
SES-003169,2024-09-20,7,EV-019,Delhi,Delhi,Own,DC Fast,CCS2,Private,Card,1.58,65.53,14.87,974.43,394.27,40.47,75.17,464.52,38.0,5.0,Completed
SES-004763,2025-12-07,18,EV-065,Pune,Maharashtra,Partner,DC Fast,CCS2,Private,Wallet,0.89,45.93,15.75,723.4,379.8,65.34,24.06,254.2,69.1,4.5,Completed
SES-003436,2024-05-19,7,EV-095,Lucknow,Uttar Pradesh,Franchise,DC Fast,Type 2,Taxi/Ride-share,Corporate Account,0.6,23.25,15.42,358.52,177.88,82.84,48.96,48.84,16.8,5.0,Completed
SES-002531,2024-03-02,11,EV-003,Ahmedabad,Gujarat,Partner,DC Fast,CHAdeMO,Private,UPI,0.81,39.99,11.59,463.48,289.21,96.77,18.31,59.19,24.1,4.9,Completed
SES-000346,2024-08-20,16,EV-028,Jaipur,Rajasthan,Own,AC Level 2,Type 2,Private,UPI,1.1,21.14,10.18,215.21,120.21,74.44,40.23,-19.67,41.8,3.7,Completed
SES-000259,2025-12-04,15,EV-083,Lucknow,Uttar Pradesh,Partner,AC Level 2,CCS2,Corporate,UPI,1.4,26.67,10.21,272.3,167.95,170.78,19.86,-86.29,36.1,4.1,Completed
SES-000114,2024-09-28,23,EV-002,Bengaluru,Karnataka,Franchise,DC Ultra-Fast,CCS2,Fleet,Wallet,0.29,34.47,16.72,576.34,283.03,195.87,70.98,26.46,45.3,4.3,Completed
SES-003048,2024-01-11,4,EV-069,Jaipur,Rajasthan,Own,AC Level 2,CCS2,Corporate,Card,0.62,8.24,11.08,91.3,51.93,165.7,77.28,-203.61,34.4,4.0,Completed
SES-003108,2024-05-18,14,EV-044,Bengaluru,Karnataka,Own,DC Fast,CCS2,Private,Corporate Account,0.38,18.19,11.86,215.73,118.45,26.15,30.14,40.99,18.7,5.0,Completed
SES-000219,2024-05-27,12,EV-038,Mumbai,Maharashtra,Own,DC Fast,CHAdeMO,Fleet,Card,1.77,80.12,15.94,1277.11,644.54,183.39,45.05,404.13,40.3,3.6,Completed
SES-004817,2024-02-14,7,EV-002,Bengaluru,Karnataka,Own,DC Fast,Type 2,Corporate,Card,1.37,62.77,15.03,943.43,366.57,172.77,37.23,366.86,60.2,3.4,Completed
SES-002271,2025-05-08,13,EV-062,Jaipur,Rajasthan,Own,AC Level 2,CCS2,Private,UPI,0.29,4.18,10.42,43.56,22.61,188.16,71.2,-238.41,25.8,3.5,Completed
SES-004769,2025-09-29,16,EV-040,Delhi,Delhi,Own,AC Level 2,Type 2,Private,Card,0.15,2.0,10.09,20.18,12.65,143.15,7.99,-143.61,15.5,3.3,Completed
SES-002627,2024-04-08,6,EV-027,Hyderabad,Telangana,Partner,DC Fast,CCS2,Private,UPI,3.0,162.93,11.91,1940.5,867.61,164.74,50.79,857.36,67.1,4.8,Completed
SES-003070,2024-05-30,22,EV-029,Gurugram,Haryana,Partner,DC Fast,CHAdeMO,Private,Corporate Account,0.25,12.44,12.96,161.22,71.31,66.98,54.93,-32.0,38.2,3.7,Cancelled
SES-000001,2024-10-20,2,EV-047,Ahmedabad,Gujarat,Franchise,AC Level 2,CCS2,Taxi/Ride-share,Card,0.37,6.3,8.08,50.9,36.22,211.64,39.2,-236.16,30.6,4.7,Completed
SES-002930,2024-09-17,3,EV-025,Ahmedabad,Gujarat,Own,AC Level 2,Type 2,Fleet,Card,1.29,18.01,8.96,161.37,90.47,201.01,71.97,-202.08,33.8,3.5,Completed
SES-004569,2025-05-16,16,EV-072,Gurugram,Haryana,Own,AC Level 2,CCS2,Corporate,UPI,1.12,20.54,9.97,204.78,152.75,85.79,10.13,-43.89,43.6,3.4,Completed
SES-003302,2025-04-21,8,EV-025,Chennai,Tamil Nadu,Franchise,DC Ultra-Fast,Type 2,Fleet,Corporate Account,0.32,38.32,15.91,609.67,285.69,151.09,59.36,113.53,25.9,4.5,Completed
SES-003981,2024-05-08,12,EV-037,Gurugram,Haryana,Own,DC Fast,CCS2,Taxi/Ride-share,UPI,1.97,71.8,12.52,898.94,404.33,207.78,45.23,241.6,47.7,3.6,Completed
SES-003250,2025-02-07,7,EV-019,Ahmedabad,Gujarat,Franchise,AC Level 2,CCS2,Taxi/Ride-share,Card,1.63,32.4,9.05,293.22,255.99,204.74,24.45,-191.96,53.5,4.5,Completed
SES-002397,2024-04-17,20,EV-012,Lucknow,Uttar Pradesh,Own,DC Ultra-Fast,Type 2,Private,Card,1.65,149.53,19.78,2957.7,920.16,307.48,10.37,1719.69,28.0,5.0,Completed
SES-004919,2024-10-24,21,EV-086,Delhi,Delhi,Franchise,AC Level 2,CCS2,Corporate,UPI,0.5,9.21,8.87,81.69,46.65,103.99,20.49,-89.44,27.8,3.6,Completed
SES-002947,2024-06-02,9,EV-029,Lucknow,Uttar Pradesh,Partner,DC Ultra-Fast,CCS2,Private,UPI,0.15,10.49,15.43,161.86,73.04,187.81,79.75,-178.74,11.4,4.5,Completed
SES-000866,2024-10-11,9,EV-095,Chennai,Tamil Nadu,Partner,AC Level 2,CCS2,Private,Wallet,1.23,23.7,10.37,245.77,151.55,79.29,48.55,-33.62,39.7,4.9,Completed
SES-002899,2024-07-08,12,EV-057,Lucknow,Uttar Pradesh,Franchise,AC Level 2,CHAdeMO,Private,Wallet,0.68,7.21,8.46,61.0,61.1,110.37,23.53,-134.0,21.4,4.0,Completed
SES-000994,2025-01-19,15,EV-024,Jaipur,Rajasthan,Partner,AC Level 2,CCS2,Private,Corporate Account,1.32,17.11,10.26,175.55,90.88,114.41,23.16,-52.9,28.0,3.5,Completed
SES-004322,2025-04-21,22,EV-071,Mumbai,Maharashtra,Partner,DC Ultra-Fast,CHAdeMO,Private,Corporate Account,1.22,95.22,14.24,1355.93,763.54,290.9,19.5,281.99,2.0,4.0,Completed
SES-003837,2025-07-01,18,EV-031,Ahmedabad,Gujarat,Own,AC Level 2,CHAdeMO,Private,UPI,0.15,2.0,9.89,19.78,13.92,82.0,17.59,-93.73,28.5,3.8,Completed
SES-001014,2024-08-28,7,EV-020,Bengaluru,Karnataka,Partner,AC Level 2,CCS2,Fleet,UPI,1.16,12.51,10.58,132.36,76.25,43.56,10.94,1.61,20.4,3.3,Cancelled
SES-002828,2025-12-10,14,EV-020,Hyderabad,Telangana,Franchise,AC Level 2,CCS2,Taxi/Ride-share,Card,2.95,34.76,9.92,344.82,272.79,96.97,63.98,-88.92,40.5,4.0,Completed
SES-001188,2025-07-25,11,EV-081,Mumbai,Maharashtra,Franchise,,CCS2,Fleet,Wallet,0.9,18.41,8.83,162.56,140.14,162.39,48.16,-188.13,48.8,3.4,Completed
SES-000517,2024-12-28,13,EV-086,Pune,Maharashtra,Own,DC Fast,CCS2,Private,Corporate Account,3.81,180.0,13.58,2444.4,966.11,135.01,37.89,1305.39,77.8,4.0,Completed
SES-000683,2025-06-24,9,EV-024,Ahmedabad,Gujarat,Own,AC Level 2,CCS2,Private,Card,0.22,3.83,9.12,34.93,29.3,165.16,48.3,-207.83,8.2,5.0,Completed
SES-001051,2025-02-19,10,EV-003,Delhi,Delhi,Own,AC Level 2,CCS2,Private,Card,1.13,11.36,10.77,122.35,75.04,68.4,45.16,-66.25,34.2,3.7,Completed
SES-001568,2024-06-27,19,EV-023,Bengaluru,Karnataka,Own,AC Level 2,CCS2,Corporate,UPI,0.9,13.76,10.08,138.7,90.42,159.2,48.65,-159.57,42.3,5.0,Completed
SES-001250,2025-05-10,2,EV-018,Hyderabad,Telangana,Partner,AC Level 2,CHAdeMO,Private,UPI,0.19,3.24,9.95,32.24,18.05,145.84,39.5,-171.15,38.9,4.5,Completed
SES-002406,2024-09-01,23,EV-070,Lucknow,Uttar Pradesh,Own,DC Ultra-Fast,CCS2,Taxi/Ride-share,Corporate Account,1.48,175.33,18.97,3326.01,1048.92,103.24,39.79,2134.06,46.1,4.9,Completed
SES-004912,2025-03-20,5,EV-009,Bengaluru,Karnataka,Own,AC Level 2,CHAdeMO,Private,Card,1.39,18.85,8.58,161.73,132.98,116.53,10.6,-98.38,27.7,3.1,Failed
SES-000911,2025-01-05,1,EV-056,Delhi,Delhi,Partner,AC Level 2,Type 2,Private,Card,0.81,8.02,9.25,74.18,62.88,20.91,64.0,-73.61,30.4,3.8,Completed
SES-002291,2024-09-08,2,EV-051,Gurugram,Haryana,Franchise,AC Level 2,Type 2,Taxi/Ride-share,Card,0.71,10.62,9.52,101.1,70.54,107.82,14.34,-91.6,23.6,3.3,Completed
SES-004526,2025-02-01,18,EV-059,Bengaluru,Karnataka,Own,DC Fast,CCS2,Private,Wallet,0.47,26.13,11.65,304.41,188.58,184.37,54.74,-123.28,29.3,5.0,Completed
SES-000571,2025-08-09,17,EV-028,Mumbai,Maharashtra,Own,AC Level 2,CCS2,Corporate,UPI,0.52,10.5,9.07,95.24,59.94,157.84,40.9,-163.44,23.5,4.2,Completed
SES-002469,2024-02-21,3,EV-015,Mumbai,Maharashtra,Own,AC Level 2,CCS2,Corporate,Card,0.48,6.21,9.56,59.37,37.31,53.72,7.65,-39.31,28.7,4.0,Completed
SES-003075,2025-05-29,16,EV-042,Hyderabad,Telangana,Own,DC Fast,CCS2,Private,UPI,0.26,7.52,11.6,87.23,55.58,188.74,57.85,-214.94,26.6,4.2,Completed
SES-002112,2024-01-04,1,EV-084,Gurugram,Haryana,Own,DC Fast,CCS2,Private,UPI,1.0,43.55,12.97,564.84,326.64,159.44,26.91,51.85,40.6,3.3,Completed
SES-003491,2025-08-14,18,EV-078,Gurugram,Haryana,Own,AC Level 2,Type 2,Fleet,Corporate Account,1.59,20.74,9.15,189.77,109.15,182.88,78.39,-180.65,32.4,4.7,Completed
SES-002032,2025-02-18,23,EV-010,Chennai,Tamil Nadu,Own,AC Level 2,CCS2,Private,Corporate Account,1.09,18.05,10.9,196.74,141.15,58.67,30.2,-33.28,50.8,4.5,Completed
SES-000727,2025-12-09,5,EV-052,Jaipur,Rajasthan,Own,AC Level 2,CCS2,Fleet,Corporate Account,0.93,18.67,8.53,159.26,130.35,20.49,37.89,-29.47,41.0,4.8,Completed
SES-000222,2025-01-19,8,EV-096,Lucknow,Uttar Pradesh,Franchise, DC Fast ,CCS2,Private,UPI,0.93,30.25,13.16,398.09,205.65,124.39,68.66,-0.61,24.7,3.8,Completed
SES-000237,2025-02-05,22,EV-061,Ahmedabad,Gujarat,Franchise,AC Level 2,CCS2,Fleet,Wallet,0.75,7.74,10.67,82.59,41.83,118.85,15.14,-93.23,34.9,3.3,Completed
SES-000093,2025-02-24,10,EV-031,Pune,Maharashtra,Own,AC Level 2,CCS2,Private,Wallet,0.62,12.55,9.39,117.84,103.57,146.59,38.99,-171.31,30.7,4.3,Completed
SES-004887,2024-08-26,4,EV-076,Ahmedabad,Gujarat,Own,AC Level 2,CCS2,Private,UPI,0.88,11.71,10.25,120.03,92.1,72.58,68.16,-112.81,24.7,3.2,Completed
SES-003020,2025-05-28,3,EV-010,Gurugram,Haryana,Partner,AC Level 2,Type 2,Private,Corporate Account,1.94,27.32,11.49,313.91,178.61,111.11,77.92,-53.73,30.4,4.4,Completed
SES-004657,2024-11-28,4,EV-078,Hyderabad,Telangana,Partner,DC Fast,CCS2,Corporate,Card,0.44,24.52,11.93,292.52,149.14,45.9,79.54,17.94,17.9,4.0,Completed
SES-000575,2024-05-04,12,EV-049,Lucknow,Uttar Pradesh,Franchise,DC Ultra-Fast,CCS2,Private,Corporate Account,0.89,100.23,17.0,1703.91,802.65,64.48,25.44,811.34,47.1,3.8,Completed
SES-004954,2025-08-26,11,EV-096,Pune,Maharashtra,Own,DC Fast,CCS2,Private,UPI,1.22,63.01,14.88,937.59,412.03,198.03,33.01,294.52,42.7,4.1,Completed
SES-000729,2024-03-19,7,EV-037,Mumbai,Maharashtra,Franchise,DC Fast,CCS2,Corporate,UPI,0.31,9.33,11.21,104.59,54.27,81.28,14.63,-45.59,18.5,4.6,Completed
SES-004922,2024-01-14,5,EV-058,Ahmedabad,Gujarat,Own,AC Level 2,CCS2,Corporate,card,2.07,21.97,11.12,244.31,144.76,59.54,5.99,34.02,39.6,3.9,Completed
SES-004402,2024-11-02,23,EV-096,Ahmedabad,Gujarat,Own,AC Level 2,CCS2,Private,Card,0.52,10.1,9.39,94.84,84.93,32.03,56.87,-78.99,34.1,3.1,Completed
SES-003938,2024-12-06,8,EV-075,Lucknow,Uttar Pradesh,Franchise,DC Ultra-Fast,CCS2,Private,Card,2.08,180.0,19.59,3526.2,1510.16,90.45,74.76,1850.83,42.2,5.0,Completed
SES-004545,2025-09-14,4,EV-045,Pune,Maharashtra,Partner,DC Fast,CHAdeMO,Corporate,UPI,0.15,5.97,14.75,88.06,39.43,133.12,64.51,-149.0,14.1,4.7,Completed
SES-001685,2025-03-17,19,EV-086,Delhi,Delhi,Franchise,AC Level 2,CCS2,Corporate,UPI,3.3,39.98,11.49,459.37,268.47,115.97,34.65,40.28,62.3,4.9,Completed
SES-004741,2024-02-11,13,EV-020,Delhi,Delhi,Own,AC Level 2,CCS2,Private,Card,2.69,34.42,8.6,296.01,290.6,67.63,6.35,-68.57,50.0,4.2,Completed
SES-003952,2025-05-30,23,EV-066,Delhi,Delhi,Partner,DC Fast,CCS2,Private,Corporate Account,1.15,65.3,13.92,908.98,516.53,55.92,23.32,313.21,50.8,3.7,Completed
SES-000201,2024-05-29,23,EV-022,Chennai,Tamil Nadu,Partner,AC Level 2,Type 2,Fleet,UPI,0.34,5.35,10.98,58.74,27.46,122.36,67.71,-158.79,39.6,3.9,Completed
SES-004139,2024-12-02,12,EV-002,Delhi,Delhi,Franchise,AC Level 2,CCS2,Fleet,Corporate Account,1.99,24.9,11.71,291.58,128.09,173.29,64.36,-74.16,58.6,4.3,Completed
SES-003868,2024-05-28,3,EV-063,Mumbai,Maharashtra,Partner,AC Level 2,CCS2,Private,Corporate Account,0.76,14.4,9.07,130.61,111.82,177.91,62.18,-221.3,35.2,3.5,Completed
SES-001278,2024-06-20,1,EV-016,Gurugram,Haryana,Own,DC Fast,CCS2,Fleet,UPI,1.7,91.33,14.52,1326.11,552.81,124.83,76.79,571.68,39.5,4.2,Completed
SES-001471,2025-06-12,19,EV-015,Chennai,Tamil Nadu,Franchise,DC Fast,CCS2,Corporate,UPI,0.47,23.26,14.65,340.76,157.32,157.14,49.62,-23.32,24.6,3.8,Completed
SES-004026,2024-12-20,3,EV-039,Gurugram,Haryana,Franchise,DC Fast,CCS2,Taxi/Ride-share,UPI,2.84,103.39,11.68,1207.6,744.21,128.66,29.2,305.53,23.6,5.0,Completed
SES-000430,2025-07-17,10,EV-051,Mumbai,Maharashtra,Franchise,DC Ultra-Fast,CCS2,Taxi/Ride-share,UPI,0.3,26.37,15.01,395.81,160.23,269.8,60.73,-94.95,11.2,4.4,Completed
SES-000252,2024-08-13,20,EV-079,Hyderabad,Telangana,Franchise,DC Fast,CCS2,Fleet,Card,1.46,53.03,14.52,770.0,359.44,101.44,6.14,302.98,40.3,5.0,Completed
SES-003279,2025-09-01,16,EV-016,Ahmedabad,Gujarat,Franchise,DC Ultra-Fast,CCS2,Private,UPI,1.32,96.88,19.88,1925.97,799.49,229.46,36.42,860.6,28.9,3.6,Completed
SES-002755,2024-04-25,8,EV-054,Lucknow,Uttar Pradesh,Own,DC Fast,CCS2,taxi/ride-share,UPI,1.15,59.09,15.35,907.03,492.68,111.41,27.67,275.27,39.8,4.2,Completed
SES-001757,2024-11-07,9,EV-088,Pune,Maharashtra,Own,AC Level 2,CHAdeMO,Private,UPI,0.25,3.25,9.86,32.04,16.66,31.59,59.5,-75.71,38.2,3.9,Completed
SES-002511,2024-02-24,23,EV-063,Ahmedabad,Gujarat,Franchise,DC Ultra-Fast,Type 2,Corporate,Corporate Account,1.4,140.01,15.69,2196.76,823.99,150.65,72.28,1149.84,36.5,3.9,Completed
SES-001739,2025-01-18,0,EV-057,Lucknow,Uttar Pradesh,Own,DC Fast,CCS2,Taxi/Ride-share,Corporate Account,0.95,48.07,14.4,692.21,327.11,192.44,74.05,98.61,61.1,3.0,Completed
SES-001895,2025-11-25,4,EV-043,Lucknow,Uttar Pradesh,Own,AC Level 2,CCS2,Fleet,UPI,3.23,46.12,11.75,541.91,334.45,198.18,50.39,-41.11,30.3,4.4,Completed
SES-003598,2024-08-08,14,EV-017,Pune,Maharashtra,Partner,DC Fast,CCS2,Private,Card,0.72,38.26,14.32,547.88,299.93,117.39,22.77,107.79,40.2,3.4,Completed
SES-004052,2025-08-06,10,EV-046,Delhi,Delhi,Partner,AC Level 2,Type 2,Fleet,UPI,1.83,35.15,11.04,388.06,239.7,140.15,22.93,-14.72,33.9,4.6,Failed
SES-002475,2024-02-04,17,EV-009,Delhi,Delhi,Franchise,AC Level 2,CCS2,Private,Corporate Account,1.56,24.31,9.0,218.79,203.59,190.4,25.24,-200.44,48.7,4.4,Completed
SES-000901,2024-02-22,6,EV-013,Bengaluru,Karnataka,Partner,AC Level 2,CCS2,Private,Wallet,1.57,31.97,10.56,337.6,264.17,155.41,29.45,-111.43,48.2,4.6,Cancelled
SES-002185,2024-07-03,23,EV-028,Ahmedabad,Gujarat,Own,DC Fast,CCS2,Private,Wallet,1.93,104.78,12.53,1312.89,670.31,160.09,14.32,468.17,46.8,3.1,Completed
SES-003647,2024-03-11,22,EV-077,Hyderabad,Telangana,Own,AC Level 2,CCS2,Private,UPI,0.91,17.15,8.34,143.03,97.51,142.02,58.17,-154.67,49.8,4.1,Completed
SES-004377,2025-11-25,14,EV-087,Bengaluru,Karnataka,Own,DC Fast,CCS2, Private ,UPI,0.18,7.86,14.0,110.04,46.12,107.25,70.69,-114.02,17.0,3.9,Completed
SES-003459,2024-03-25,10,EV-032,Gurugram,Haryana,Own,AC Level 2,CCS2,Fleet,UPI,0.15,2.74,8.12,22.25,20.77,48.15,24.63,-71.3,17.5,5.0,Completed
SES-000734,2024-05-11,4,EV-040,Lucknow,Uttar Pradesh,Own,DC Fast,CCS2,Corporate,UPI,0.21,7.89,14.55,114.8,46.34,71.63,70.91,-74.08,17.8,4.8,Completed
SES-003268,2024-12-09,10,EV-099,Jaipur,Rajasthan,Partner,DC Fast,CCS2,Private,UPI,0.53,24.96,12.45,310.75,158.62,72.35,40.33,39.45,22.9,4.7,Completed
SES-004420,2024-04-27,9,EV-075,Delhi,Delhi,Franchise,DC Fast,CCS2,Fleet,UPI,1.5,81.09,13.84,1122.29,688.74,78.81,53.06,301.68,53.6,3.9,Completed
SES-003778,2025-05-07,16,EV-090,Lucknow,Uttar Pradesh,Partner,DC Fast,CCS2,Private,Card,2.13,119.91,13.66,1637.97,930.01,216.56,68.34,423.06,58.0,3.2,Completed
SES-002207,2024-07-25,3,EV-027, Gurugram ,Haryana,Partner,AC Level 2,CHAdeMO,Fleet,UPI,1.04,18.3,9.65,176.6,113.86,46.08,66.86,-50.2,43.2,4.3,Completed
SES-003044,2024-09-03,5,EV-067,Pune,Maharashtra,Own,AC Level 2,CCS2,Fleet,UPI,2.16,24.87,8.63,214.63,130.14,61.9,23.68,-1.09,35.4,3.6,Completed
SES-002623,2024-08-25,4,EV-046,Ahmedabad,Gujarat,Partner,DC Ultra-Fast,Type 2,Private,UPI,1.53,142.88,15.64,2234.64,1103.61,116.84,37.0,977.19,36.0,3.8,Completed
SES-003213,2025-02-01,16,EV-063,Delhi,Delhi,Partner,AC Level 2,CHAdeMO,Fleet,UPI,1.1,18.28,9.29,169.82,136.11,20.9,5.78,7.03,24.9,4.2,Completed
SES-001946,2024-07-05,22,EV-046,Ahmedabad,Gujarat,Franchise,AC Level 2,CCS2,Private,UPI,0.44,8.95,8.15,72.94,73.07,46.97,15.58,-62.68,49.4,4.1,Completed
SES-000617,2025-03-29,18,EV-087,Gurugram,Haryana,Own,AC Level 2,Type 2,Taxi/Ride-share,UPI,1.45,25.99,8.24,214.16,166.45,132.06,8.06,-92.41,42.8,3.9,Completed
SES-000318,2025-07-25,22,EV-084,Jaipur,Rajasthan,Franchise,DC Fast,CHAdeMO,Private,Card,0.53,29.41,12.88,378.8,228.51,68.36,17.01,64.92,25.4,4.8,Completed
SES-003434,2025-09-08,16,EV-081,Ahmedabad,Gujarat,Partner,AC Level 2,CHAdeMO,Private,UPI,3.88,64.86,11.78,764.05,392.48,41.44,29.05,301.08,81.7,4.4,Completed
SES-004621,2025-05-29,1,EV-019,Jaipur,Rajasthan,Franchise,AC Level 2,CCS2,Private,UPI,2.24,38.58,9.67,373.07,245.73,194.9,38.61,-106.17,62.0,4.1,Completed
SES-004913,2024-11-13,14,EV-092,Pune,Maharashtra,Partner,AC Level 2,CCS2,Taxi/Ride-share,UPI,0.76,13.32,9.71,129.34,86.86,157.09,14.63,-129.24,28.4,3.6,Completed
SES-003072,2025-08-22,23,EV-015,Bengaluru,Karnataka,Own,AC Level 2,CCS2,,Wallet,0.84,17.43,9.88,172.21,126.94,145.75,79.3,-179.78,33.6,2.7,Completed
SES-003637,2024-11-06,7,EV-017,Ahmedabad,Gujarat,Own,AC Level 2,CHAdeMO,Private,UPI,2.56,48.86,10.81,528.18,270.5,211.85,45.95,-0.12,73.9,4.4,Completed
SES-003005,2024-08-20,2,EV-006,Chennai,Tamil Nadu,Partner,AC Level 2,CCS2,Corporate,UPI,0.15,2.15,11.34,24.38,10.96,30.81,74.65,-92.04,2.0,3.3,Completed
SES-004639,2025-12-04,10,EV-033,Jaipur,Rajasthan,Partner,AC Level 2,Type 2,Fleet,UPI,0.57,6.18,9.28,57.35,33.94,27.14,65.63,-69.36,32.0,4.7,Completed
SES-004970,2025-07-07,17,EV-079,Gurugram,Haryana,Own,AC Level 2,Type 2,Private,Card,0.87,11.08,10.03,111.13,91.07,78.42,18.92,-77.28,7.7,4.2,Completed
SES-000129,2024-10-03,15,EV-066,Ahmedabad,Gujarat,Own,AC Level 2,CCS2,Taxi/Ride-share,UPI,0.4,8.23,8.04,66.17,42.97,118.87,62.35,-158.02,21.1,4.2,Completed
SES-004030,2024-11-16,15,EV-056,Bengaluru,Karnataka,Own,DC Ultra-Fast,CCS2,Private,Card,1.11,135.56,16.05,2175.74,700.49,261.14,12.05,1202.06,47.4,3.7,Completed
SES-004272,2025-12-10,21,EV-016,Chennai,Tamil Nadu,Franchise,DC Fast,CCS2,Private,Card,1.17,37.11,14.97,555.54,267.51,74.33,59.48,154.22,33.9,4.4,Completed
SES-001880,2025-02-18,10,EV-098,Chennai,Tamil Nadu,Franchise,DC Ultra-Fast,CCS2,Corporate,UPI,0.51,49.53,15.23,754.34,322.78,38.75,9.81,383.0,24.0,4.9,Completed
SES-001910,2025-07-19,17,EV-036,Hyderabad,Telangana,Own,AC Level 2,CHAdeMO,Private,Card,1.17,17.79,9.16,162.96,114.5,78.13,33.16,-62.83,43.0,4.3,Completed
SES-003654,2024-03-19,3,EV-013,Jaipur,Rajasthan,Own,AC Level 2,Type 2,Private,Corporate Account,0.42,8.28,10.27,85.04,63.27,126.19,30.85,-135.27,30.7,3.6,Completed
SES-000406,2024-09-26,0,EV-045,Ahmedabad,Gujarat,Own,DC Fast,CCS2,Fleet,Card,1.57,68.33,12.9,881.46,455.79,110.14,56.34,259.19,57.1,4.1,Completed
SES-002183,2025-06-12,9,EV-009,Delhi,Delhi,Own,DC Fast,CCS2,Corporate,Wallet,2.56,76.74,11.5,882.51,546.27,173.98,41.34,120.92,64.7,2.7,Completed
SES-000969,2025-09-10,19,EV-082,Gurugram,Haryana,Franchise,AC Level 2,Type 2,Taxi/Ride-share,Card,0.26,4.87,8.38,40.81,24.51,31.81,9.23,-24.74,22.3,4.2,Completed
SES-003207,2025-06-30,9,EV-050,Delhi,Delhi,Partner,DC Ultra-Fast,CHAdeMO,Corporate,UPI,1.37,121.64,18.02,2191.95,798.75,131.18,10.6,1251.42,23.0,3.5,Completed
SES-004781,2025-04-27,0,EV-075,Jaipur,Rajasthan,Partner,DC Fast,CCS2,Private,Wallet,0.56,23.61,13.3,314.01,147.7,219.22,73.56,-126.47,22.1,4.7,Completed
SES-002004,2024-10-03,20,EV-023,Lucknow,Uttar Pradesh,Partner,DC Ultra-Fast,Type 2,Private,UPI,1.78,180.0,19.16,3448.8,1193.97,202.47,14.17,2038.19,47.7,5.0,Completed
SES-003887,2025-02-27,22,EV-064,Mumbai,Maharashtra,Franchise,AC Level 2,CCS2,Private,UPI,0.64,7.66,9.14,70.01,41.3,188.14,38.46,-197.89,20.1,5.0,Completed
SES-002233,2024-04-09,0,EV-030,Mumbai,Maharashtra,Own,AC Level 2,CCS2,Corporate,UPI,0.64,8.01,11.57,92.68,47.51,30.11,59.23,-44.17,22.2,3.6,Completed
SES-004354,2024-12-27,14,EV-068,Lucknow,Uttar Pradesh,Own,DC Fast,Type 2,Fleet,Card,0.49,20.88,12.94,270.19,135.83,84.43,41.51,8.42,29.4,4.1,Completed
SES-002915,2024-06-23,21,EV-085,Pune,Maharashtra,Partner,AC Level 2,CCS2,Private,Card,0.44,5.56,10.05,55.88,42.15,102.9,36.79,-125.96,30.3,4.2,Completed
SES-003054,2024-09-01,20,EV-082,Pune,Maharashtra,Own,DC Fast,CCS2,Taxi/Ride-share,Card,1.64,68.7,15.03,1032.56,388.09,190.36,74.15,379.96,37.7,3.6,Completed
SES-001422,2025-07-10,21,EV-038,Jaipur,Rajasthan,Franchise,DC Ultra-Fast,CHAdeMO,Private,Card,0.5,57.91,16.85,975.78,372.25,226.11,18.21,359.21,22.0,4.1,Completed
SES-003862,2024-08-20,3,EV-091,Lucknow,Uttar Pradesh,Franchise,AC Level 2,Type 2,Taxi/Ride-share,Wallet,1.26,18.95,11.68,221.34,110.19,166.07,33.33,-88.25,29.8,3.4,Completed
SES-003018,2024-06-30,17,EV-013,Ahmedabad,Gujarat,Own,DC Fast,CCS2,Private,UPI,1.94,89.16,13.03,1161.75,711.61,141.97,45.81,262.36,42.7,4.6,Completed
SES-000664,2025-11-08,7,EV-057,Pune,Maharashtra,Partner,DC Fast,Type 2,Private,UPI,2.82,114.09,13.81,1575.58,723.21,163.26,11.18,677.93,63.2,4.0,Completed
SES-003327,2024-10-26,9,EV-059,Ahmedabad,Gujarat,Franchise,AC Level 2,CCS2,Corporate,UPI,2.29,,9.25,438.73,305.12,148.55,18.32,-33.26,64.8,4.7,Completed
SES-001075,2025-01-09,2,EV-003,Chennai,Tamil Nadu,Partner,AC Level 2,CCS2,Private,Wallet,1.32,17.47,9.54,166.66,90.78,81.05,41.84,-47.01,32.3,4.6,Completed
SES-000308,2024-08-29,4,EV-008,Pune,Maharashtra,Own,DC Fast,CCS2,Corporate,UPI,1.14,35.34,13.39,473.2,212.94,63.93,40.11,156.22,19.7,4.2,Completed
SES-004081,2025-10-31,2,EV-064,Ahmedabad,Gujarat,Partner,DC Ultra-Fast,CHAdeMO,Private,Corporate Account,0.73,62.34,17.76,1107.16,341.46,201.48,43.03,521.19,17.7,5.0,Completed
SES-000572,2024-11-02,13,EV-096,Gurugram,Haryana,Partner,AC Level 2,CCS2,Corporate,UPI,0.95,16.31,10.09,164.57,125.52,21.29,49.58,-31.82,23.4,4.4,Completed
SES-001984,2025-08-08,22,EV-094,Ahmedabad,Gujarat,Own,AC Level 2,CHAdeMO,Private,Wallet,0.69,10.9,11.35,123.72,69.86,124.15,24.9,-95.19,36.5,3.9,Completed
SES-003707,2024-06-05,0,EV-077,Pune,Maharashtra,Franchise,AC Level 2,Type 2,Private,Corporate Account,0.55,6.95,10.5,72.98,49.35,202.88,61.64,-240.89,45.5,4.6,Completed
SES-004727,2024-09-23,0,EV-065,Pune,Maharashtra,Franchise,DC Fast,CCS2,Fleet,Card,0.34,16.88,12.58,212.35,95.69,181.88,41.27,-106.49,23.3,4.0,Completed
SES-001195,2025-10-13,14,EV-058,Hyderabad,Telangana,Own,AC Level 2,CHAdeMO,Private,UPI,1.11,15.76,8.06,127.03,98.11,199.74,22.89,-193.71,39.5,4.3,Completed
SES-003528,2024-02-07,1,EV-095,Bengaluru,Karnataka,Partner,AC Level 2,CCS2,Taxi/Ride-share,Card,0.73,7.6,11.85,90.06,45.63,183.51,5.49,-144.57,48.7,4.8,Completed
SES-002581,2025-04-23,6,EV-015,Mumbai,Maharashtra,Franchise,DC Ultra-Fast,CCS2,Fleet,UPI,0.15,15.72,15.78,248.06,128.33,192.25,17.03,-89.55,4.8,5.0,Completed
SES-000718,2025-09-07,20,EV-076,Delhi,Delhi,Partner,AC Level 2,CCS2,Private,UPI,3.83,66.07,9.84,650.13,339.44,63.91,28.5,218.28,67.9,4.3,Completed
SES-000388,2025-01-16,8,EV-037,Gurugram,Haryana,Own,DC Fast,CCS2,Taxi/Ride-share,Card,0.72,33.22,15.48,514.25,179.71,82.9,71.73,179.91,31.7,4.2,Completed
SES-004586,2024-07-29,2,EV-096,Jaipur,Rajasthan,Own,DC Fast,CCS2,Fleet,Corporate Account,1.38,43.3,11.23,486.26,232.63,29.73,37.16,186.74,34.5,3.8,Completed
SES-000913,2024-05-01,3,EV-023,Chennai,Tamil Nadu,Franchise,AC Level 2,CCS2,Private,Card,1.86,38.87,9.75,378.98,329.75,153.82,51.73,-156.32,38.1,4.9,Completed
SES-001775,2024-09-23,1,EV-089,Mumbai,Maharashtra,Partner,DC Fast,CCS2,Private,UPI,0.77,37.69,14.57,549.14,237.79,80.33,60.25,170.77,44.5,4.0,Failed
SES-000432,2025-05-15,7,EV-053,Gurugram,Haryana,Own,DC Fast,CCS2,Taxi/Ride-share,UPI,2.37,74.98,11.67,875.02,542.69,150.96,17.72,163.65,52.3,4.0,Completed
SES-001088,2024-04-29,1,EV-062,Delhi,Delhi,Own,DC Fast,CCS2,Private,UPI,0.16,5.38,11.1,59.72,31.11,73.27,29.03,-73.69,7.4,4.9,Completed
SES-002465,2024-02-11,10,EV-087,Ahmedabad,Gujarat,Own,DC Fast,CCS2,Corporate,Card,1.4,72.39,15.1,1093.09,475.52,26.5,47.87,543.2,41.4,4.4,Completed
SES-000447,2024-01-11,23,EV-050,Bengaluru,Karnataka,Franchise,DC Fast,CHAdeMO,Private,UPI,2.35,83.48,13.63,1137.83,703.13,180.32,9.72,244.66,47.5,4.8,Completed
SES-001198,2024-11-24,22,EV-071,Mumbai,Maharashtra,Own,DC Fast,Type 2,Fleet,UPI,0.3,16.71,14.23,237.78,120.92,98.64,51.96,-33.74,24.4,4.4,Completed
SES-004468,2024-08-22,20,EV-082,Jaipur,Rajasthan,Own,DC Fast,CCS2,Corporate,Card,0.81,29.19,11.32,330.43,147.35,127.31,53.48,2.29,39.3,4.5,Completed
SES-001633,2025-06-09,8,EV-014,Jaipur,Rajasthan,Own,AC Level 2,CCS2,Taxi/Ride-share,UPI,0.77,11.97,10.76,128.8,81.82,105.42,54.04,-112.48,3.6,3.3,Failed
SES-003254,2024-05-01,12,EV-082,Pune,Maharashtra,Own,DC Fast,CHAdeMO,Taxi/Ride-share,UPI,2.55,91.47,13.4,1225.7,656.87,203.27,34.76,330.8,72.6,4.0,Completed
SES-000263,2025-09-06,9,EV-032,Chennai,Tamil Nadu,Own,DC Ultra-Fast,CCS2,Taxi/Ride-share,UPI,0.24,24.55,18.62,457.12,175.11,266.31,9.0,6.7,2.0,3.4,Completed
SES-001169,2025-02-17,15,EV-055,Delhi,Delhi,Own,AC Level 2,Type 2,Private,Card,1.55,28.75,9.05,260.19,174.76,219.13,54.73,-188.43,43.8,4.1,Completed
SES-004229,2024-11-06,12,EV-076,Chennai,Tamil Nadu,Partner,DC Fast,CCS2,Corporate,UPI,0.69,29.8,11.17,332.87,221.89,192.41,21.0,-102.43,34.8,4.6,Completed
SES-000026,2025-07-03,15,EV-045,Delhi,Delhi,Own,DC Fast,Type 2,Corporate,Wallet,2.68,76.44,14.55,1112.2,392.89,109.56,48.64,561.11,55.2,4.2,Completed
SES-000153,2025-04-16,3,EV-084,Chennai,Tamil Nadu,Own,DC Fast,CCS2,Taxi/Ride-share,UPI,0.45,14.71,12.93,190.2,106.25,102.38,51.2,-69.63,23.5,4.3,Completed
SES-004623,2025-03-20,8,EV-083,Chennai,Tamil Nadu,Own,AC Level 2,CCS2,Taxi/Ride-share,Card,2.03,32.17,9.96,320.41,267.63,89.75,33.61,-70.58,57.4,3.9,Completed
SES-003581,2024-04-18,22,EV-093,Delhi,Delhi,Franchise,DC Fast,CCS2,Private,Corporate Account,0.3,16.33,15.76,257.36,99.48,46.03,44.19,67.66,36.5,5.0,Completed
SES-003482,2025-10-26,11,EV-085,Delhi,Delhi,Own,AC Level 2,CCS2,Private,UPI,1.57,32.74,8.68,284.18,177.61,161.85,42.15,-97.43,43.7,3.4,Completed
SES-001492,2025-12-22,4,EV-033,Jaipur,Rajasthan,Own,AC Level 2,CCS2,Private,Card,1.17,16.39,8.89,145.71,97.48,70.2,22.32,-44.29,45.0,3.4,Completed
SES-000508,2024-02-05,10,EV-058,Delhi,Delhi,Own,DC Fast,CCS2,Private,UPI,0.43,20.92,15.24,318.82,124.81,157.09,28.12,8.8,36.4,3.7,Completed
SES-000161,2024-04-30,7,EV-066,Chennai,Tamil Nadu,Franchise,DC Ultra-Fast,CHAdeMO,Private,UPI,0.58,74.79,19.57,1463.64,478.49,136.98,51.41,796.76,29.6,3.3,Completed
SES-001759,2024-05-08,9,EV-030,Jaipur,Rajasthan,Own,AC Level 2,CHAdeMO,Private,Wallet,1.12,22.77,11.56,263.22,126.86,103.38,78.32,-45.34,45.8,4.0,Completed
SES-004826,2024-07-13,14,EV-047,Gurugram,Haryana,Own,DC Fast,CCS2,Private,UPI,0.86,33.62,14.81,497.91,189.61,198.47,57.23,52.6,24.0,3.6,Completed
SES-001415,2024-10-06,19,EV-090,Mumbai,Maharashtra,Partner,DC Fast,CCS2,Private,Card,2.29,112.5,11.37,1279.12,859.35,53.75,11.66,354.36,71.4,4.0,Completed
SES-000713,2025-03-14,23,EV-086,Delhi,Delhi,Own,AC Level 2,CCS2,Corporate,UPI,0.61,9.81,11.11,108.99,50.05,169.66,48.89,-159.61,20.8,4.7,Completed
SES-003246,2025-01-10,19,EV-014,Ahmedabad,Gujarat,Franchise,DC Fast,CCS2,Private,UPI,0.82,23.13,15.53,359.21,151.73,106.18,78.97,22.33,14.3,4.2,Completed
SES-002963,2025-11-11,17,EV-092,Delhi,Delhi,Own,DC Fast,CCS2,Corporate,Corporate Account,1.44,64.89,12.06,782.57,450.41,156.22,5.28,170.66,38.5,3.6,Completed
SES-003336,2025-03-04,3,EV-063,Hyderabad,Telangana,Partner,AC Level 2,Type 2,Private,UPI,1.86,31.53,8.04,253.5,158.03,116.97,74.58,-96.08,41.5,4.1,Completed
SES-004294,2025-03-26,12,EV-004,Gurugram,Haryana,Own,DC Fast,CCS2,Private,UPI,1.36,66.21,12.82,848.81,545.85,58.33,79.97,164.66,2.0,4.9,Completed
SES-003989,2025-06-30,3,EV-065,Chennai,Tamil Nadu,Own,AC Level 2,CCS2,Private,UPI,4.5,48.16,9.56,460.41,280.87,119.71,13.53,46.3,42.3,4.3,Completed
SES-000008,2024-05-21,18,EV-037,Ahmedabad,Gujarat,Franchise,AC Level 2,CCS2,Taxi/Ride-share,UPI,1.59,27.62,8.19,226.21,211.6,214.83,61.92,-262.14,40.6,3.2,Completed
SES-001107,2025-06-05,7,EV-089,Delhi,Delhi,Own,AC Level 2,CCS2,Private,Card,0.73,12.46,11.23,139.93,102.9,101.73,56.82,-121.52,45.9,3.8,Completed
SES-000383,2024-05-31,14,EV-012,Bengaluru,Karnataka,Franchise,DC Fast,CCS2,Private,Card,1.07,53.99,13.26,715.91,453.21,95.3,61.67,105.73,31.4,4.4,Completed
SES-004889,2024-11-23,0,EV-078,Chennai,Tamil Nadu,Partner,AC Level 2,CCS2,Private,UPI,0.61,6.26,10.05,62.91,46.23,195.25,12.08,-190.65,39.4,4.8,Completed
SES-003483,2024-02-13,8,EV-034,Delhi,Delhi,Own,DC Fast,Type 2,Private,UPI,1.66,75.71,13.14,994.83,472.34,205.79,78.06,238.64,29.7,4.2,Completed
SES-000031,2024-01-17,2,EV-043,Lucknow,Uttar Pradesh,Own,AC Level 2,Type 2,Corporate,UPI,1.79,24.13,11.83,285.46,181.27,196.02,20.08,-111.91,36.7,3.9,Completed
SES-003803,2025-02-17,21,EV-016,Jaipur,Rajasthan,Own,DC Ultra-Fast,CCS2,Taxi/Ride-share,UPI,0.56,65.83,18.37,1209.3,357.46,137.84,33.71,680.29,2.0,3.9,Completed
SES-001047,2024-04-28,1,EV-048,Mumbai,Maharashtra,Own,DC Fast,CCS2,Fleet,UPI,0.47,20.86,15.7,327.5,110.85,151.85,22.57,42.23,39.2,3.4,Completed
SES-004093,2024-11-26,5,EV-027,Bengaluru,Karnataka,Own,AC Level 2,CCS2,Taxi/Ride-share,Card,1.82,20.91,8.27,172.93,139.58,52.95,42.17,-61.77,24.0,4.4,Completed
SES-000624,2025-07-08,17,EV-077,Lucknow,Uttar Pradesh,Franchise,DC Fast,CCS2,Corporate,UPI,2.89,99.47,13.6,1352.79,670.48,34.73,74.39,573.19,23.7,3.8,Cancelled
SES-003258,2024-02-16,0,EV-018,Bengaluru,Karnataka,Partner,DC Ultra-Fast,Type 2,Fleet,UPI,0.74,75.75,18.15,1374.86,639.42,56.8,25.43,653.21,20.3,4.3,Completed
SES-004996,2025-07-28,17,EV-051,Ahmedabad,Gujarat,Own,AC Level 2,CCS2,Fleet,Corporate Account,0.64,7.7,11.97,92.17,62.41,152.71,55.23,-178.18,20.4,4.3,Cancelled
SES-002443,2024-06-23,18,EV-041,Jaipur,Rajasthan,Own,AC Level 2,Type 2,Corporate,Wallet,0.3,4.95,11.78,58.31,36.08,176.72,53.67,-208.16,2.0,3.4,Completed
SES-000209,2024-01-12,6,EV-061,Gurugram,Haryana,Franchise,DC Fast,CCS2,Fleet,Corporate Account,0.47,12.89,11.07,142.69,83.69,73.62,7.18,-21.8,28.5,3.8,Completed
SES-003824,2025-03-22,13,EV-046,Jaipur,Rajasthan,Own,DC Fast,Type 2,Fleet,Card,1.49,60.34,14.23,858.64,357.7,105.79,65.19,329.96,34.5,4.5,Completed
SES-001737,2024-08-12,19,EV-023,Chennai,Tamil Nadu,Franchise,AC Level 2,CCS2,Fleet,Card,2.03,33.87,11.71,396.62,236.91,111.44,16.33,31.94,42.7,4.8,Completed
SES-001552,2024-04-18,19,EV-033,Gurugram,Haryana,Own,DC Fast,CCS2,Private,UPI,0.53,20.76,12.01,249.33,128.94,68.0,47.8,4.59,38.2,3.1,Completed
SES-000798,2024-02-14,12,EV-092,Gurugram,Haryana,Own,AC Level 2,Type 2,Private,Card,0.39,7.54,9.59,72.31,61.94,208.28,21.09,-219.0,22.0,3.9,Completed
SES-004461,2025-06-12,11,EV-019,Chennai,Tamil Nadu,Own,AC Level 2,CCS2,Fleet,UPI,0.15,2.86,11.25,32.17,15.79,206.93,37.67,-228.22,18.8,3.7,Completed
SES-003844,2024-06-28,11,EV-046,Jaipur,Rajasthan,Own,DC Ultra-Fast,CHAdeMO,Taxi/Ride-share,Wallet,1.02,125.25,14.62,1831.16,727.35,214.76,49.03,840.02,44.5,3.4,Completed
SES-001353,2025-02-13,4,EV-035,Jaipur,Rajasthan,Franchise,DC Fast,Type 2,Taxi/Ride-share,Corporate Account,0.65,18.44,12.61,232.53,109.18,23.15,46.48,53.72,2.0,5.0,Completed
SES-002089,2024-05-14,9,EV-087,Mumbai,Maharashtra,Partner,AC Level 2,CCS2,Fleet,Corporate Account,1.23,15.41,8.08,124.51,85.96,198.91,64.94,-225.3,28.1,2.9,Completed
SES-000647,2024-03-24,15,EV-036,Gurugram,Haryana,Own,DC Ultra-Fast,CHAdeMO,Fleet,UPI,1.34,154.27,18.14,2798.46,858.47,314.04,25.34,1600.61,44.6,4.6,Completed
SES-003727,2024-08-19,16,EV-012,Chennai,Tamil Nadu,Own,DC Fast,Type 2,Corporate,Card,1.28,61.84,13.34,824.95,330.01,46.48,30.13,418.33,24.8,4.3,Completed
SES-004359,2024-03-08,11,EV-080,Delhi,Delhi,Franchise,DC Fast,Type 2,Fleet,Corporate Account,1.1,32.62,13.34,435.15,163.32,183.63,10.66,77.54,12.2,4.0,Completed
SES-002050,2025-06-20,22,EV-085,Jaipur,Rajasthan,Partner,DC Fast,CHAdeMO,Taxi/Ride-share,UPI,0.64,22.22,15.41,342.41,167.03,71.21,6.61,97.56,9.7,5.0,Completed
SES-000837,2025-05-02,0,EV-083,Chennai,Tamil Nadu,Franchise,DC Fast,CCS2,Fleet,UPI,1.13,54.52,14.6,795.99,311.21,180.14,47.39,257.25,51.0,3.7,Completed
SES-002252,2025-04-05,10,EV-088,Mumbai,Maharashtra,Franchise,DC Ultra-Fast,CCS2,Taxi/Ride-share,UPI,0.15,21.2,16.69,353.83,157.69,122.97,11.72,61.45,13.0,4.2,Completed
SES-001140,2025-05-02,14,EV-042,Ahmedabad,Gujarat,Own,DC Ultra-Fast,CCS2,Private,Wallet,0.96,73.71,14.5,1068.79,551.29,172.71,59.73,285.06,12.5,4.3,Completed
SES-002527,2025-08-29,16,EV-085,Pune,Maharashtra,Own,AC Level 2,CCS2,,UPI,0.22,3.87,10.08,39.01,29.47,192.06,50.46,-232.98,5.6,4.1,Completed
SES-002454,2024-10-04,22,EV-094,Bengaluru,Karnataka,Own,AC Level 2,CCS2,Corporate,Corporate Account,2.64,33.97,10.89,369.93,228.81,186.14,47.5,-92.52,45.9,4.2,Completed
SES-001343,2025-01-19,23,EV-002,Gurugram,Haryana,Own,DC Fast,Type 2,Private,UPI,0.56,27.85,13.34,371.52,227.86,108.36,60.59,-25.29,36.4,4.4,Completed
SES-004625,2024-06-19,4,EV-077,Chennai,Tamil Nadu,Own,DC Ultra-Fast,CCS2,Fleet,UPI,0.79,79.8,16.6,1324.68,535.42,141.76,30.39,617.11,46.3,3.9,Completed
SES-001534,2025-05-24,13,EV-071,Ahmedabad,Gujarat,Own,DC Fast,Type 2,Corporate,UPI,2.52,114.46,15.64,1790.15,887.95,156.55,71.03,674.62,59.6,4.4,Completed
SES-001384,2024-06-25,14,EV-060,Lucknow,Uttar Pradesh,Franchise,AC Level 2,CHAdeMO,Corporate,UPI,1.1,22.22,9.88,219.53,187.77,67.73,28.08,-64.05,29.7,5.0,Completed
SES-000374,2024-04-04,4,EV-072,Bengaluru,Karnataka,Franchise,DC Ultra-Fast,CCS2,Private,Wallet,1.88,180.0,17.08,3074.4,1172.16,312.28,18.2,1571.76,51.3,4.2,Completed
SES-004396,2025-03-26,16,EV-098,Hyderabad,Telangana,Own,DC Fast,Type 2,Private,Card,0.49,14.9,12.53,186.7,100.87,207.7,20.18,-142.05,10.6,4.8,Completed
SES-003642,2025-09-12,3,EV-093,Jaipur,Rajasthan,Partner,DC Fast,CHAdeMO,Taxi/Ride-share,Corporate Account,0.72,20.46,14.69,300.56,105.72,97.77,51.31,45.76,25.5,4.1,Completed
SES-002690,2024-10-14,2,EV-013,Bengaluru,Karnataka,Own,DC Ultra-Fast,CCS2,Corporate,UPI,2.01,180.0,15.32,2757.6,938.64,59.68,70.91,1688.37,34.4,4.2,Completed
SES-003064,2024-01-26,11,EV-099,Chennai,Tamil Nadu,Own,AC Level 2,Type 2,Fleet,Wallet,0.42,7.29,10.41,75.89,48.54,54.08,35.8,-62.53,9.2,3.8,Completed
SES-004185,2025-06-02,4,EV-022,Bengaluru,Karnataka,Own,AC Level 2,CCS2,Private,Corporate Account,0.74,7.65,11.29,86.37,63.11,20.11,17.01,-13.86,22.8,4.5,Completed
SES-004524,2024-03-31,16,EV-098,Jaipur,Rajasthan,Franchise,AC Level 2,Type 2,Taxi/Ride-share,Card,0.66,11.39,10.3,117.32,72.61,199.73,20.78,-175.8,2.3,3.9,Completed
SES-001138,2024-10-23,3,EV-073,Ahmedabad,Gujarat,Own,DC Fast,CHAdeMO,Private,Card,0.62,17.34,11.5,199.41,127.77,153.39,74.44,-156.19,27.3,3.8,Completed
SES-004155,2025-07-02,11,EV-050,Bengaluru,Karnataka,Partner,AC Level 2,CHAdeMO,Taxi/Ride-share,Card,0.88,11.03,9.3,102.58,78.46,211.37,28.61,-215.86,34.6,4.8,Completed
SES-004562,2024-11-05,21,EV-042,Jaipur,Rajasthan,Own,AC Level 2,CCS2,Taxi/Ride-share,Wallet,2.19,24.82,9.71,241.0,185.94,82.18,15.67,-42.79,18.7,5.0,Completed
SES-000751,2025-09-18,14,EV-026,Pune,Maharashtra,Franchise,AC Level 2,CHAdeMO,Private,Card,0.95,16.38,9.84,161.18,95.95,153.72,14.28,-102.77,32.7,4.3,Completed
SES-001435,2024-09-27,23,EV-009,Gurugram,Haryana,Own,AC Level 2,CCS2,Fleet,UPI,2.61,37.64,10.08,379.41,249.0,45.52,61.63,23.26,26.6,3.8,Completed
SES-004284,2024-11-18,5,EV-033,Ahmedabad,Gujarat,Own,DC Fast,CCS2,Fleet,Card,1.44,75.04,11.98,898.98,586.45,49.59,34.06,228.88,35.4,4.4,Completed
SES-002962,2025-11-29,5,EV-005,Hyderabad,Telangana,Partner,DC Fast,CHAdeMO,Fleet,UPI,0.15,6.57,11.06,72.66,37.16,52.51,69.76,-86.77,29.6,3.3,Completed
SES-000838,2024-12-19,14,EV-025,Ahmedabad,Gujarat,Own,DC Fast,Type 2,Fleet,UPI,1.05,53.18,14.69,781.21,300.47,192.81,55.82,232.11,46.8,3.9,Completed
SES-004286,2024-02-19,14,EV-030,Chennai,Tamil Nadu,Own,AC Level 2,CCS2,Corporate,Card,1.05,17.96,11.22,201.51,98.15,166.97,32.19,-95.8,25.6,4.2,Completed
SES-004828,2025-08-04,10,EV-080,Gurugram,Haryana,Own,DC Fast,CCS2,Private,Wallet,1.62,73.45,11.03,810.15,438.43,101.84,19.78,250.1,52.4,3.7,Completed
SES-003264,2025-12-27,17,EV-017,Ahmedabad,Gujarat,Own,AC Level 2,Type 2,Private,UPI,1.06,21.16,8.77,185.57,145.55,172.56,17.72,-150.26,41.6,3.7,Failed
SES-003493,2024-03-03,3,EV-092,Mumbai,Maharashtra,Own,AC Level 2,CCS2,Fleet,UPI,0.69,7.39,11.43,84.47,61.94,50.01,64.17,-91.65,16.7,3.4,Completed
SES-001992,2024-10-13,15,EV-055,Lucknow,Uttar Pradesh,Partner,AC Level 2,Type 2,Private,UPI,1.57,32.19,8.55,275.22,208.47,29.8,8.55,28.4,67.7,4.4,Completed
SES-000677,2024-04-06,20,EV-098,Hyderabad,Telangana,Franchise,DC Fast,Type 2,Private,UPI,0.52,24.88,13.54,336.88,185.77,218.16,28.91,-95.96,21.8,4.2,Completed
SES-002069,2025-06-06,7,EV-013,Hyderabad,Telangana,Partner,DC Fast,Type 2,Private,UPI,1.55,82.1,15.15,1243.82,447.69,154.09,28.23,613.81,50.2,3.7,Completed
SES-001527,2024-02-09,1,EV-080,Gurugram,Haryana,Own,AC Level 2,CCS2,Private,Corporate Account,2.13,24.95,10.05,250.75,179.51,212.89,49.23,-190.88,43.4,4.6,Completed
SES-004732,2025-10-25,2,EV-005,Gurugram,Haryana,Franchise,DC Ultra-Fast,CCS2,Private,Card,1.13,126.8,15.5,1965.4,649.02,301.93,9.21,1005.24,36.1,4.1,Completed
SES-003276,2025-11-26,3,EV-085,Jaipur,Rajasthan,Franchise,AC Level 2,CCS2,Private,Card,0.15,2.37,10.1,23.94,19.42,163.98,24.97,-184.43,24.4,4.3,Completed
SES-001149,2025-03-08,15,EV-034,Delhi,Delhi,Own,DC Fast,Type 2,Private,UPI,0.69,29.51,12.46,367.69,196.77,36.95,40.02,93.95,28.4,3.4,Completed
SES-000723,2024-03-31,2,EV-059,Delhi,Delhi,Partner,DC Ultra-Fast,Type 2,Private,UPI,0.49,35.5,15.52,550.96,269.59,175.46,51.2,54.71,32.1,4.4,Completed
SES-003744,2024-04-19,5,EV-099,Lucknow,Uttar Pradesh,Own,AC Level 2,CCS2,Private,Card,1.14,22.38,11.56,258.71,165.12,187.12,38.39,-131.92,25.3,4.4,Completed
SES-000474,2025-09-03,21,EV-027,Pune,Maharashtra,Own,DC Fast,CCS2,Private,Card,0.56,23.29,12.63,294.15,135.41,161.01,44.84,-47.11,23.6,4.6,Completed
SES-002495,2025-09-12,10,EV-066,Bengaluru,Karnataka,Franchise,AC Level 2,Type 2,Private,wallet,1.33,16.06,10.21,163.97,132.62,118.56,16.8,-104.01,30.4,4.9,Completed
SES-003760,2025-07-22,20,EV-042,Bengaluru,Karnataka,Partner,AC Level 2,CCS2,Taxi/Ride-share,Corporate Account,1.43,29.42,9.03,265.66,215.02,70.77,64.72,-84.85,40.2,4.4,Completed
SES-000613,2024-08-05,17,EV-085,Gurugram,Haryana,Partner,DC Ultra-Fast,CHAdeMO,Taxi/Ride-share,UPI,0.55,66.08,19.64,1297.81,394.34,100.86,38.72,763.89,31.4,4.2,Completed
SES-000050,2024-08-21,12,EV-082,Jaipur,Rajasthan,Franchise,DC Ultra-Fast,CCS2,Private,UPI,2.56,178.12,15.34,2732.36,1472.87,233.26,60.16,966.07,45.9,5.0,Completed
SES-003873,2024-04-24,12,EV-070,Gurugram,Haryana,Own,DC Fast,CHAdeMO,Taxi/Ride-share,Wallet,1.52,49.4,11.22,554.27,256.84,136.85,10.61,149.97,27.5,4.5,Completed
SES-004943,2024-10-08,11,EV-009,Gurugram,Haryana,Own,DC Fast,CCS2,fleet,Wallet,0.15,7.26,14.79,107.38,59.66,125.13,47.09,-124.5,32.7,3.5,Completed
SES-001538,2025-09-17,17,EV-084,Hyderabad,Telangana,Franchise,DC Fast,Type 2,Private,Corporate Account,0.71,21.1,12.82,270.5,175.41,70.2,78.81,-53.92,42.7,4.2,Completed
SES-001317,2024-11-03,15,EV-054,Bengaluru,Karnataka,Own,DC Fast,CCS2,Corporate,UPI,0.19,7.62,14.58,111.1,57.12,98.49,44.34,-88.85,16.2,4.3,Completed
SES-000742,2024-07-04,12,EV-028,Jaipur,Rajasthan,Own,DC Fast,Type 2,Taxi/Ride-share,UPI,1.23,52.51,12.39,650.6,317.58,110.84,8.45,213.73,44.1,4.4,Completed
SES-004792,2025-10-06,0,EV-011,Delhi,Delhi,Partner,DC Fast,CHAdeMO,Corporate,Card,1.32,43.2,11.46,495.07,271.8,108.61,5.94,108.72,38.3,4.1,Completed
SES-001668,2024-09-22,7,EV-012,Ahmedabad,Gujarat,Franchise,DC Fast,Type 2,Private,Corporate Account,0.32,11.98,11.44,137.05,75.17,91.87,16.6,-46.59,2.0,3.9,Completed
SES-003063,2024-02-13,17,EV-024,Mumbai,Maharashtra,Own,AC Level 2,Type 2,Corporate,UPI,0.98,10.58,10.66,112.78,83.7,105.93,61.67,-138.52,34.3,4.2,Completed
SES-001975,2024-06-10,3,EV-090,Gurugram,Haryana,Own,DC Fast,CCS2,Fleet,UPI,1.45,77.31,15.08,1165.83,553.0,87.74,28.77,496.32,45.5,3.7,Completed
SES-002631,2025-03-12,20,EV-042,Jaipur,Rajasthan,Partner,AC Level 2,CCS2,Fleet,Card,1.17,13.24,10.29,136.24,83.18,89.27,34.25,-70.46,49.6,4.3,Failed
SES-001502,2025-05-18,1,EV-072,Hyderabad,Telangana,Franchise,DC Fast,CCS2,Private,Card,1.99,59.28,11.31,670.46,367.96,61.45,19.9,221.15,42.6,4.4,Completed
SES-004703,2024-01-18,21,EV-073,Bengaluru,Karnataka,Own,DC Ultra-Fast,CCS2,Corporate,Card,1.98,180.0,18.98,3416.4,1279.35,33.04,21.96,2082.05,50.3,4.7,Completed
SES-001236,2025-07-22,16,EV-099,Chennai,Tamil Nadu,Own,DC Fast,Type 2,Taxi/Ride-share,Card,1.22,50.63,14.52,735.15,295.35,152.94,45.54,241.32,33.3,4.1,Completed
SES-003417,2024-07-09,1,EV-060,Ahmedabad,Gujarat,Partner,DC Fast,CCS2,Private,Card,0.89,41.37,13.13,543.19,272.91,204.09,21.19,45.0,28.3,5.0,Completed
SES-003347,2024-05-06,17,EV-064,Chennai,Tamil Nadu,Own,DC Fast,Type 2,Private,UPI,1.18,63.82,15.31,977.08,487.81,141.67,58.03,289.57,35.9,3.4,Cancelled
SES-001661,2024-06-07,21,EV-098,Gurugram,Haryana,Partner,DC Fast,CCS2,Taxi/Ride-share,UPI,0.2,9.68,13.98,135.33,74.57,206.52,8.6,-154.36,29.5,4.0,Completed
SES-000560,2024-08-23,7,EV-044,Hyderabad,Telangana,Own,AC Level 2,Type 2,Private,UPI,0.72,9.06,11.57,104.82,56.65,163.73,7.04,-122.6,20.2,4.3,Completed
SES-001176,2025-10-28,15,EV-087,Delhi,Delhi,Franchise,AC Level 2,CHAdeMO,Private,Corporate Account,0.2,2.27,10.28,23.34,18.79,127.15,64.15,-186.75,31.7,3.8,Completed
SES-001457,2025-07-19,15,EV-017,Jaipur,Rajasthan,Own,AC Level 2,CCS2,Taxi/Ride-share,Card,1.91,38.1,9.37,357.0,243.96,117.86,65.0,-69.82,43.2,3.8,Completed
SES-004260,2024-02-06,10,EV-022,Ahmedabad,Gujarat,Own,DC Ultra-Fast,CCS2,Fleet,Corporate Account,1.68,180.0,15.8,2844.0,1389.38,153.17,44.59,1256.86,49.6,4.2,Completed
SES-001629,2025-12-28,8,EV-072,Mumbai,Maharashtra,Own,AC Level 2,CCS2,Private,UPI,1.5,24.21,11.54,279.38,148.21,177.93,68.67,-115.43,37.2,4.5,Completed
SES-002967,2024-02-10,15,EV-005,Lucknow,Uttar Pradesh,Own,AC Level 2,CCS2,Corporate,Card,0.34,4.73,9.95,47.06,27.81,57.87,61.96,-100.58,21.7,3.9,Completed
SES-002446,2025-09-08,5,EV-069,Ahmedabad,Gujarat,Own,AC Level 2,CCS2,Private,UPI,0.46,6.8,9.15,62.22,48.72,115.35,53.83,-155.68,24.6,4.1,Cancelled
SES-004165,2025-12-01,20,EV-026,Pune,Maharashtra,Own,DC Fast,CCS2,Private,UPI,0.36,18.49,15.34,283.64,110.98,28.07,64.25,80.34,10.9,4.6,Failed
SES-002610,2025-05-05,20,EV-043,Mumbai,Maharashtra,Own,AC Level 2,CCS2,Taxi/Ride-share,UPI,1.4,18.48,10.07,186.09,120.0,24.2,13.95,27.94,34.7,3.8,Completed
SES-003570,2024-03-09,6,EV-048,Pune,Maharashtra,Partner,AC Level 2,CHAdeMO,Corporate,Card,1.23,21.52,11.39,245.11,156.5,74.08,65.42,-50.89,31.6,4.3,Completed
SES-001329,2025-11-25,19,EV-007,Ahmedabad,Gujarat,Own,DC Ultra-Fast,CCS2,Taxi/Ride-share,Card,0.67,72.38,17.4,1259.41,557.57,293.1,29.71,379.03,31.6,4.4,Completed
SES-004573,2025-10-26,7,EV-003,Lucknow,Uttar Pradesh,Own,DC Ultra-Fast,CCS2,Fleet,UPI,0.77,93.77,18.3,1715.99,514.07,324.62,45.6,831.7,33.3,3.9,Completed
SES-004950,2025-02-10,1,EV-064,Hyderabad,Telangana,Partner,AC Level 2,CCS2,Private,Card,1.44,16.2,8.62,139.64,90.68,171.87,57.39,-180.3,33.0,3.3,Completed
SES-003504,2025-03-01,23,EV-098,Gurugram,Haryana,Partner,DC Fast,CCS2,Private,Wallet,2.08,60.23,13.4,807.08,488.66,116.2,68.42,133.8,34.4,4.0,Completed
SES-000013,2024-04-03,20,EV-025,Jaipur,Rajasthan,Own,AC Level 2,CHAdeMO,Private,Corporate Account,0.47,9.3,9.2,85.56,49.92,215.3,74.55,-254.21,28.8,3.8,Completed
SES-003573,2024-11-17,11,EV-054,Gurugram,Haryana,Franchise,DC Fast,Type 2,Taxi/Ride-share,Wallet,1.79,65.0,13.76,894.4,387.97,159.72,71.75,274.96,57.8,5.0,Completed
SES-001003,2024-02-25,17,EV-078,Hyderabad,Telangana,Partner,AC Level 2,CHAdeMO,Taxi/Ride-share,Corporate Account,1.86,36.31,10.74,389.97,190.06,92.47,73.35,34.09,41.0,3.5,Completed
SES-004671,2025-01-26,0,EV-092,Gurugram,Haryana,Partner,AC Level 2,CCS2,Taxi/Ride-share,Corporate Account,0.31,5.15,9.66,49.75,28.75,24.26,18.95,-22.21,25.3,3.9,Completed
SES-002014,2024-01-29,18,EV-030,Hyderabad,Telangana,Franchise,AC Level 2,Type 2,Taxi/Ride-share,UPI,0.34,6.54,11.45,74.88,43.44,83.59,75.79,-127.94,27.2,4.1,Completed
SES-000083,2024-07-30,23,EV-002,Jaipur,Rajasthan,Own,DC Ultra-Fast,CCS2,Private,UPI,0.55,56.4,15.96,900.14,466.98,65.51,72.41,295.24,2.0,3.4,Completed
SES-004479,2025-02-09,15,EV-061,Jaipur,Rajasthan,Own,DC Ultra-Fast,CCS2,Fleet,UPI,1.16,95.71,14.07,1346.64,602.71,101.55,68.03,574.35,23.9,3.2,Completed
SES-000568,2024-07-26,23,EV-095,Bengaluru,Karnataka,Own,AC Level 2,CCS2,Taxi/Ride-share,Wallet,1.23,20.11,9.66,194.26,161.74,67.49,66.58,-101.55,4.4,4.9,Completed
SES-000003,2025-03-15,10,EV-052,Jaipur,Rajasthan,Own,DC Fast,CCS2,Fleet,UPI,1.94,103.96,12.61,1310.94,866.61,24.48,32.48,387.37,50.1,3.9,Completed
SES-003101,2025-02-27,20,EV-038,Hyderabad,Telangana,Franchise,AC Level 2,Type 2,Private,Corporate Account,1.34,21.6,10.89,235.22,113.99,213.31,72.08,-164.16,40.8,3.6,Cancelled
SES-002873,2025-01-08,11,EV-061,Ahmedabad,Gujarat,Partner,AC Level 2,CCS2,Private,Card,0.88,13.99,11.91,166.62,76.36,209.32,75.46,-194.52,26.1,4.4,Completed
SES-003979,2024-10-02,13,EV-070,Jaipur,Rajasthan,Own,AC Level 2,Type 2,Private,Card,0.69,11.85,10.53,124.78,73.86,116.34,24.7,-90.12,45.0,5.0,Completed
SES-000509,2025-09-21,19,EV-090,Hyderabad,Telangana,Franchise,DC Fast,Type 2,Private,Wallet,1.02,44.77,11.77,526.94,349.95,117.49,77.71,-18.21,28.1,3.6,Completed
SES-004172,2025-05-25,4,EV-065,Chennai,Tamil Nadu,Franchise,AC Level 2,CCS2,Taxi/Ride-share,UPI,0.37,7.13,11.68,83.28,46.74,138.71,60.04,-162.21,22.3,4.3,Completed
SES-002672,2024-06-10,11,EV-100,Hyderabad,Telangana,Own,DC Fast,Type 2,Fleet,UPI,0.55,31.12,15.97,496.99,161.12,143.05,14.43,178.39,15.4,4.0,Completed
SES-004888,2025-12-24,21,EV-053,Pune,Maharashtra,Own,AC Level 2,CCS2,Private,Card,0.95,15.13,11.09,167.79,84.84,47.51,13.02,22.42,37.1,4.5,Completed
SES-001671,2024-12-03,17,EV-008,Chennai,Tamil Nadu,Own,AC Level 2,CHAdeMO,Private,UPI,1.29,17.45,10.66,186.02,145.72,45.42,20.89,-26.01,15.7,3.7,Completed
SES-001168,2024-06-09,21,EV-028,Jaipur,Rajasthan,Own,AC Level 2,CCS2,Taxi/Ride-share,Card,0.16,2.09,9.89,20.67,12.04,33.24,67.59,-92.2,33.0,3.1,Completed
SES-004256,2024-12-08,15,EV-040,Gurugram,Haryana,Own,AC Level 2,CCS2,Corporate,Corporate Account,2.54,32.49,11.06,359.34,261.38,195.31,57.52,-154.87,32.0,3.0,Completed
SES-004106,2025-11-11,19,EV-051,Jaipur,Rajasthan,Partner,AC Level 2,CHAdeMO,Taxi/Ride-share,Wallet,0.86,10.42,8.87,92.43,82.48,45.2,21.69,-56.94,26.1,3.9,Completed
SES-002382,2024-04-13,16,EV-072,Delhi,Delhi,Own,DC Fast,CCS2,Private,Wallet,0.77,42.23,13.53,571.37,335.99,125.21,27.24,82.93,17.8,3.5,Completed
SES-000347,2025-05-23,15,EV-009,Bengaluru,Karnataka,Franchise,DC Fast,CCS2,Taxi/Ride-share,Card,1.52,81.45,15.22,1239.67,544.94,27.42,39.55,627.76,48.4,4.5,Completed
SES-000930,2025-12-14,21,EV-002,Ahmedabad,Gujarat,Franchise,DC Ultra-Fast,CCS2,Corporate,UPI,0.37,49.25,19.93,981.55,389.41,210.89,78.88,302.37,8.7,3.7,Completed
SES-004874,2025-07-16,2,EV-052,Bengaluru,Karnataka,Franchise,DC Fast,CCS2,Fleet,UPI,0.59,16.16,11.11,179.54,115.1,181.32,30.61,-147.49,32.0,4.4,Cancelled
SES-002802,2025-03-09,6,EV-009,Bengaluru,Karnataka,Partner,DC Fast,CHAdeMO,Corporate,UPI,1.82,52.41,14.92,781.96,419.91,103.7,60.92,197.43,51.6,4.0,Completed
SES-000577,2024-05-13,1,EV-058,Delhi,Delhi,Own,AC Level 2,Type 2,Corporate,Corporate Account,1.53,19.98,8.47,169.23,167.47,184.65,7.45,-190.34,38.5,4.2,Completed
SES-000169,2025-05-11,0,EV-096,Ahmedabad,Gujarat,Own,AC Level 2,Type 2,Private,Card,2.59,28.3,8.76,247.91,209.75,158.92,57.51,-178.27,44.1,3.9,Completed
SES-001028,2025-12-11,6,EV-007,Chennai,Tamil Nadu,Franchise, DC Ultra-Fast ,CCS2,Private,UPI,1.87,180.0,16.01,2881.8,1425.85,69.31,62.79,1323.85,27.6,5.0,Failed
SES-001746,2025-09-18,23,EV-033,Jaipur,Rajasthan,Own,AC Level 2,CCS2,Private,Card,0.39,7.66,8.3,63.58,55.3,177.48,63.55,-232.75,16.4,4.7,Completed
SES-004698,2024-06-08,3,EV-020,Jaipur,Rajasthan,Own,DC Fast,CCS2,Taxi/Ride-share,Card,0.22,9.99,14.39,143.76,57.08,209.7,53.29,-176.31,34.0,4.4,Completed
SES-002077,2024-12-30,14,EV-010,Chennai,Tamil Nadu,Own,AC Level 2,Type 2,Taxi/Ride-share,UPI,3.0,41.02,11.35,465.58,337.79,102.23,58.16,-32.6,51.4,4.1,Completed
SES-000704,2024-03-16,3,EV-053,Chennai,Tamil Nadu,Partner,AC Level 2,CHAdeMO,Private,UPI,0.4,6.75,8.65,58.39,48.71,209.71,24.74,-224.77,33.2,5.0,Completed
SES-003446,2025-12-17,9,EV-002,Lucknow,Uttar Pradesh,Franchise,DC Fast,CCS2,Taxi/Ride-share,Wallet,1.27,54.76,13.38,732.69,355.44,40.79,66.18,270.28,23.1,4.9,Completed
SES-002518,2024-09-02,5,EV-009,Hyderabad,Telangana,Own,DC Fast,CCS2,Private,Corporate Account,0.58,29.58,12.69,375.37,236.78,159.54,50.95,-71.9,12.8,4.4,Completed
SES-003591,2025-11-22,18,EV-096,Delhi,Delhi,Own,AC Level 2,Type 2,Private,UPI,0.29,5.82,8.23,47.9,29.1,93.82,30.98,-106.0,20.9,4.4,Completed
SES-002959,2024-10-14,1,EV-096,Pune,Maharashtra,Partner,AC Level 2,Type 2,Private,UPI,1.65,29.8,9.33,278.03,233.12,218.85,48.95,-222.89,43.0,5.0,Completed
SES-001903,2025-03-26,5,EV-051,Pune,Maharashtra,Own,DC Fast,CCS2,Corporate,UPI,0.71,21.61,14.04,303.4,155.71,193.18,58.02,-103.51,30.2,4.7,Completed
SES-003071,2025-09-07,22,EV-035,Pune,Maharashtra,Partner,DC Fast,CCS2,Private,Wallet,1.66,61.66,13.77,849.06,412.56,217.95,48.54,170.01,60.3,4.1,Completed
SES-004255,2024-06-23,7,EV-100,Chennai,Tamil Nadu,Franchise,AC Level 2,Type 2,Private,UPI,0.15,2.56,9.0,23.04,17.71,80.66,67.72,-143.05,18.1,4.0,Completed
SES-001040,2025-02-22,0,EV-050,Gurugram,Haryana,Partner,DC Fast,CCS2,Private,UPI,0.66,20.0,11.45,229.0,132.95,122.58,53.89,-80.42,34.0,5.0,Completed
SES-002313,2024-11-16,19,EV-083,Ahmedabad,Gujarat,Partner,AC Level 2,CHAdeMO,Fleet,Card,2.73,27.63,10.75,297.02,232.61,135.31,17.16,-88.06,27.0,4.1,Completed
SES-003447,2025-06-24,8,EV-015,Jaipur,Rajasthan,Own,AC Level 2,CCS2,Private,UPI,0.44,5.4,10.66,57.56,28.37,185.18,75.64,-231.63,15.2,5.0,Completed
SES-002138,2025-10-03,18,EV-002,Delhi,Delhi,Own,DC Fast,CCS2,Taxi/Ride-share,Card,0.52,14.73,12.11,178.38,76.82,107.07,69.38,-74.89,30.6,3.6,Completed
SES-002147,2024-05-26,9,EV-071,Mumbai,Maharashtra,Own,DC Fast,Type 2,Fleet,Wallet,1.31,37.8,12.07,456.25,289.24,84.09,66.65,16.27,13.5,3.7,Completed
SES-002834,2024-06-09,11,EV-078,Lucknow,Uttar Pradesh,Own,AC Level 2,CHAdeMO,Fleet,Card,0.32,6.53,8.95,58.44,45.6,55.83,39.2,-82.19,19.2,4.1,Completed
SES-001933,2024-03-17,21,EV-042,Delhi,Delhi,Partner,DC Fast,CCS2,Private,UPI,0.86,30.56,12.25,374.36,210.05,144.75,27.69,-8.13,2.0,3.8,Completed
SES-000655,2024-12-10,1,EV-062,Delhi,Delhi,Partner,AC Level 2,CHAdeMO,Private,Card,0.45,5.74,8.99,51.6,37.84,91.91,47.27,-125.42,29.7,4.2,Failed
SES-004154,2025-02-20,8,EV-057,Lucknow,Uttar Pradesh,Partner,DC Fast,Type 2,Private,Card,1.92,105.18,12.63,1328.42,849.2,24.05,69.78,385.39,54.8,3.6,Completed
SES-002135,2025-09-25,23,EV-017,Chennai,Tamil Nadu,Franchise,AC Level 2,Type 2,Private,Wallet,0.5,6.55,10.89,71.33,41.98,119.68,61.17,-151.5,25.8,3.8,Completed
SES-001170,2025-10-06,1,EV-100,Gurugram,Haryana,Own,AC Level 2,Type 2,Corporate,Wallet,2.17,37.87,9.91,375.29,226.39,115.28,30.57,3.05,63.7,3.5,Completed
SES-000659,2025-10-30,21,EV-028,Delhi,Delhi,Franchise,AC Level 2,CHAdeMO,Private,UPI,0.9,10.66,8.54,91.04,67.09,125.76,74.71,-176.52,35.9,4.5,Completed
SES-003915,2025-02-26,14,EV-071,Delhi,Delhi,Franchise,DC Fast,CHAdeMO,Fleet,UPI,1.53,81.67,11.98,978.41,619.13,138.16,79.47,141.65,29.2,4.1,Completed
SES-002827,2025-01-24,19,EV-058,Lucknow,Uttar Pradesh,Own,DC Fast,Type 2,Taxi/Ride-share,UPI,1.3,50.0,15.11,755.5,407.04,40.84,60.7,246.92,30.4,4.1,Failed
SES-003827,2024-07-26,9,EV-008,Lucknow,Uttar Pradesh,Own,DC Ultra-Fast,Type 2,Taxi/Ride-share,Corporate Account,0.58,81.91,16.76,1372.81,567.77,172.76,21.77,610.51,53.8,4.0,Completed
SES-004071,2025-09-22,1,EV-044,Ahmedabad,Gujarat,Own,AC Level 2,Type 2,Corporate,Corporate Account,1.52,22.46,9.86,221.46,180.0,190.05,31.83,-180.42,43.1,4.0,Completed
SES-002210,2025-01-31,5,EV-039,Jaipur,Rajasthan,Franchise,DC Fast,CCS2,Taxi/Ride-share,UPI,0.46,15.4,14.01,215.75,115.96,71.93,70.39,-42.53,24.3,3.3,Completed
SES-000877,2025-11-24,2,EV-015,Chennai,Tamil Nadu,Partner,AC Level 2,Type 2,Fleet,UPI,0.16,2.85,10.04,28.61,17.34,136.49,35.4,-160.62,20.6,3.9,Completed
SES-001937,2025-03-18,22,EV-098,Hyderabad,Telangana,Partner,DC Fast,CCS2,Taxi/Ride-share,Corporate Account,0.45,15.71,11.04,173.44,90.92,169.1,67.42,-154.0,8.2,4.2,Completed
SES-000467,2025-07-14,21,EV-035, Gurugram ,Haryana,Own,DC Ultra-Fast,Type 2,Fleet,Card,2.48,180.0,18.4,3312.0,1456.52,222.63,59.2,1573.65,50.0,4.2,Completed
SES-002817,2025-09-11,15,EV-049,Jaipur,Rajasthan,Own,DC Fast,CCS2,Taxi/Ride-share,Card,2.85,95.71,13.62,1303.57,623.72,217.7,19.13,443.02,64.6,3.8,Completed
SES-001596,2024-04-11,5,EV-051,Delhi,Delhi,Own,DC Ultra-Fast,CCS2,Private,UPI,0.85,92.93,17.3,1607.69,653.58,277.66,22.23,654.22,26.8,4.7,Completed
SES-001119,2024-02-05,21,EV-017,Jaipur,Rajasthan,Franchise,AC Level 2,CHAdeMO,Private,UPI,1.61,30.04,12.0,360.48,160.73,31.48,19.05,149.22,16.3,3.7,Completed
SES-000386,2025-08-05,22,EV-043,Gurugram,Haryana,Franchise,DC Fast,Type 2,Fleet,UPI,2.43,92.46,13.61,1258.38,717.93,177.3,56.55,306.6,45.9,3.8,Completed
SES-002239,2024-11-09,3,EV-028,Gurugram,Haryana,Partner,AC Level 2,CHAdeMO,Private,UPI,0.93,9.43,9.02,85.06,57.21,64.26,8.45,-44.86,22.7,3.7,Completed
SES-004277,2024-06-23,0,EV-081,Jaipur,Rajasthan,Partner,AC Level 2,CCS2,Fleet,Card,1.15,17.36,9.94,172.56,131.7,29.67,57.56,-46.37,38.9,3.2,Completed
SES-000927,2024-11-26,11,EV-020,Mumbai,Maharashtra,Partner,DC Fast,CCS2,Private,Wallet,0.73,34.09,11.27,384.19,258.38,189.06,78.38,-141.63,30.1,3.9,Completed
SES-002006,2025-08-27,6,EV-016,Ahmedabad,Gujarat,Own,AC Level 2,Type 2,Private,Corporate Account,0.83,15.93,11.87,189.09,120.46,171.06,67.25,-169.68,36.5,4.8,Completed
SES-000119,2025-06-10,19,EV-075,Ahmedabad,Gujarat,Own,AC Level 2,Type 2,Private,Corporate Account,0.92,12.42,11.03,136.99,85.66,34.4,61.47,-44.54,22.5,4.5,Completed
SES-002473,2024-02-28,10,EV-095,Chennai,Tamil Nadu,Partner,DC Fast,CCS2,Private,Corporate Account,0.52,22.36,13.83,309.24,174.53,58.72,50.12,25.87,24.2,4.2,Completed
SES-000638,2024-03-12,3,EV-089,Pune,Maharashtra,Own,DC Fast,CCS2,Taxi/Ride-share,UPI,0.67,33.67,12.76,429.63,262.0,21.63,32.32,113.68,20.4,4.7,Cancelled
SES-003301,2024-05-26,1,EV-020,Lucknow,Uttar Pradesh,Franchise,DC Fast,CCS2,Taxi/Ride-share,UPI,0.48,15.94,14.97,238.62,110.04,190.6,46.49,-108.51,12.9,3.6,Completed
SES-003082,2024-01-08,20,EV-064,Hyderabad,Telangana,Partner,AC Level 2,CHAdeMO,Private,UPI,0.28,4.52,9.21,41.63,23.61,213.33,52.04,-247.35,15.8,3.8,Completed
SES-003809,2024-09-27,12,EV-031,Bengaluru,Karnataka,Own,AC Level 2,Type 2,Private,UPI,1.0,11.72,9.81,114.97,69.26,25.18,15.16,5.37,31.5,4.1,Completed
SES-003811,2025-02-26,13,EV-056,Hyderabad,Telangana,Franchise,DC Fast,CCS2,Private,Corporate Account,0.49,20.9,15.55,325.0,111.58,72.48,40.52,100.42,40.1,4.2,Completed
SES-002931,2025-07-13,13,EV-019,Ahmedabad,Gujarat,Franchise,DC Fast,CCS2,Taxi/Ride-share,Wallet,0.53,27.47,14.84,407.65,152.44,,10.15,203.79,41.5,4.5,Completed
SES-004064,2024-08-18,1,EV-094,Chennai,Tamil Nadu,Own,DC Fast,CHAdeMO,Private,Card,0.29,12.32,14.54,179.13,88.86,62.99,61.77,-34.49,28.9,3.2,Cancelled
SES-002164,2024-12-17,4,EV-024,Gurugram,Haryana,Own,DC Fast,CCS2,Private,UPI,4.5,180.0,15.71,2827.8,1184.91,112.74,72.01,1458.14,70.5,5.0,Completed
SES-002982,2025-03-25,1,EV-026,Hyderabad,Telangana,Franchise,AC Level 2,CCS2,Corporate,UPI,1.52,28.85,10.21,294.56,220.23,141.67,66.89,-134.23,41.6,4.5,Completed
SES-001669,2024-04-17,14,EV-073,Bengaluru,Karnataka,Own,AC Level 2,CCS2,Private,UPI,0.83,11.03,8.97,98.94,64.38,89.71,30.22,-85.37,14.7,4.1,Completed
SES-001211,2024-02-17,2,EV-078,Jaipur,Rajasthan,Franchise,DC Fast,CCS2,Private,UPI,0.49,23.88,14.34,342.44,174.62,208.6,17.97,-58.75,28.0,3.7,Completed
SES-002037,2024-12-24,9,EV-069,Gurugram,Haryana,Franchise,DC Fast,Type 2,Private,Card,0.88,44.68,14.58,651.43,288.22,23.29,36.52,303.4,32.3,3.8,Completed
SES-004495,2024-03-13,4,EV-075,Gurugram,Haryana,Own,AC Level 2,CCS2,Taxi/Ride-share,UPI,1.04,10.65,9.73,103.62,60.23,58.21,14.85,-29.67,11.4,4.3,Completed
SES-003977,2025-08-01,6,EV-068,Ahmedabad,Gujarat,Partner,AC Level 2,CCS2,Fleet,Card,0.2,3.11,9.48,29.48,21.79,57.56,28.69,-78.56,26.0,4.8,Completed
SES-000143,2024-01-17,23,EV-042,Lucknow,Uttar Pradesh,Franchise,DC Fast,CCS2,Fleet,UPI,2.01,77.47,12.3,952.88,539.63,187.74,42.66,182.85,30.7,4.2,Completed
SES-004273,2025-07-01,6,EV-001,Chennai,Tamil Nadu,Partner,AC Level 2,CCS2,Private,UPI,1.15,21.95,10.94,240.13,184.61,211.07,48.03,-203.58,29.9,3.4,Completed
SES-000288,2025-02-19,11,EV-054,Pune,Maharashtra,Franchise,DC Fast,Type 2,Private,UPI,2.11,95.56,12.46,1190.68,553.44,183.77,36.14,417.33,56.1,4.0,Completed
SES-001569,2025-11-06,18,EV-081,Pune,Maharashtra,Own,AC Level 2,CHAdeMO,Taxi/Ride-share,Card,0.43,5.65,10.9,61.59,28.7,62.91,48.05,-78.07,26.5,4.3,Completed
SES-004007,2024-03-16,4,EV-055,Lucknow,Uttar Pradesh,Partner,AC Level 2,CCS2,Taxi/Ride-share,Corporate Account,0.39,4.65,10.34,48.08,37.79,52.76,33.65,-76.12,19.8,4.4,Completed
SES-002557,2025-10-14,19,EV-038,Ahmedabad,Gujarat,Franchise,AC Level 2,CCS2,Taxi/Ride-share,UPI,0.19,3.56,10.26,36.53,29.16,34.22,13.04,-39.89,39.1,3.8,Completed
SES-000948,2025-06-24,7,EV-062,Chennai,Tamil Nadu,Own,DC Fast,CHAdeMO,Fleet,UPI,1.78,71.84,11.18,803.17,530.73,54.98,56.83,160.63,53.5,3.9,Completed
SES-003197,2024-11-26,8,EV-077,Gurugram,Haryana,Franchise,DC Ultra-Fast,CCS2,Taxi/Ride-share,Wallet,1.16,110.22,17.93,1976.24,875.86,89.22,25.08,986.08,35.1,3.6,Completed
SES-001785,2024-07-20,16,EV-080,Pune,Maharashtra,Partner,AC Level 2,CCS2,Corporate,Wallet,0.57,6.02,11.54,69.47,36.08,203.27,77.09,-246.97,16.6,4.4,Completed
SES-000089,2024-10-15,10,EV-016,Jaipur,Rajasthan,Own,AC Level 2,CCS2,Fleet,UPI,1.14,11.76,9.37,110.19,67.6,39.27,41.82,-38.5,8.8,3.2,Completed
SES-002184,2024-02-13,22,EV-015,Pune,Maharashtra,Partner,AC Level 2,CCS2,Corporate,Wallet,1.22,13.76,9.67,133.06,78.93,62.71,55.28,-63.86,48.5,4.0,Completed
SES-001201,2024-02-03,3,EV-040,Lucknow,Uttar Pradesh,Own,DC Fast,CCS2,Private,Card,0.46,23.66,12.47,295.04,150.39,32.36,64.35,47.94,26.8,5.0,Completed
SES-003557,2025-01-22,10,EV-068,Pune,Maharashtra,Own,AC Level 2,CCS2,Fleet,UPI,1.24,25.02,11.62,290.73,146.17,34.65,45.86,64.05,42.3,3.8,Completed
SES-004499,2024-03-29,23,EV-022,Chennai,Tamil Nadu,Own,DC Ultra-Fast,Type 2,Taxi/Ride-share,UPI,1.64,180.0,18.61,3349.8,952.7,62.53,16.11,2318.46,55.9,3.1,Completed
SES-001391,2025-01-22,4,EV-064,Pune,Maharashtra,Partner,AC Level 2,Type 2,Taxi/Ride-share,Wallet,0.22,2.69,8.5,22.86,15.31,42.63,58.43,-93.51,19.5,5.0,Completed
SES-001711,2025-01-22,16,EV-010,Gurugram,Haryana,Own,AC Level 2,CHAdeMO,Taxi/Ride-share,UPI,0.29,4.71,10.78,50.77,32.43,171.23,8.66,-161.55,24.9,4.2,Completed
SES-003832,2024-03-29,4,EV-037,Ahmedabad,Gujarat,Own,AC Level 2,CCS2,Corporate,Card,0.54,7.22,8.15,58.84,36.42,182.04,54.0,-213.62,16.1,3.2,Completed
SES-003281,2025-04-22,14,EV-061,Mumbai,Maharashtra,Own,AC Level 2,Type 2,Corporate,UPI,0.88,18.09,10.92,197.54,137.97,24.05,72.46,-36.94,40.5,3.8,Completed
SES-002722,2025-06-22,4,EV-030,Pune,Maharashtra,Franchise,DC Ultra-Fast,CCS2,Private,UPI,1.62,157.85,15.41,2432.47,1226.19,269.75,23.05,913.48,30.6,4.3,Completed
SES-001907,2025-08-08,0,EV-095,Lucknow,Uttar Pradesh,Own,DC Fast,CHAdeMO,Private,Card,1.71,83.81,12.18,1020.81,480.84,113.44,32.38,394.15,48.5,4.9,Completed
SES-002907,2025-01-19,21,EV-042,Chennai,Tamil Nadu,Own,AC Level 2,CCS2,Fleet,UPI,2.24,22.75,10.37,235.92,187.56,75.88,26.15,-53.67,61.0,4.3,Completed
SES-003533,2024-05-24,21,EV-087,Mumbai,Maharashtra,Franchise,AC Level 2,Type 2,Corporate,Corporate Account,1.59,22.23,8.45,187.84,181.44,35.7,42.78,-72.08,37.2,3.7,Completed
SES-001609,2025-11-17,21,EV-011,Delhi,Delhi,Own,AC Level 2,CCS2,Private,Wallet,1.15,17.8,9.22,164.12,139.97,144.57,7.46,-127.88,24.2,4.5,Completed
SES-004022,2025-10-06,15,EV-077,Chennai,Tamil Nadu,Franchise,DC Fast,Type 2,Private,UPI,0.55,21.29,11.78,250.8,134.96,140.97,60.54,-85.67,34.5,3.6,Completed
SES-004948,2025-04-01,6,EV-097,Lucknow,Uttar Pradesh,Own,DC Fast,CCS2,Private,UPI,0.7,21.94,12.36,271.18,119.2,45.14,12.42,94.42,29.4,4.3,Completed
SES-003661,2024-11-18,19,EV-073,Bengaluru,Karnataka,Partner,DC Fast,Type 2,Taxi/Ride-share,UPI,1.3,40.41,14.53,587.16,226.99,147.91,24.19,188.07,56.9,3.7,Completed
SES-000420,2024-09-11,8,EV-030,Ahmedabad,Gujarat,Own,DC Ultra-Fast,CHAdeMO,Fleet,UPI,1.05,90.25,15.21,1372.7,616.78,99.22,69.7,587.0,23.2,4.9,Completed
SES-003671,2025-10-15,9,EV-062,Pune,Maharashtra,Franchise,AC Level 2,CCS2,Corporate,Corporate Account,1.48,16.08,9.59,154.21,105.75,62.8,53.05,-67.39,18.9,4.1,Completed
SES-002826,2024-06-22,21,EV-082,Lucknow,Uttar Pradesh,Partner,DC Fast,CCS2,Corporate,UPI,1.42,70.4,14.12,994.05,594.68,95.97,31.1,272.3,36.2,3.8,Completed
SES-003848,2025-04-13,19,EV-061,Lucknow,Uttar Pradesh,Partner,DC Fast,CCS2,Private,Card,1.5,57.98,12.15,704.46,477.65,125.68,22.66,78.47,50.3,4.0,Completed
SES-000456,2024-10-23,17,EV-017,Gurugram,Haryana,Own,DC Fast,CCS2,Private,UPI,1.46,47.21,14.9,703.43,337.48,21.2,38.39,306.36,28.4,4.9,Completed
SES-004241,2024-09-29,7,EV-081,Gurugram,Haryana,Own,AC Level 2,CCS2,Taxi/Ride-share,Corporate Account,0.53,10.12,10.0,101.2,57.15,210.5,31.66,-198.11,50.0,4.3,Completed
SES-003383,2025-09-02,2,EV-075,Hyderabad,Telangana,Own,DC Fast,CCS2,Taxi/Ride-share,UPI,0.91,28.76,12.48,358.92,148.27,160.84,74.69,-24.88,33.7,3.9,Completed
SES-001248,2025-06-12,3,EV-031,Bengaluru,Karnataka,Own,DC Fast,CHAdeMO,Fleet,UPI,1.4,67.27,14.16,952.54,404.11,33.34,23.59,491.5,22.9,4.5,Completed
SES-003338,2025-05-12,23,EV-025,Lucknow,Uttar Pradesh,Own,AC Level 2,CCS2,Private,Wallet,2.2,36.72,8.4,308.45,212.93,89.07,16.59,-10.14,62.8,4.0,Completed
SES-003688,2024-09-07,23,EV-068,Chennai,Tamil Nadu,Own,AC Level 2,CCS2,Corporate,Corporate Account,0.4,5.07,9.22,46.75,41.42,121.66,53.78,-170.11,10.5,3.8,Cancelled
SES-002176,2024-01-22,2,EV-075,Bengaluru,Karnataka,Own,AC Level 2,CHAdeMO,Fleet,Corporate Account,0.4,4.63,11.37,52.64,33.49,211.96,65.2,-258.01,7.8,4.5,Failed
SES-000755,2024-08-29,3,EV-006,Pune,Maharashtra,Own,AC Level 2,CCS2,Fleet,UPI,1.27,21.75,9.17,199.45,158.17,210.03,38.56,-207.31,29.2,2.9,Completed
SES-003800,2024-11-03,7,EV-062,Pune,Maharashtra,Own,DC Ultra-Fast,CCS2,Taxi/Ride-share,UPI,1.53,180.0,14.47,2604.6,1061.54,41.0,61.81,1440.25,38.5,4.5,Completed
SES-002791,2024-07-21,13,EV-074,Delhi,Delhi,Own,AC Level 2,CCS2,Corporate,Wallet,1.23,25.15,11.47,288.47,192.08,203.05,46.41,-153.07,30.4,4.7,Completed
SES-002730,2024-06-12,14,EV-065,Gurugram,Haryana,Partner,DC Ultra-Fast,CHAdeMO,Taxi/Ride-share,UPI,0.44,49.75,16.21,806.45,408.09,94.42,42.79,261.15,33.4,4.3,Completed
SES-003488,2024-08-05,12,EV-042,Lucknow,Uttar Pradesh,Own,DC Fast,CCS2,Private,Card,2.24,64.45,14.08,907.46,449.87,55.92,46.8,354.87,38.5,4.0,Completed
SES-004869,2025-04-10,4,EV-010,Ahmedabad,Gujarat,Franchise,DC Fast,Type 2,Corporate,Card,1.2,43.37,13.84,600.24,241.68,141.09,29.72,187.75,29.1,3.1,Completed
SES-001414,2025-07-13,11,EV-063,Bengaluru,Karnataka,Own,DC Fast,CCS2,Private,Corporate Account,0.74,39.29,14.45,567.74,227.96,73.73,35.83,230.22,29.8,4.1,Completed
SES-001167,2025-12-15,22,EV-033,Chennai,Tamil Nadu,Franchise,AC Level 2,CCS2,Taxi/Ride-share,UPI,0.75,9.19,11.03,101.37,60.13,74.34,20.75,-53.85,18.9,4.1,Completed
SES-002859,2025-01-27,11,EV-002,Chennai,Tamil Nadu,Own,DC Fast,CHAdeMO,Fleet,UPI,0.94,28.91,14.88,430.18,212.83,198.66,45.84,-27.15,29.2,4.8,Completed
SES-004880,2024-04-16,15,EV-010,Chennai,Tamil Nadu,Own,DC Fast,CCS2,Private,Wallet,0.15,7.77,14.07,109.32,56.98,148.35,42.09,-138.1,8.5,4.6,Failed
SES-001127,2024-06-11,14,EV-094,Mumbai,Maharashtra,Franchise,DC Fast,CHAdeMO,Taxi/Ride-share,Card,0.38,10.9,14.99,163.39,84.4,91.77,13.2,-25.98,13.5,3.9,Completed
SES-002579,2024-02-01,16,EV-093,Lucknow,Uttar Pradesh,Own,DC Fast,Type 2,Private,Card,0.31,9.11,15.86,144.48,71.54,209.48,18.75,-155.29,15.1,3.6,Completed
SES-002865,2025-12-04,1,EV-051,Jaipur,Rajasthan,Partner,DC Ultra-Fast,Type 2,Fleet,UPI,3.59,180.0,18.1,3258.0,1355.95,116.84,61.86,1723.35,29.1,4.3,Completed
SES-004208,2024-11-21,12,EV-080,Hyderabad,Telangana,Own,AC Level 2,CCS2,Taxi/Ride-share,UPI,0.26,5.34,10.11,53.99,29.26,93.81,12.45,-81.53,25.4,4.0,Completed
SES-000750,2025-03-12,13,EV-085,Pune,Maharashtra,Franchise,AC Level 2,CCS2,Private,UPI,1.14,12.51,9.32,116.59,101.06,68.94,26.03,-79.44,38.1,3.8,Completed
SES-003464,2024-06-19,10,EV-082,Jaipur,Rajasthan,Franchise,DC Fast,CCS2,Fleet,UPI,0.59,30.06,13.74,413.02,154.28,39.26,62.87,156.61,53.4,3.8,Completed
SES-000392,2025-09-14,8,EV-080,Pune,Maharashtra,Partner,AC Level 2,Type 2,Corporate,Wallet,2.18,36.86,11.56,426.1,292.56,184.91,21.91,-73.28,65.4,4.2,Completed
SES-000998,2025-11-10,23,EV-028,Jaipur,Rajasthan,Own,AC Level 2,Type 2,Private,UPI,0.52,5.15,10.68,55.0,42.32,44.4,39.34,-71.06,29.0,3.8,Completed
SES-001871,2024-10-09,20,EV-012,Gurugram,Haryana,Own,DC Fast,CCS2,Fleet,UPI,1.79,76.69,13.77,1056.02,551.96,142.21,61.57,300.28,46.3,4.7,Completed
SES-000915,2025-01-23,18,EV-064,Lucknow,Uttar Pradesh,Own,AC Level 2,CCS2,Private,UPI,0.61,11.62,8.12,94.35,66.53,157.56,22.55,-152.29,61.2,4.4,Completed
SES-003269,2024-11-09,9,EV-034,Chennai,Tamil Nadu,Own,AC Level 2,CHAdeMO,Taxi/Ride-share,Corporate Account,0.31,5.52,10.12,55.86,37.84,141.65,43.36,-166.99,2.0,5.0,Completed
SES-002897,2025-01-26,15,EV-003,Gurugram,Haryana,Franchise,DC Ultra-Fast,CCS2,Taxi/Ride-share,UPI,1.01,109.42,16.32,1785.73,875.22,223.72,27.36,659.43,2.0,4.4,Completed
SES-000564,2025-06-25,17,EV-057,Chennai,Tamil Nadu,Own,DC Fast,Type 2,Fleet,UPI,0.15,4.88,13.76,67.15,41.09,217.16,64.7,-255.8,35.1,5.0,Completed
SES-001355,2025-08-10,20,EV-067,Gurugram,Haryana,Own,DC Fast,CCS2,Private,Card,0.36,12.9,15.98,206.14,93.52,155.01,64.3,-106.69,34.4,4.2,Completed
SES-001425,2024-10-19,2,EV-088,Hyderabad,Telangana,Franchise,AC Level 2,CCS2,Private,UPI,0.2,3.13,9.69,30.33,16.04,103.34,59.53,-148.58,26.2,4.0,Completed
SES-000747,2025-05-17,3,EV-072,Gurugram,Haryana,Franchise,AC Level 2,CHAdeMO,Private,UPI,2.72,49.46,8.88,439.2,276.61,182.53,66.25,-86.19,65.9,3.9,Completed
SES-000159,2025-05-24,20,EV-090,Gurugram,Haryana,Partner,AC Level 2,CCS2,Taxi/Ride-share,Corporate Account,0.24,3.95,8.49,33.54,20.58,62.87,73.41,-123.32,30.5,,Completed
SES-000486,2025-05-17,21,EV-037,Bengaluru,Karnataka,Franchise,DC Fast,CCS2,Private,UPI,0.29,12.56,12.98,163.03,94.14,141.37,18.7,-91.18,10.7,4.0,Failed
SES-000348,2025-03-24,16,EV-020,Ahmedabad,Gujarat,Own,DC Fast,CCS2,Private,Card,0.83,22.77,12.95,294.87,162.57,171.83,45.49,-85.02,26.8,4.5,Completed
SES-003685,2024-03-24,9,EV-052,Hyderabad,Telangana,Own,DC Fast,CCS2,Corporate,UPI,1.09,32.48,15.64,507.99,190.15,103.39,29.41,185.04,25.1,3.6,Completed
SES-003677,2025-11-04,13,EV-056,Pune,Maharashtra,Franchise,DC Fast,CCS2,Taxi/Ride-share,Wallet,0.26,9.4,13.79,129.63,47.94,201.06,39.59,-158.96,15.8,3.9,Completed
SES-001393,2024-09-26,2,EV-056,Gurugram,Haryana,Own,DC Fast,CCS2,Private,UPI,1.16,34.08,12.25,417.48,189.2,91.04,24.54,112.7,27.8,3.5,Completed
SES-001561,2024-11-16,17,EV-100,Lucknow,Uttar Pradesh,Own,AC Level 2,CCS2,Private,UPI,1.78,31.67,11.24,355.97,208.78,102.05,66.72,-21.58,33.1,4.5,Completed
SES-003667,2025-08-14,14,EV-049,Jaipur,Rajasthan,Own,AC Level 2,CCS2,Private,Wallet,0.78,16.11,9.33,150.31,90.11,56.91,35.26,-31.97,43.4,3.9,Completed
SES-002684,2024-05-08,2,EV-079,Jaipur,Rajasthan,Own,AC Level 2,CCS2,Fleet,Card,1.14,19.78,9.33,184.55,119.51,181.46,58.59,-175.01,35.4,3.9,Completed
SES-000801,2025-11-13,1,EV-041,Delhi,Delhi,Partner,DC Ultra-Fast,CHAdeMO,Private,UPI,0.15,20.67,19.95,412.37,132.5,193.94,16.2,69.73,21.4,4.3,Completed
SES-000641,2025-08-25,14,EV-089,Delhi,Delhi,Partner,AC Level 2,Type 2,Private,Corporate Account,0.57,9.17,8.08,74.09,47.07,156.99,63.7,-193.67,26.7,4.2,Completed
SES-001873,2025-01-08,4,EV-054,Pune,Maharashtra,Own,DC Fast,CCS2,Corporate,Card,1.64,72.77,15.25,1109.74,443.95,169.19,51.15,445.45,49.8,4.2,Completed
SES-000091,2025-04-14,2,EV-046,Bengaluru,Karnataka,Own,DC Fast,CCS2,Taxi/Ride-share,Wallet,3.49,145.52,15.05,2190.08,728.39,106.18,34.06,1321.45,54.9,3.1,Completed
SES-004715,2025-12-03,0,EV-015,Delhi,Delhi,Own,DC Fast,Type 2,Private,Card,2.09,65.68,14.84,974.69,456.04,151.28,45.61,321.76,45.8,4.2,Completed
SES-000896,2025-04-17,16,EV-009,Delhi,Delhi,Partner,AC Level 2,CCS2,Corporate,Corporate Account,0.54,7.67,8.23,63.12,40.4,155.12,78.4,-210.8,12.5,4.8,Completed
SES-002709,2024-10-25,8,EV-002,Mumbai,Maharashtra,Franchise,DC Ultra-Fast,CCS2,Fleet,UPI,0.65,87.05,17.54,1526.86,501.54,224.02,5.8,795.5,32.2,5.0,Completed
SES-000207,2025-06-17,12,EV-078,Hyderabad,Telangana,Own,DC Fast,CHAdeMO,Private,Corporate Account,0.82,44.37,14.09,625.17,337.06,89.63,16.0,182.48,49.3,3.7,Completed
SES-003441,2025-09-29,5,EV-067,Bengaluru,Karnataka,Partner,DC Fast,Type 2,Private,UPI,1.0,48.88,14.5,708.76,287.0,134.78,62.26,224.72,33.2,4.4,Completed
SES-002680,2025-07-10,10,EV-015,Chennai,Tamil Nadu,Own,DC Fast,Type 2,Private,Corporate Account,2.21,108.37,15.59,1689.49,736.07,169.76,49.61,734.05,67.0,3.7,Completed
SES-000686,2024-10-04,16,EV-045,Mumbai,Maharashtra,Own,AC Level 2,Type 2,Corporate,UPI,1.14,12.27,8.13,99.76,94.67,84.68,34.18,-113.77,12.3,3.2,Cancelled
SES-003129,2024-03-23,4,EV-066,Mumbai,Maharashtra,Own,AC Level 2,Type 2,Taxi/Ride-share,UPI,0.63,9.34,11.57,108.06,64.51,219.62,37.82,-213.89,39.3,3.8,Completed
SES-000587,2024-03-27,5,EV-059,Gurugram,Haryana,Own,AC Level 2,CHAdeMO,Taxi/Ride-share,UPI,1.59,21.38,8.99,192.21,122.17,206.85,13.1,-149.91,19.3,3.9,Completed
SES-001289,2024-08-04,23,EV-043,Chennai,Tamil Nadu,Own,DC Fast,CHAdeMO,Corporate,UPI,2.19,83.01,11.09,920.58,562.15,210.04,23.38,125.01,43.2,4.7,Completed
SES-003275,2024-07-15,9,EV-088,Pune,Maharashtra,Own,AC Level 2,CCS2,Taxi/Ride-share,Card,0.34,5.01,11.13,55.76,40.73,195.32,59.86,-240.15,28.3,4.2,Completed
SES-004604,2025-07-11,0,EV-085,Delhi,Delhi,Partner,AC Level 2,CCS2,Taxi/Ride-share,Card,0.8,13.53,9.61,130.02,80.75,104.13,25.53,-80.39,20.8,3.7,Completed
SES-002264,2025-09-03,8,EV-066,Jaipur,Rajasthan,Own,AC Level 2,CCS2,Private,UPI,0.38,5.73,10.22,58.56,29.33,29.66,35.36,-35.79,12.8,3.7,Completed
SES-004114,2025-09-26,6,EV-036,Jaipur,Rajasthan,Franchise,AC Level 2,Type 2,Corporate,Card,1.89,19.22,9.59,184.32,97.29,79.21,49.67,-41.85,58.0,3.8,Completed
SES-004980,2025-12-10,2,EV-082,Ahmedabad,Gujarat,Own,DC Fast,CHAdeMO,Fleet,Wallet,0.4,21.07,13.42,282.76,145.88,173.72,38.48,-75.32,42.9,3.9,Completed
SES-004023,2025-08-15,19,EV-089,Pune,Maharashtra,Franchise,DC Fast,CCS2,Private,UPI,0.76,43.09,13.56,584.3,261.74,205.54,15.16,101.86,54.3,4.5,Completed
SES-000021,2025-12-24,4,EV-018,Pune,Maharashtra,Own,DC Ultra-Fast,Type 2,Private,UPI,1.28,133.52,19.4,2590.29,761.74,124.1,42.84,1661.61,32.9,4.5,Completed
SES-003706,2025-06-08,17,EV-098,Chennai,Tamil Nadu,Own,AC Level 2,Type 2,Private,Corporate Account,0.42,5.54,8.1,44.87,38.67,32.41,61.54,-87.75,37.7,4.1,Completed
SES-000668,2024-08-02,19,EV-027,Pune,Maharashtra,Own,DC Fast,Type 2,Fleet,UPI,2.87,89.24,15.5,1383.22,541.78,139.14,6.71,695.59,41.3,4.4,Completed
SES-000959,2025-03-05,5,EV-083,Hyderabad,Telangana,Own,DC Fast,CCS2,Private,Card,1.61,46.67,15.65,730.39,255.4,52.25,68.91,353.83,42.6,4.0,Completed
SES-003896,2024-06-18,14,EV-043,Chennai,Tamil Nadu,Own,DC Fast,CCS2,Fleet,UPI,0.77,31.85,11.39,362.77,245.86,105.7,73.21,-62.0,18.3,3.8,Completed
SES-001842,2024-10-02,10,EV-085,Mumbai,Maharashtra,Partner,DC Fast,CCS2,Private,UPI,1.01,39.35,11.78,463.54,312.29,167.25,26.26,-42.26,47.4,3.8,Completed
SES-002263,2024-02-17,10,EV-018,Ahmedabad,Gujarat,Franchise,DC Fast,CCS2,Corporate,Corporate Account,0.52,14.66,12.6,184.72,116.54,219.75,62.48,-214.05,31.4,3.0,Completed
SES-003888,2025-02-09,22,EV-083,Pune,Maharashtra,Franchise,AC Level 2,Type 2,Corporate,UPI,0.52,9.83,8.07,79.33,72.78,191.08,27.34,-211.87,27.9,4.5,Completed
SES-003816,2024-05-23,3,EV-005,Pune,Maharashtra,Own,DC Fast,CCS2,Fleet,UPI,0.5,25.46,13.31,338.87,196.58,199.56,5.81,-63.08,4.6,4.5,Completed
SES-003423,2025-08-29,1,EV-004,Gurugram,Haryana,Own,AC Level 2,CCS2,Corporate,UPI,0.21,2.79,10.38,28.96,19.79,34.29,46.54,-71.66,20.7,4.6,Completed
SES-004750,2024-03-15,2,EV-023,Bengaluru,Karnataka,Franchise,AC Level 2,Type 2,Corporate,Wallet,0.98,16.22,10.72,173.88,99.81,208.77,73.21,-207.91,35.4,5.0,Completed
SES-000546,2024-04-04,3,EV-037,Mumbai,Maharashtra,Partner,AC Level 2,Type 2,Private,UPI,1.74,28.12,11.61,326.47,150.21,95.55,60.38,20.33,44.0,3.6,Completed
SES-002251,2025-03-20,12,EV-079,Gurugram,Haryana,Own,AC Level 2,CCS2,Taxi/Ride-share,UPI,0.56,10.41,10.59,110.24,53.66,54.56,69.48,-67.46,8.6,4.0,Completed
SES-004759,2024-08-22,22,EV-052,Pune,Maharashtra,Own,DC Fast,CHAdeMO,Corporate,Card,0.39,10.82,13.08,141.53,79.46,197.85,18.43,-154.21,39.3,4.7,Completed
SES-003908,2024-08-01,4,EV-024,Bengaluru,Karnataka,Partner,AC Level 2,CCS2,Corporate,Wallet,0.44,5.09,8.11,41.28,36.63,178.07,76.89,-250.31,15.9,4.5,Completed
SES-003381,2025-05-07,1,EV-059,Chennai,Tamil Nadu,Franchise,AC Level 2,Type 2,Private,UPI,0.38,6.1,8.93,54.47,41.71,206.93,77.06,-271.23,23.7,3.7,Completed
SES-000545,2025-09-07,7,EV-038,Lucknow,Uttar Pradesh,Own,DC Fast,CCS2,Private,Card,0.72,40.04,11.38,455.66,284.66,205.7,27.37,-62.07,43.4,3.6,Completed
SES-001093,2024-03-17,14,EV-082,Delhi,Delhi,Own,DC Fast,CCS2,Private,Card,1.17,33.13,15.84,524.78,240.75,199.0,41.72,43.31,32.1,4.8,Completed
SES-004298,2024-11-25,2,EV-018,Bengaluru,Karnataka,Own,AC Level 2,CCS2,Corporate,UPI,1.03,15.62,9.21,143.86,88.75,146.79,68.51,-160.19,41.6,3.4,Completed
SES-001438,2025-07-20,11,EV-017,Lucknow,Uttar Pradesh,Franchise,AC Level 2,CHAdeMO,Taxi/Ride-share,UPI,1.07,18.46,8.12,149.9,132.0,61.37,63.98,-107.45,46.6,4.4,Completed
SES-001549,2025-04-29,23,EV-012,Pune,Maharashtra,Franchise,DC Fast,CCS2,Taxi/Ride-share,UPI,0.54,19.22,12.58,241.79,137.21,115.68,8.1,-19.2,25.0,4.8,Completed
SES-004136,2025-12-05,23,EV-055,Delhi,Delhi,Own,DC Fast,Type 2,Private,UPI,0.23,11.68,12.86,150.2,86.6,207.69,52.23,-196.32,39.1,4.9,Completed
SES-001298,2025-12-13,6,EV-034,Gurugram,Haryana,Own,AC Level 2,Type 2,Fleet,UPI,0.66,7.41,11.6,85.96,44.82,92.99,33.58,-85.43,33.9,4.6,Failed
SES-002583,2024-01-17,6,EV-026,Hyderabad,Telangana,Own,AC Level 2,Type 2,Private,UPI,2.37,35.47,11.55,409.68,232.82,86.74,64.59,25.53,38.3,3.7,Completed
SES-004124,2025-02-13,22,EV-036,Pune,Maharashtra,Franchise,AC Level 2,CHAdeMO,Taxi/Ride-share,UPI,0.53,7.98,9.06,72.3,48.21,21.56,59.68,-57.15,35.9,3.6,Completed
SES-000975,2025-01-09,11,EV-063,Hyderabad,Telangana,Own,AC Level 2,CHAdeMO,Private,UPI,0.88,9.37,10.6,99.32,78.37,35.61,32.32,-46.98,8.6,5.0,Completed
SES-002297,2024-02-10,7,EV-007,Chennai,Tamil Nadu,Franchise,DC Fast,CHAdeMO,Corporate,UPI,1.5,68.49,15.96,1093.1,470.19,94.93,20.63,507.35,34.4,4.5,Completed
SES-003051,2025-12-17,21,EV-092,Hyderabad,Telangana,Own,DC Fast,Type 2,Private,UPI,1.5,41.67,13.44,560.04,267.93,118.28,47.3,126.53,41.9,4.7,Completed
SES-002399,2025-11-18,3,EV-039,Hyderabad,Telangana,Partner,AC Level 2,CHAdeMO,Private,Card,0.7,9.57,9.25,88.52,59.58,201.41,17.97,-190.44,2.0,3.6,Cancelled
SES-001855,2025-06-13,14,EV-077,Hyderabad,Telangana,Franchise,AC Level 2,CHAdeMO,Private,UPI,0.4,4.95,8.7,43.06,35.45,51.52,39.49,-83.4,26.2,3.4,Completed
SES-004883,2024-09-20,1,EV-082,Pune,Maharashtra,Franchise,AC Level 2,CCS2,Private,Wallet,0.68,11.28,11.63,131.19,71.95,184.06,68.66,-193.48,35.6,5.0,Completed
SES-003630,2025-05-24,20,EV-037,Ahmedabad,Gujarat,Own,DC Fast,CHAdeMO,Taxi/Ride-share,UPI,2.77,121.78,13.12,1597.75,735.61,53.96,46.15,762.03,49.1,4.4,Completed
SES-000010,2025-10-05,9,EV-055,Pune,Maharashtra,Own,DC Fast,CCS2,Private,Card,0.77,25.83,11.98,309.44,209.46,29.6,9.97,60.41,18.7,4.2,Completed
SES-002853,2025-01-26,3,EV-003,Mumbai,Maharashtra,Partner,AC Level 2,CCS2,Private,UPI,1.09,21.98,8.2,180.24,129.33,178.13,65.98,-193.2,48.1,4.1,Completed
SES-004576,2024-08-10,22,EV-081,Chennai,Tamil Nadu,Own,DC Fast,Type 2,Private,UPI,2.55,83.43,13.46,1122.97,562.77,100.3,43.78,416.12,42.7,3.5,Failed
SES-003336,2025-03-04,3,EV-063,Hyderabad,Telangana,Partner,AC Level 2,Type 2,Private,UPI,1.86,31.53,8.04,253.5,158.03,116.97,74.58,-96.08,41.5,4.1,Completed
SES-002175,2024-02-02,22,EV-088,Lucknow,Uttar Pradesh,Own,AC Level 2,Type 2,Private,UPI,1.76,32.57,10.04,327.0,189.85,23.35,17.82,95.98,64.5,4.3,Completed
SES-002675,2024-04-01,3,EV-059,Ahmedabad,Gujarat,Own,AC Level 2,CCS2,Private,Card,0.72,7.4,10.64,78.74,57.34,23.37,76.09,-78.06,26.5,4.0,Completed
SES-004509,2024-08-19,22,EV-013,Jaipur,Rajasthan,Own,DC Fast,CHAdeMO,Private,UPI,3.05,86.91,13.4,1164.59,617.42,182.29,43.33,321.55,61.9,4.8,Completed
SES-002126,2025-06-25,3,EV-019,Mumbai,Maharashtra,Partner,AC Level 2,CCS2,Taxi/Ride-share,UPI,1.85,28.75,9.33,268.24,154.25,74.0,31.03,8.96,42.6,3.4,Completed
SES-003645,2024-06-12,9,EV-060,Ahmedabad,Gujarat,Partner,DC Fast,CCS2,Taxi/Ride-share,Corporate Account,0.77,25.75,15.29,393.72,138.54,48.01,57.07,150.1,25.3,3.7,Completed
SES-004240,2025-02-16,0,EV-002,Bengaluru,Karnataka,Partner,DC Fast,CCS2,Taxi/Ride-share,Wallet,0.67,34.71,12.84,445.68,273.74,195.43,16.55,-40.04,30.1,4.3,Completed
SES-004788,2025-07-07,16,EV-025,Chennai,Tamil Nadu,Franchise,AC Level 2,CCS2,Corporate,Wallet,1.21,12.63,9.06,114.43,85.49,80.49,60.22,-111.77,29.0,4.8,Completed
SES-003150,2025-11-16,13,EV-045,Hyderabad,Telangana,Franchise,DC Fast,Type 2,Private,UPI,3.12,139.93,12.0,1679.16,745.36,155.71,39.97,738.12,49.1,3.2,Cancelled
SES-003511,2025-07-18,3,EV-037,Gurugram,Haryana,Franchise,AC Level 2,CCS2,Taxi/Ride-share,UPI,0.76,15.16,11.07,167.82,123.41,82.31,71.9,-109.8,32.0,4.7,Completed
SES-001536,2024-06-19,11,EV-026,Hyderabad,Telangana,Partner,DC Fast,Type 2,Taxi/Ride-share,Wallet,0.52,26.04,12.58,327.58,159.04,186.41,20.93,-38.8,15.0,3.7,Completed
SES-004314,2024-04-02,10,EV-015,Bengaluru,Karnataka,Own,DC Fast,CCS2,Fleet,UPI,3.08,125.78,11.57,1455.27,846.09,191.39,55.62,362.17,60.4,4.0,Completed
SES-001114,2025-08-19,6,EV-022,Lucknow,Uttar Pradesh,Own,DC Fast,CCS2,Fleet,Card,0.35,13.38,13.08,175.01,111.26,80.5,6.22,-22.97,29.1,4.4,Completed
SES-004426,2025-04-25,19,EV-001,Gurugram,Haryana,Own,DC Ultra-Fast,CCS2,Fleet,UPI,1.88,180.0,19.9,3582.0,1088.16,41.04,53.45,2399.35,25.8,4.5,Completed
SES-000697,2024-06-27,5,EV-063,Pune,Maharashtra,Franchise,DC Fast,CCS2,Private,Wallet,2.04,65.86,13.85,912.16,442.67,217.5,43.76,208.23,30.1,4.4,Completed
SES-000122,2024-12-13,5,EV-043,Gurugram,Haryana,Own,DC Ultra-Fast,CHAdeMO,Private,UPI,1.73,180.0,18.16,3268.8,1173.03,125.7,58.26,1911.81,49.3,3.8,Completed
SES-004438,2024-01-23,14,EV-043,Lucknow,Uttar Pradesh,Own,DC Fast,CCS2,Private,UPI,1.02,43.6,14.35,625.66,278.68,170.89,29.38,146.71,16.0,4.4,Completed
SES-004367,2024-03-19,18,EV-001,Delhi,Delhi,Own,DC Fast,CCS2,Private,Card,1.47,72.37,15.95,1154.3,591.29,64.84,9.98,488.19,40.8,4.1,Completed
SES-002131,2025-12-14,13,EV-042,Gurugram,Haryana,Own,AC Level 2,CCS2,Private,Corporate Account,0.43,8.61,8.71,74.99,43.85,42.38,13.75,-24.99,36.7,4.4,Cancelled
SES-000240,2024-09-08,4,EV-032,Bengaluru,Karnataka,Franchise,AC Level 2,CCS2,Fleet,Card,0.36,4.23,9.43,39.89,31.48,62.13,21.92,-75.64,22.2,5.0,Completed
SES-001760,2024-01-10,21,EV-044,Delhi,Delhi,Franchise,AC Level 2,CCS2,Private,UPI,2.92,54.94,10.55,579.62,318.46,84.98,20.24,155.94,61.6,4.2,Completed
SES-000246,2024-01-19,0,EV-044,Jaipur,Rajasthan,Franchise,DC Fast,CCS2,Fleet,UPI,0.63,27.71,15.71,435.32,195.14,105.0,43.33,91.85,34.4,3.8,Completed
SES-000069,2024-02-26,14,EV-094,Ahmedabad,Gujarat,Own,DC Fast,CHAdeMO,Private,Card,1.31,40.34,11.97,482.87,236.84,87.23,74.71,84.09,19.0,3.4,Completed
SES-002513,2024-10-23,9,EV-002,Mumbai,Maharashtra,Own,AC Level 2,CCS2,Private,UPI,1.02,14.83,11.42,169.36,84.68,133.42,61.31,-110.05,20.0,4.1,Completed
SES-000549,2024-09-10,6,EV-059,Pune,Maharashtra,Own,AC Level 2,CCS2,Private,UPI,0.15,2.93,11.35,33.26,20.01,151.25,48.67,-186.67,28.0,3.5,Completed
SES-002765,2024-11-07,15,EV-049,Chennai,Tamil Nadu,Franchise,DC Fast,CCS2,Fleet,UPI,1.4,52.57,13.43,706.02,383.73,79.86,79.31,163.12,31.1,5.0,Completed
SES-003743,2024-06-24,12,EV-089,Ahmedabad,Gujarat,Own,AC Level 2,CCS2,Private,UPI,1.19,22.32,8.87,197.98,150.09,125.56,62.67,-140.34,51.8,4.3,Completed
SES-001934,2025-08-09,15,EV-080,Gurugram,Haryana,Own,AC Level 2,CHAdeMO,Private,UPI,0.77,12.21,10.97,133.94,87.01,95.71,51.47,-100.25,23.7,3.7,Completed
SES-001533,2025-06-19,12,EV-078,Lucknow,Uttar Pradesh,Own,DC Ultra-Fast,Type 2,Private,UPI,2.15,180.0,14.61,2629.8,1388.89,51.59,62.26,1127.06,39.1,3.8,Completed
SES-003710,2025-10-27,5,EV-089,Jaipur,Rajasthan,Own,AC Level 2,CCS2,Private,UPI,0.43,7.11,10.6,75.37,53.18,180.33,42.69,-200.83,36.1,3.1,Completed
SES-002064,2024-03-09,9,EV-063,Ahmedabad,Gujarat,Own,AC Level 2,Type 2,Taxi/Ride-share,Corporate Account,1.0,11.26,9.73,109.56,67.31,178.67,30.56,-166.98,23.3,3.2,Completed
SES-002010,2025-10-25,21,EV-017,Gurugram,Haryana,Own,DC Fast,CCS2,Fleet,UPI,0.57,24.6,14.87,365.8,141.1,95.63,13.0,116.07,33.4,3.7,Completed
SES-003568,2025-09-17,22,EV-082,Jaipur,Rajasthan,Own,AC Level 2,CCS2,Taxi/Ride-share,UPI,1.31,13.67,10.87,148.59,83.99,176.68,36.82,-148.9,22.9,4.9,Completed
SES-002716,2024-09-30,7,EV-028,Mumbai,Maharashtra,Own,AC Level 2,CCS2,Private,UPI,2.75,44.91,9.94,446.41,252.28,61.01,27.34,105.78,66.1,4.3,Completed
SES-004327,2025-03-11,2,EV-006,Ahmedabad,Gujarat,Partner,DC Ultra-Fast,CCS2,Private,Card,0.37,35.47,19.59,694.86,251.54,217.41,23.04,202.87,17.8,5.0,Completed
SES-001747,2025-04-15,22,EV-085,Jaipur,Rajasthan,Own,DC Ultra-Fast,CCS2,Corporate,UPI,0.5,37.76,19.23,726.12,284.0,125.31,20.12,296.69,50.0,4.3,Completed
SES-002876,2024-09-09,15,EV-064,Chennai,Tamil Nadu,Own,DC Ultra-Fast,CCS2,Fleet,UPI,0.86,58.83,19.74,1161.3,422.76,313.55,70.27,354.72,18.1,3.9,Completed
SES-001920,2024-12-30,9,EV-018,Gurugram,Haryana,Partner,DC Ultra-Fast,CCS2,,UPI,0.82,94.19,18.85,1775.48,700.71,78.04,74.71,922.02,35.3,5.0,Completed
SES-003721,2025-11-16,19,EV-015,Delhi,Delhi,Own,DC Fast,CHAdeMO,Private,UPI,0.24,12.54,13.74,172.3,70.11,108.85,40.38,-47.04,31.3,3.8,Completed
SES-000109,2024-06-24,21,EV-065,Chennai,Tamil Nadu,Own,DC Ultra-Fast,CHAdeMO,Private,UPI,0.15,15.0,15.22,228.3,89.39,245.47,7.12,-113.68,18.3,3.5,Completed
SES-003041,2025-12-16,15,EV-073,Delhi,Delhi,Franchise,DC Ultra-Fast,Type 2,Taxi/Ride-share,Card,0.58,73.18,17.85,1306.26,394.54,276.12,10.36,625.24,25.9,5.0,Completed
SES-002392,2024-01-21,20,EV-057,Gurugram,Haryana,Own,AC Level 2,CCS2,Private,UPI,1.41,20.38,11.97,243.95,154.16,97.1,64.08,-71.39,35.4,3.7,Completed
SES-000547,2024-05-12,8,EV-058,Gurugram,Haryana,Franchise,AC Level 2,CHAdeMO,Private,Corporate Account,0.77,13.52,10.4,140.61,109.52,47.55,10.32,-26.78,4.3,4.0,Completed
SES-000924,2024-06-14,4,EV-089,Lucknow,Uttar Pradesh,Partner,DC Fast,Type 2,Private,Card,0.83,30.48,12.69,386.79,245.67,36.85,63.34,40.93,32.6,4.3,Cancelled
SES-002987,2024-11-04,21,EV-006,Bengaluru,Karnataka,Partner,DC Fast,CCS2,Corporate,UPI,2.52,122.57,11.5,1409.55,867.69,120.64,12.01,409.21,67.3,3.7,Completed
SES-000275,2025-03-24,23,EV-066,Bengaluru,Karnataka,Partner,DC Fast,CCS2,Private,UPI,0.87,48.47,12.97,628.66,370.0,37.27,28.81,192.58,29.7,4.2,Completed
SES-002365,2025-03-14,23,EV-013,Ahmedabad,Gujarat,Franchise,AC Level 2,CCS2,Private,UPI,0.32,3.54,11.38,40.29,22.44,176.41,52.58,-211.14,19.8,3.3,Completed
SES-002280,2025-07-29,23,EV-044,Pune,Maharashtra,Own,AC Level 2,Type 2,Private,Wallet,2.73,31.62,9.64,304.82,255.09,85.19,60.61,-96.07,39.0,3.8,Completed
SES-004287,2024-08-20,3,EV-020,Mumbai,Maharashtra,Franchise,DC Fast,Type 2,Private,UPI,2.12,95.54,12.67,1210.49,708.73,139.71,45.91,316.14,42.1,4.1,Completed
SES-001239,2025-07-22,22,EV-093,Jaipur,Rajasthan,Partner,DC Fast,CHAdeMO,Taxi/Ride-share,UPI,0.38,19.83,15.62,309.74,164.01,187.44,43.37,-85.08,18.2,3.7,Completed
SES-000951,2025-09-22,22,EV-068,Ahmedabad,Gujarat,Own,AC Level 2,CCS2,Private,Card,0.15,2.38,10.01,23.82,16.69,170.78,15.57,-179.22,2.0,4.2,Completed
SES-001157,2025-12-06,21,EV-097,Hyderabad,Telangana,Franchise,AC Level 2,CHAdeMO,Private,Wallet,1.01,13.47,8.74,117.73,76.9,63.11,71.11,-93.39,41.1,3.0,Completed
SES-000933,2025-02-17,8,EV-092,Chennai,Tamil Nadu,Franchise,AC Level 2,CCS2,Fleet,UPI,0.33,4.14,10.84,44.88,21.12,123.17,66.07,-165.48,58.7,3.7,Completed
SES-003157,2025-08-21,17,EV-025,Mumbai,Maharashtra,Partner,DC Fast,CHAdeMO,Corporate,UPI,0.23,11.83,11.8,139.59,96.38,210.6,42.81,-210.2,17.6,4.6,Completed
SES-002368,2025-05-25,22,EV-057,Pune,Maharashtra,Partner,AC Level 2,CCS2,Fleet,Card,0.38,3.98,9.46,37.65,28.28,209.44,39.04,-239.11,5.5,4.1,Completed
SES-001857,2025-05-27,5,EV-016,Bengaluru,Karnataka,Partner,AC Level 2,CCS2,Corporate,UPI,1.39,20.43,11.13,227.39,168.75,86.4,24.12,-51.88,55.9,4.1,Completed
SES-004072,2025-08-28,19,EV-093,Bengaluru,Karnataka,Own,AC Level 2,CCS2,Private,UPI,1.11,21.97,10.99,241.45,115.31,157.08,55.21,-86.15,37.3,4.2,Completed
SES-000271,2025-11-06,7,EV-070,Hyderabad,Telangana,Own,DC Fast,CCS2,Private,UPI,0.38,17.35,11.89,206.29,88.76,188.34,36.76,-107.57,28.1,3.8,Completed
SES-003396,2024-12-11,12,EV-099,Jaipur,Rajasthan,Own,AC Level 2,CHAdeMO,Fleet,Corporate Account,0.64,11.21,9.62,107.84,78.1,192.41,57.57,-220.24,31.3,4.1,Cancelled
SES-002761,2025-11-26,3,EV-031,Bengaluru,Karnataka,Own,AC Level 2,CHAdeMO,Taxi/Ride-share,Wallet,1.17,12.82,9.21,118.07,70.44,80.45,21.01,-53.83,16.7,3.6,Completed
SES-003043,2024-10-21,18,EV-005,Chennai,Tamil Nadu,Partner,DC Fast,CCS2,Private,Corporate Account,1.53,82.45,12.32,1015.78,554.72,122.97,40.3,297.79,35.2,3.3,Completed
SES-004248,2025-05-04,3,EV-034,Chennai,Tamil Nadu,Own,AC Level 2,CCS2,Private,UPI,1.15,20.37,11.16,227.33,150.73,42.01,73.85,-39.26,37.1,3.1,Completed
SES-000763,2024-08-09,1,EV-077,Gurugram,Haryana,Own,AC Level 2,CHAdeMO,Taxi/Ride-share,Card,0.32,4.13,11.78,48.65,31.52,59.94,15.88,-58.69,48.3,3.3,Completed
SES-002537,2024-01-22,22,EV-090,Gurugram,Haryana,Own,AC Level 2,CHAdeMO,Fleet,Card,0.49,9.44,10.47,98.84,72.12,186.75,77.8,-237.83,21.0,4.0,Completed
SES-002515,2025-01-07,21,EV-064,Delhi,Delhi,Own,AC Level 2,Type 2,Fleet,Card,0.98,19.24,9.37,180.28,154.68,219.97,73.41,-267.78,30.1,3.9,Completed
SES-000146,2025-06-14,21,EV-077,Delhi,Delhi,Own,DC Ultra-Fast,Type 2,Private,UPI,0.99,95.95,18.64,1788.51,572.68,267.29,79.89,868.65,45.2,4.1,Completed
SES-003628,2025-10-27,13,EV-008,Bengaluru,Karnataka,Own,DC Fast,Type 2,Private,Card,0.74,34.68,11.54,400.21,253.61,76.22,34.09,36.29,23.4,3.0,Completed
SES-003163,2024-12-29,6,EV-067,Hyderabad,Telangana,Franchise,DC Ultra-Fast,CCS2,Taxi/Ride-share,Corporate Account,0.68,88.45,18.5,1636.32,659.23,68.55,49.79,858.75,33.3,3.7,Completed
SES-001763,2025-02-11,8,EV-087,Hyderabad,Telangana,Own,AC Level 2,CHAdeMO,Taxi/Ride-share,Card,0.72,10.57,11.01,116.38,67.21,91.56,44.95,-87.34,40.2,3.0,Completed
SES-004822,2025-03-24,22,EV-089,Delhi,Delhi,Own,DC Ultra-Fast,CHAdeMO,Private,Card,1.54,148.89,16.46,2450.73,763.7,98.89,25.51,1562.63,41.5,3.3,Completed
SES-003764,2025-12-08,23,EV-023,Mumbai,Maharashtra,Franchise,DC Ultra-Fast,CCS2,Private,Wallet,0.77,94.9,17.97,1705.35,613.89,101.64,40.52,949.3,29.0,3.9,Completed
SES-001950,2025-01-13,9,EV-049,Chennai,Tamil Nadu,Own,DC Ultra-Fast,CCS2,Taxi/Ride-share,Card,0.5,58.35,16.65,971.53,322.61,205.5,71.21,372.21,19.7,4.0,Completed
SES-002992,2024-07-07,20,EV-018,Bengaluru,Karnataka,Own,DC Fast,Type 2,fleet,Corporate Account,0.43,22.94,11.35,260.37,165.31,66.09,24.6,4.37,17.5,4.2,Failed
SES-001667,2024-07-20,21,EV-057,Pune,Maharashtra,Own,AC Level 2,Type 2,Taxi/Ride-share,Card,0.48,5.31,8.98,47.68,34.61,218.23,76.96,-282.12,17.1,3.6,Completed
SES-003554,2025-12-30,13,EV-027,Chennai,Tamil Nadu,Franchise,DC Fast,CCS2,Fleet,UPI,0.44,15.35,15.05,231.02,117.43,106.03,75.94,-68.38,26.9,4.2,Completed
SES-001593,2025-02-01,17,EV-012,Mumbai,Maharashtra,Partner,AC Level 2,CCS2,Taxi/Ride-share,UPI,2.42,32.23,9.59,309.09,180.25,154.14,13.16,-38.46,37.5,4.5,Completed
SES-001330,2024-04-15,2,EV-079,Ahmedabad,Gujarat,Own,DC Fast,CHAdeMO,Taxi/Ride-share,Wallet,0.89,29.6,11.39,337.14,186.27,107.79,29.79,13.29,30.4,5.0,Completed
SES-001541,2024-02-04,14,EV-052,Delhi,Delhi,Franchise,DC Fast,CCS2,Corporate,Corporate Account,0.31,9.99,13.64,136.26,60.14,197.94,79.27,-201.09,26.2,4.7,Completed
SES-003612,2024-06-23,17,EV-067,Pune,Maharashtra,Own,DC Fast,CCS2,Private,UPI,0.27,7.36,15.14,111.43,54.96,90.88,59.67,-94.08,13.7,4.6,Completed
SES-001525,2025-05-22,0,EV-016,Gurugram,Haryana,Partner,AC Level 2,CCS2,Private,Card,2.45,29.05,9.27,269.29,215.29,216.91,15.96,-178.87,41.5,3.7,Completed
SES-003973,2024-07-05,4,EV-070,Bengaluru,Karnataka,Own,AC Level 2,Type 2,Taxi/Ride-share,UPI,2.35,34.68,11.95,414.43,174.8,105.02,13.99,120.62,34.9,4.0,Completed
SES-000464,2024-10-12,10,EV-050,Jaipur,Rajasthan,Partner,AC Level 2,CCS2,Private,UPI,0.5,9.99,8.43,84.22,79.86,42.11,72.48,-110.23,23.5,4.0,Completed
SES-000898,2024-06-18,6,EV-011,Jaipur,Rajasthan,Own,DC Fast,Type 2,Private,UPI,0.42,15.91,14.95,237.85,114.69,60.05,42.39,20.72,53.8,4.2,Completed
SES-000642,2025-03-25,15,EV-081,Chennai,Tamil Nadu,Franchise,DC Fast,CCS2,Private,UPI,0.15,6.17,13.31,82.12,49.31,192.17,48.74,-208.1,26.3,4.7,Completed
SES-000482,2024-08-21,11,EV-047,Gurugram,Haryana,Partner,AC Level 2,Type 2,Corporate,Corporate Account,0.48,,11.21,95.17,44.85,157.26,29.12,-136.06,14.1,4.2,Completed
SES-001038,2025-03-26,2,EV-042,Lucknow,Uttar Pradesh,Partner,DC Ultra-Fast,Type 2,Taxi/Ride-share,UPI,1.75,124.71,14.44,1800.81,850.21,189.98,56.26,704.36,42.0,3.8,Completed
SES-003758,2024-08-30,22,EV-033,Delhi,Delhi,Own,AC Level 2,CCS2,Taxi/Ride-share,UPI,2.54,31.38,9.81,307.84,243.98,137.64,39.14,-112.92,49.7,4.2,Completed
SES-000639,2024-03-28,6,EV-050,Ahmedabad,Gujarat,Partner,DC Fast,CCS2,Corporate,Corporate Account,2.54,136.45,11.93,1627.85,1152.58,72.85,17.73,384.69,72.0,4.2,Completed
SES-000330,2024-02-09,17,EV-057,Lucknow,Uttar Pradesh,Franchise,DC Fast,CHAdeMO,Private,Wallet,0.83,40.75,13.26,540.34,310.03,97.2,8.84,124.27,59.3,3.4,Completed
SES-002444,2025-03-19,4,EV-080,Pune,Maharashtra,Franchise,AC Level 2,CCS2,Private,Card,0.54,6.03,9.78,58.97,38.43,47.68,36.22,-63.36,29.4,3.8,Completed
SES-000919,2025-03-17,23,EV-078,Pune,Maharashtra,Partner,DC Fast,Type 2,Taxi/Ride-share,Wallet,2.26,67.28,14.44,971.52,508.16,194.39,11.6,257.37,18.1,4.6,Completed
SES-004400,2025-04-21,12,EV-028,Jaipur,Rajasthan,Own,AC Level 2,CCS2,Corporate,Corporate Account,0.15,2.45,11.77,28.84,15.11,85.91,9.37,-81.55,27.4,4.5,Completed
SES-002981,2025-03-12,22,EV-033,Bengaluru,Karnataka,Own,DC Fast,CCS2,Private,Card,0.86,24.39,12.6,307.31,183.92,137.29,22.35,-36.25,22.2,4.4,Completed
SES-001919,2024-04-04,18,EV-053,Jaipur,Rajasthan,Own,DC Fast,CCS2,Private,Card,0.47,13.15,15.31,201.33,90.79,101.58,29.54,-20.58,2.0,3.7,Completed
SES-000218,2025-05-12,20,EV-018,Ahmedabad,Gujarat,Own,AC Level 2,CCS2,Private,UPI,1.37,15.32,11.28,172.81,76.92,64.54,56.65,-25.3,34.1,4.2,Completed
SES-003948,2024-09-02,15,EV-034,Mumbai,Maharashtra,Franchise,AC Level 2,CCS2,Taxi/Ride-share,UPI,0.82,11.58,11.23,130.04,76.74,56.66,39.25,-42.61,43.1,4.1,Completed
SES-002354,2024-04-12,15,EV-058,Ahmedabad,Gujarat,Own,AC Level 2,CCS2,Taxi/Ride-share,Card,1.57,30.87,10.87,335.56,179.67,89.3,15.38,51.21,38.8,5.0,Completed
SES-004455,2024-11-10,0,EV-053,Hyderabad,Telangana,Franchise,DC Fast,CCS2,Fleet,UPI,2.83,110.82,14.02,1553.7,760.42,28.65,63.15,701.48,74.0,5.0,Completed
SES-002117,2024-01-31,22,EV-056,Gurugram,Haryana,Own,DC Ultra-Fast,CCS2,Corporate,Card,0.32,33.12,15.74,521.31,211.98,145.96,60.88,102.49,8.7,3.4,Completed
SES-000135,2024-05-26,6,EV-030,Mumbai,Maharashtra,Own,AC Level 2,CHAdeMO,Corporate,UPI,1.05,13.4,10.29,137.89,71.53,177.05,70.13,-180.82,22.2,3.7,Completed
SES-003679,2025-10-01,2,EV-056,Gurugram,Haryana,Own,AC Level 2,CCS2,Taxi/Ride-share,UPI,1.11,13.34,8.52,113.66,86.37,22.62,76.41,-71.74,40.1,4.0,Completed
SES-004891,2025-02-16,3,EV-074,Gurugram,Haryana,Own,AC Level 2,CCS2,Corporate,Card,1.55,26.43,11.61,306.85,215.52,188.47,70.51,-167.65,43.7,4.1,Completed
SES-002331,2025-07-10,22,EV-068,Gurugram,Haryana,Own,DC Ultra-Fast,CHAdeMO,Corporate,Wallet,1.52,168.13,14.78,2484.96,1306.5,310.84,50.34,817.28,50.5,3.6,Completed
SES-004502,2025-10-20,22,EV-031,Lucknow,Uttar Pradesh,Own,AC Level 2,CCS2,Private,Corporate Account,0.78,11.39,8.8,100.23,92.87,133.55,68.74,-194.93,40.7,3.8,Completed
SES-001838,2024-10-03,1,EV-032,Pune,Maharashtra,Partner,DC Fast,CHAdeMO,Fleet,Wallet,1.28,37.28,14.77,550.63,191.02,210.52,73.56,75.53,53.2,4.2,Completed
SES-002378,2025-10-23,14,EV-056,Jaipur,Rajasthan,Own,AC Level 2,Type 2,Taxi/Ride-share,UPI,0.96,13.69,11.79,161.41,80.45,202.49,34.37,-155.9,24.7,4.1,Completed
SES-002608,2025-04-24,11,EV-051,Chennai,Tamil Nadu,Own,AC Level 2,CHAdeMO,Fleet,Card,0.28,5.08,11.53,58.57,34.48,33.16,17.44,-26.51,32.6,4.3,Completed
SES-001111,2024-07-14,23,EV-084,Ahmedabad,Gujarat,Own,DC Fast,Type 2,Private,UPI,1.85,93.12,13.54,1260.84,697.02,219.1,53.09,291.63,43.0,3.8,Completed
SES-001692,2025-03-29,12,EV-087,Hyderabad,Telangana,Franchise,DC Fast,CCS2,Fleet,UPI,1.72,60.4,14.4,869.76,431.55,34.85,55.79,347.57,30.1,4.7,Completed
SES-002872,2025-10-27,23,EV-002,Hyderabad,Telangana,Own,AC Level 2,CCS2,Private,UPI,2.19,36.35,10.91,396.58,301.06,96.28,33.25,-34.01,65.2,4.0,Completed
SES-002393,2024-03-19,22,EV-098,Pune,Maharashtra,Own,AC Level 2,CHAdeMO,Fleet,UPI,0.89,11.06,11.95,132.17,91.46,81.53,75.81,-116.63,26.8,3.4,Completed
SES-001837,2024-10-20,21,EV-028,Bengaluru,Karnataka,Franchise,DC Ultra-Fast,Type 2,Private,Card,0.58,70.34,14.4,1012.9,533.48,176.87,58.08,244.47,45.5,4.2,Completed
SES-001444,2024-12-09,13,EV-085,Pune,Maharashtra,Own,DC Fast,CCS2,Corporate,UPI,0.75,26.84,11.54,309.73,192.31,90.07,21.16,6.19,8.8,4.6,Completed
SES-002789,2025-05-28,4,EV-081,Bengaluru,Karnataka,Partner,DC Ultra-Fast,Type 2,Private,Corporate Account,0.75,51.67,19.4,1002.4,436.3,213.49,79.16,273.45,24.1,4.6,Completed
SES-002914,2025-10-18,16,EV-018,Ahmedabad,Gujarat,Own,AC Level 2,CCS2,Private,UPI,1.25,18.41,11.52,212.08,117.56,183.42,18.44,-107.34,26.7,4.2,Completed
SES-003462,2025-06-22,11,EV-006,Ahmedabad,Gujarat,Franchise,DC Fast,CCS2,Private,UPI,1.65,78.75,11.71,922.16,667.39,104.33,65.81,84.63,63.2,4.4,Completed
SES-003659,2024-08-17,8,EV-008,Gurugram,Haryana,Franchise,DC Ultra-Fast,CCS2,Private,Card,0.75,60.9,19.8,1205.82,338.26,270.53,30.85,566.18,33.3,3.4,Completed
SES-000705,2025-03-27,5,EV-026,Mumbai,Maharashtra,Partner,AC Level 2,CCS2,Private,Card,1.24,20.68,8.84,182.81,105.78,75.87,64.08,-62.92,32.9,4.8,Completed
SES-002633,2025-03-11,13,EV-025,Chennai,Tamil Nadu,Partner,AC Level 2,CHAdeMO,Taxi/Ride-share,UPI,1.08,15.99,8.67,138.63,102.76,68.66,47.78,-80.57,43.1,4.4,Completed
SES-002372,2024-10-07,22,EV-035,Chennai,Tamil Nadu,Partner,AC Level 2,CCS2,Private, Card ,0.15,2.17,10.06,21.83,17.45,116.82,67.91,-180.35,24.6,5.0,Completed
SES-004844,2024-11-26,1,EV-023,Hyderabad,Telangana,Franchise,DC Ultra-Fast,CHAdeMO,Fleet,UPI,2.84,180.0,19.24,3463.2,914.15,129.18,78.24,2341.63,64.3,3.5,Completed
SES-000133,2024-04-12,12,EV-060,Bengaluru,Karnataka,Franchise,DC Fast,CCS2,Taxi/Ride-share,Wallet,2.02,86.78,15.38,1334.68,560.99,142.75,67.95,562.99,68.1,4.6,Completed
SES-003865,2024-05-01,13,EV-059,Ahmedabad,Gujarat,Own,AC Level 2,CCS2,Fleet,UPI,1.98,22.87,8.63,197.37,135.05,130.76,37.22,-105.66,39.0,4.4,Completed
SES-001985,2025-01-09,0,EV-030,Pune,Maharashtra,Own,AC Level 2,CHAdeMO,Private,UPI,0.43,7.65,11.25,86.06,50.12,116.55,42.64,-123.25,11.7,4.5,Completed
SES-002717,2025-01-18,4,EV-077,Chennai,Tamil Nadu,Partner,AC Level 2,CCS2,Taxi/Ride-share,Card,0.25,3.02,9.94,30.02,23.04,189.37,24.8,-207.19,26.9,4.0,Completed
SES-003895,2025-01-24,3,EV-048,Delhi,Delhi,Franchise,AC Level 2,CHAdeMO,Taxi/Ride-share,UPI,0.52,5.53,11.45,63.32,30.37,37.63,62.02,-66.7,59.5,4.3,Completed
SES-004529,2025-06-23,16,EV-096,Mumbai,Maharashtra,Own,DC Fast,CCS2,Fleet,UPI,2.06,110.49,15.37,1698.23,583.81,157.0,55.52,901.9,60.6,3.3,Completed
SES-001952,2025-02-24,0,EV-038,Gurugram,Haryana,Own,DC Fast,CCS2,Corporate,UPI,1.07,57.41,11.39,653.9,369.95,174.88,9.99,99.08,27.8,4.7,Completed
SES-004309,2024-02-07,23,EV-065,Delhi,Delhi,Franchise,AC Level 2,CCS2,Fleet,UPI,2.62,53.98,10.53,568.41,403.22,28.59,72.22,64.38,72.8,4.1,Completed
SES-001557,2024-06-05,5,EV-026,Lucknow,Uttar Pradesh,Partner,AC Level 2,Type 2,Corporate,Wallet,0.32,5.64,11.91,67.17,39.33,114.31,68.8,-155.27,34.3,4.2,Completed
SES-003349,2024-06-19,18,EV-020,Lucknow,Uttar Pradesh,Partner,AC Level 2,CCS2,Fleet,UPI,0.52,8.13,11.01,89.51,63.0,172.28,36.6,-182.37,33.9,3.2,Completed
SES-001174,2025-07-25,11,EV-080,Mumbai,Maharashtra,Own,DC Ultra-Fast,CCS2,Taxi/Ride-share,UPI,0.93,124.33,16.92,2103.66,1028.4,164.17,16.49,894.6,27.0,4.4,Completed
SES-001665,2025-09-05,22,EV-011,Jaipur,Rajasthan,Franchise,DC Fast,CCS2,Private,UPI,1.98,59.7,11.99,715.8,367.21,112.91,55.03,180.65,40.9,3.9,Completed
SES-000675,2024-06-11,12,EV-068,Delhi,Delhi,Partner,DC Ultra-Fast,CCS2,Corporate,Card,1.54,180.0,15.56,2800.8,1048.23,67.37,9.63,1675.57,50.6,4.3,Completed
SES-003541,2025-04-29,20,EV-009,Mumbai,Maharashtra,Own,AC Level 2,CCS2,Private,UPI,0.55,6.04,8.68,52.43,35.22,147.32,20.58,-150.69,8.8,4.1,Completed
SES-000157,2025-09-06,14,EV-034,Delhi,Delhi,Franchise,DC Fast,CCS2,Private,UPI,0.45,14.78,12.64,186.82,101.2,198.5,64.63,-177.51,36.3,3.8,Completed
SES-001545,2025-07-30,4,EV-002,Hyderabad,Telangana,Partner,DC Ultra-Fast,Type 2,Private,UPI,0.67,62.09,18.29,1135.63,377.19,158.31,59.93,540.2,21.0,4.8,Completed
SES-003304,2025-03-03,21,EV-009,Lucknow,Uttar Pradesh,Own,DC Fast,CCS2,Private,Card,0.8,23.76,15.69,372.79,136.41,28.41,19.57,188.4,28.8,4.0,Completed
SES-000175,2024-12-15,22,EV-066,Jaipur,Rajasthan,Own,DC Fast,CCS2,Fleet,UPI,1.64,66.34,12.62,837.21,557.91,51.24,20.79,207.27,48.6,4.3,Completed
SES-001853,2024-08-02,0,EV-091,Mumbai,Maharashtra,Own,DC Fast,CCS2,Fleet,UPI,0.73,32.67,11.26,367.86,243.93,137.66,29.4,-43.13,38.2,4.2,Completed
SES-002308,2024-04-03,15,EV-096,Hyderabad,Telangana,Partner,AC Level 2,CCS2,Taxi/Ride-share,UPI,0.61,7.03,9.5,66.78,53.84,185.68,34.95,-207.69,4.4,3.9,Completed
SES-004684,2025-01-29,10,EV-056,Lucknow,Uttar Pradesh,Own,DC Fast,CHAdeMO,Private,UPI,1.5,76.31,14.4,1098.86,596.62,43.71,36.4,422.13,69.7,3.1,Completed
SES-001608,2025-03-27,7,EV-069,Hyderabad,Telangana,Partner,AC Level 2,CCS2,Private,UPI,1.64,27.19,9.89,268.91,198.99,158.83,13.53,-102.44,53.4,4.1,Completed
SES-004963,2025-03-15,3,EV-083,Mumbai,Maharashtra,Own,AC Level 2,CCS2,Private,Card,0.17,2.0,8.19,16.38,14.41,128.36,49.27,-175.66,7.8,3.3,Completed
SES-000405,2024-09-11,9,EV-087,Chennai,Tamil Nadu,Franchise,DC Fast,CCS2,Corporate,Corporate Account,0.48,17.44,11.2,195.33,135.52,158.69,5.23,-104.11,33.3,3.7,Completed
SES-003765,2025-04-05,17,EV-064,Delhi,Delhi,Own,DC Fast,CHAdeMO,Corporate,Card,0.67,29.61,12.02,355.91,237.57,213.01,69.9,-164.57,39.5,4.0,Completed
SES-003001,2025-02-19,2,EV-058,Jaipur,Rajasthan,Own,DC Ultra-Fast,Type 2,Fleet,UPI,0.83,76.61,17.25,1321.52,523.18,157.25,74.43,566.66,6.4,4.7,Completed
SES-002048,2025-12-06,11,EV-085,Ahmedabad,Gujarat,Franchise,AC Level 2,Type 2,Private,Wallet,0.36,5.9,11.64,68.68,49.9,180.64,77.02,-238.88,19.7,4.4,Completed
SES-003060,2024-09-28,5,EV-045,Chennai,Tamil Nadu,Own,DC Fast,Type 2,Private,Wallet,1.67,62.54,15.64,978.13,451.6,218.11,58.38,250.04,40.8,4.4,Completed
SES-001783,2025-02-18,8,EV-023,Chennai,Tamil Nadu,Franchise,DC Fast,CHAdeMO,Fleet,Card,0.33,10.25,15.28,,52.03,58.05,63.96,-17.42,38.8,4.0,Completed
SES-003209,2025-06-13,18,EV-060,Jaipur,Rajasthan,Own,AC Level 2,CHAdeMO,Private,Corporate Account,0.44,5.94,9.24,54.89,43.83,161.91,73.82,-224.67,17.1,3.4,Completed
SES-004538,2024-11-09,23,EV-099,Gurugram,Haryana,Franchise,DC Fast,Type 2,Private,Wallet,0.84,43.39,11.85,514.17,318.31,193.04,33.09,-30.27,25.9,3.8,Completed
SES-001162,2025-03-14,6,EV-082,Mumbai,Maharashtra,Own,AC Level 2,Type 2,Private,UPI,0.15,2.4,10.49,25.18,18.46,45.27,58.31,-96.86,18.9,3.7,Completed
SES-002881,2025-09-30,10,EV-082,Mumbai,Maharashtra,Own,AC Level 2,CCS2,Fleet,Corporate Account,0.15,2.63,10.22,26.88,22.32,173.28,71.32,-240.04,42.7,3.1,Completed
SES-004446,2025-05-06,9,EV-032,Jaipur,Rajasthan,Own,AC Level 2,CCS2,Fleet,Wallet,0.96,18.74,10.42,195.27,116.27,23.7,72.26,-16.96,28.2,4.5,Completed
SES-003170,2024-05-21,17,EV-012,Delhi,Delhi,Franchise,DC Fast,CCS2,Taxi/Ride-share,Card,0.15,8.38,12.81,107.35,62.54,50.55,6.18,-11.92,27.8,4.3,Completed
SES-004442,2025-04-24,5,EV-070,Jaipur,Rajasthan,Franchise,DC Ultra-Fast,CCS2,Private,UPI,1.03,110.9,15.24,1690.12,703.03,227.6,35.02,724.47,41.2,4.2,Completed
SES-002161,2024-10-13,23,EV-073,Pune,Maharashtra,Own,AC Level 2,Type 2,Fleet,Corporate Account,0.45,8.11,11.82,95.86,46.63,48.81,46.32,-45.9,27.3,4.7,Completed
SES-001624,2024-07-17,6,EV-021,Chennai,Tamil Nadu,Own,DC Fast,CHAdeMO,Private,Wallet,1.01,49.72,14.01,696.58,375.0,185.28,60.34,75.96,36.3,4.5,Completed
SES-003635,2025-04-15,20,EV-096,Pune,Maharashtra,Franchise,DC Fast,CCS2,Taxi/Ride-share,Card,0.5,16.49,14.49,238.94,134.65,,14.67,-24.77,27.0,4.6,Completed
SES-001394,2024-09-25,8,EV-080,Mumbai,Maharashtra,Partner,AC Level 2,CCS2,Private,UPI,0.49,7.13,9.77,69.66,39.43,143.51,16.41,-129.69,40.4,4.3,Completed
SES-001748,2024-10-14,10,EV-002,Hyderabad,Telangana,Partner,DC Fast,CCS2,Fleet,UPI,0.71,32.62,14.01,457.01,255.7,68.96,12.62,119.73,36.7,5.0,Completed
SES-004433,2025-10-23,14,EV-086,Hyderabad,Telangana,Partner,DC Ultra-Fast,CCS2,Taxi/Ride-share,UPI,0.99,127.89,19.03,2433.75,950.5,182.06,73.24,1227.95,30.9,4.5,Completed
SES-002413,2025-07-01,18,EV-093,Chennai,Tamil Nadu,Franchise,DC Fast,CCS2,Taxi/Ride-share,Corporate Account,0.32,10.51,14.82,155.76,63.36,172.97,74.5,-155.07,15.6,4.2,Completed
SES-002691,2025-02-08,8,EV-010,Lucknow,Uttar Pradesh,Own,DC Fast,CCS2,Taxi/Ride-share,Corporate Account,0.69,33.25,12.89,428.59,223.11,89.92,79.28,36.28,11.3,4.0,Completed
SES-003390,2025-06-27,4,EV-055,Gurugram,Haryana,Own,DC Fast,Type 2,Private,UPI,0.75,30.74,11.61,356.89,232.55,183.79,6.29,-65.74,31.8,3.8,Completed
SES-000853,2024-02-28,17,EV-006,Hyderabad,Telangana,Franchise,AC Level 2,CCS2,Taxi/Ride-share,Corporate Account,2.31,26.08,10.3,268.62,183.49,66.23,43.46,-24.56,53.4,3.8,Completed
SES-001777,2025-10-12,13,EV-042,Pune,Maharashtra,Franchise,AC Level 2,CHAdeMO,Private,Wallet,1.0,17.93,10.82,194.0,129.82,56.88,20.76,-13.46,40.6,3.7,Completed
SES-002439,2025-02-12,1,EV-028,Ahmedabad,Gujarat,Franchise,AC Level 2,Type 2,Corporate,UPI,1.82,28.84,8.31,239.66,238.66,149.92,17.65,-166.57,54.7,4.0,Completed
SES-001767,2024-12-05,10,EV-066,Pune,Maharashtra,Franchise,DC Ultra-Fast,CCS2,Private,UPI,1.09,97.45,16.38,1596.23,598.59,284.81,44.59,668.24,21.5,4.0,Completed
SES-003627,2024-09-27,9,EV-038,Bengaluru,Karnataka,Own,AC Level 2,CHAdeMO,Private,UPI,0.98,15.85,8.9,141.06,85.65,160.25,29.94,-134.78,30.9,3.2,Completed
SES-003805,2025-04-09,2,EV-089,Bengaluru,Karnataka,Franchise,DC Fast,CHAdeMO,Taxi/Ride-share,Card,0.74,36.85,13.42,494.53,294.65,207.87,58.57,-66.56,29.0,4.2,Completed
SES-003839,2025-02-07,11,EV-044,Ahmedabad,Gujarat,Own,AC Level 2,CCS2,Taxi/Ride-share,UPI,0.41,7.58,8.29,62.84,41.13,180.0,61.3,-219.59,21.1,4.1,Completed
SES-004010,2025-05-19,9,EV-026,Ahmedabad,Gujarat,Own,AC Level 2,Type 2,Private,Wallet,1.32,19.36,10.7,207.15,133.64,101.46,17.11,-45.06,52.0,3.9,Completed
SES-002663,2025-02-01,10,EV-045,Hyderabad,Telangana,Partner,DC Fast,Type 2,Private,UPI,1.05,52.16,11.08,577.93,426.73,183.18,59.32,-91.3,49.2,4.3,Completed
SES-003497,2025-01-01,1,EV-072,Lucknow,Uttar Pradesh,Franchise,AC Level 2,CCS2,Taxi/Ride-share,Wallet,0.83,10.94,10.38,113.56,79.85,75.92,64.61,-106.82,34.6,3.4,Completed
SES-004394,2025-04-05,8,EV-023,Gurugram,Haryana,Own,AC Level 2,CCS2,Fleet,UPI,0.54,10.31,10.36,106.81,71.38,111.91,56.99,-133.47,40.0,4.3,Completed
SES-000352,2025-07-21,16,EV-051,Chennai,Tamil Nadu,Partner,DC Fast,Type 2,Private,UPI,1.36,57.07,12.72,725.93,456.06,131.05,76.62,62.2,12.3,3.4,Completed
SES-001443,2025-07-28,16,EV-075,Jaipur,Rajasthan,Franchise,DC Fast,Type 2,Private,UPI,3.38,152.43,11.07,1687.4,1144.02,40.85,58.91,443.62,60.4,3.9,Completed
SES-003156,2025-10-29,0,EV-020,Bengaluru,Karnataka,Partner,AC Level 2,CCS2,Private,Corporate Account,0.63,9.94,11.22,111.53,49.77,35.27,72.8,-46.31,31.2,3.4,Completed
SES-002471,2024-11-07,15,EV-026,Delhi,Delhi,Franchise,AC Level 2,Type 2,Fleet,UPI,1.51,20.94,10.48,219.45,165.12,75.69,48.52,-69.88,38.9,3.8,Completed
SES-001148,2024-04-02,17,EV-022,Mumbai,Maharashtra,Franchise,AC Level 2,CHAdeMO,Private,Card,0.15,2.0,11.79,23.58,12.88,89.77,7.02,-86.09,3.4,4.5,Completed
SES-004051,2025-05-06,0,EV-022,Gurugram,Haryana,Own,AC Level 2,CCS2,Taxi/Ride-share,Card,0.46,8.47,8.76,74.2,58.04,129.12,40.67,-153.63,20.4,5.0,Completed
SES-003088,2025-06-29,9,EV-031,Chennai,Tamil Nadu,Own,DC Fast,CHAdeMO,Fleet,UPI,0.5,23.67,14.19,335.88,158.94,101.93,57.26,17.75,51.2,3.6,Completed
SES-004823,2025-11-09,16,EV-016,Ahmedabad,Gujarat,Own,DC Ultra-Fast,Type 2,Fleet,Card,0.66,86.21,15.22,1312.12,442.14,37.43,29.86,802.69,26.3,3.6,Completed
SES-000139,2025-02-19,7,EV-025,Chennai,Tamil Nadu,Franchise,AC Level 2,Type 2,Fleet,Corporate Account,1.61,20.23,9.95,201.29,113.68,161.25,45.51,-119.15,46.2,4.6,Completed
SES-002547,2024-01-19,19,EV-052,Pune,Maharashtra,Partner,AC Level 2,Type 2,Taxi/Ride-share,UPI,1.7,28.1,9.67,271.73,186.3,184.55,45.83,-144.95,23.0,3.4,Completed
SES-002230,2025-07-01,3,EV-005,Hyderabad,Telangana,Own,AC Level 2,CCS2,Private,UPI,0.7,9.99,8.11,81.02,83.17,85.44,75.91,-163.5,10.7,5.0,Completed
SES-004341,2025-05-15,3,EV-062,Chennai,Tamil Nadu,Own,AC Level 2,CHAdeMO,Corporate,UPI,1.81,21.23,9.34,198.29,159.55,117.88,27.97,-107.11,32.7,4.1,Completed
SES-001233,2025-04-28,4,EV-057,Ahmedabad,Gujarat,Own,AC Level 2,Type 2,Private,Card,0.16,2.0,10.61,21.22,14.12,61.62,72.12,-126.64,11.4,4.4,Completed
SES-004116,2024-07-21,2,EV-076,Delhi,Delhi,Own,AC Level 2,CCS2,Private,UPI,0.57,8.52,10.18,86.73,70.11,170.12,51.1,-204.6,21.3,4.5,Completed
SES-002036,2024-07-19,11,EV-077,Chennai,Tamil Nadu,Own,AC Level 2,CCS2,Taxi/Ride-share,Card,1.54,29.03,10.29,298.72,191.2,175.15,56.1,-123.73,50.5,4.6,Completed
SES-002533,2025-09-27,10,EV-005,Ahmedabad,Gujarat,Own,DC Ultra-Fast,CCS2,Fleet,Wallet,0.19,24.83,16.67,413.92,193.56,250.71,49.36,-79.71,23.5,4.1,Completed
SES-001130,2025-09-22,19,EV-089,Jaipur,Rajasthan,Franchise,AC Level 2,CCS2,Private,Wallet,0.37,5.38,11.16,60.04,28.35,156.43,46.46,-171.2,18.5,4.1,Completed
SES-003556,2024-04-10,5,EV-063,Lucknow,Uttar Pradesh,Own,DC Fast,CCS2,Taxi/Ride-share,Card,1.39,38.01,12.41,471.7,235.06,89.43,65.92,81.29,33.9,4.0,Completed
SES-001516,2024-06-08,12,EV-025,Mumbai,Maharashtra,Own,DC Fast,Type 2,Corporate,Wallet,1.14,42.28,11.52,487.07,311.43,203.58,66.56,-94.5,54.3,4.0,Completed
SES-004630,2024-03-07,23,EV-086,Lucknow,Uttar Pradesh,Own,DC Ultra-Fast,CCS2,Private,UPI,0.53,57.71,15.37,887.0,408.8,65.79,7.68,404.73,27.6,2.6,Completed
SES-001392,2024-12-19,23,EV-076,Bengaluru,Karnataka,Own,AC Level 2,Type 2,Taxi/Ride-share,Card,0.74,8.47,11.3,95.71,66.76,27.18,20.34,-18.57,32.0,5.0,Completed
SES-004330,2024-04-23,17,EV-009,Ahmedabad,Gujarat,Own,DC Ultra-Fast,CCS2,Private,UPI,2.64,180.0,17.29,3112.2,1354.22,136.42,61.44,1560.12,53.5,3.3,Completed
SES-001439,2025-07-06,7,EV-050,Pune,Maharashtra,Franchise,DC Fast,Type 2,Private,UPI,0.32,15.57,14.17,220.63,99.0,149.59,70.31,-98.27,34.2,3.1,Completed
SES-001011,2025-06-04,13,EV-059,Gurugram,Haryana,Franchise,DC Ultra-Fast,CCS2,Fleet,Card,0.55,64.67,19.24,1244.25,541.49,87.6,45.31,569.85,31.1,4.2,Completed
SES-002630,2024-09-12,4,EV-074,Jaipur,Rajasthan,Partner,AC Level 2,CCS2,Private,Card,0.63,12.78,10.83,138.41,100.42,116.79,8.03,-86.83,24.8,3.0,Failed
SES-004328,2024-06-04,16,EV-034,Jaipur,Rajasthan,Franchise,AC Level 2,Type 2,Taxi/Ride-share,UPI,0.89,15.55,11.05,171.83,91.58,192.64,25.15,-137.54,23.3,3.1,Completed
SES-002082,2024-08-05,10,EV-071,Pune,Maharashtra,Franchise,DC Fast,CCS2,Corporate,Card,0.35,17.64,14.14,249.43,125.41,175.92,60.04,-111.94,9.4,3.8,Completed
SES-001288,2024-08-06,9,EV-064,Pune,Maharashtra,Own,DC Fast,CCS2,Private,Corporate Account,0.15,8.34,15.6,130.1,58.26,137.64,17.99,-83.79,30.1,4.2,Completed
SES-003442,2025-03-15,5,EV-012,Lucknow,Uttar Pradesh,Own,AC Level 2,CCS2,Fleet,Card,0.35,4.78,9.15,43.74,28.86,68.88,29.74,-83.74,19.3,4.1,Completed
SES-004924,2025-08-25,10,EV-094,Bengaluru,Karnataka,Own,DC Ultra-Fast,CCS2,Taxi/Ride-share,Corporate Account,0.82,78.56,15.46,1214.54,419.53,128.31,7.94,658.76,38.5,4.7,Completed
SES-001869,2025-09-25,19,EV-092,Pune,Maharashtra,Own,AC Level 2,Type 2,Private,Corporate Account,1.6,23.49,10.28,241.48,158.84,145.29,54.44,-117.09,20.3,3.4,Completed
SES-001396,2024-10-31,21,EV-032,Gurugram,Haryana,Own,DC Ultra-Fast,CCS2,Fleet,Card,1.29,94.97,15.63,1484.38,571.32,328.04,72.85,512.17,32.8,3.9,Completed
SES-003691,2025-08-19,15,EV-007,Bengaluru,Karnataka,Franchise,DC Fast,CCS2,Private,Wallet,0.52,17.37,12.06,209.48,88.11,20.29,70.83,30.25,31.4,4.8,Completed
SES-000769,2024-10-31,23,EV-057,Jaipur,Rajasthan,Own,AC Level 2,CHAdeMO,Private,Wallet,0.15,3.0,11.31,33.93,22.07,177.98,23.1,-189.22,17.5,4.4,Completed
SES-003474,2024-10-22,3,EV-065,gurugram,Haryana,Partner,DC Fast,CHAdeMO,Private,Card,0.83,41.05,15.73,645.72,322.07,110.95,42.98,169.72,25.5,4.8,Completed
SES-002736,2025-01-28,8,EV-100,Lucknow,Uttar Pradesh,Own,AC Level 2,CCS2,Private,UPI,0.44,6.73,9.27,62.39,36.22,170.32,13.2,-157.35,10.6,4.1,Completed
SES-000094,2025-05-27,5,EV-088,Gurugram,Haryana,Partner,AC Level 2,Type 2,Private,Wallet,0.32,6.67,8.39,55.96,51.11,163.19,74.0,-232.34,11.0,4.9,Completed
SES-003022,2024-08-15,1,EV-009,Chennai,Tamil Nadu,Own,DC Fast,Type 2,Taxi/Ride-share,Corporate Account,1.1,30.13,12.92,389.28,201.85,31.3,6.27,149.86,13.7,4.7,Completed
SES-003486,2025-03-20,5,EV-035,Jaipur,Rajasthan,Own,DC Fast,CCS2,Corporate,Card,0.26,13.91,12.44,173.04,101.46,192.08,19.93,-140.43,16.2,3.9,Completed
SES-000023,2024-06-12,11,EV-054,Gurugram,Haryana,Own,AC Level 2,Type 2,Private,UPI,0.85,13.35,8.56,114.28,84.78,93.63,24.48,-88.61,39.2,4.5,Completed
SES-000585,2024-12-04,11,EV-053,Pune,Maharashtra,Own,DC Fast,CCS2,Private,UPI,4.17,163.37,15.85,2589.41,1121.9,105.62,65.91,1295.98,59.6,4.1,Completed
SES-003718,2024-04-17,13,EV-028,Gurugram,Haryana,Partner,DC Fast,CCS2,Private,UPI,1.7,75.02,12.26,919.75,619.85,191.16,74.04,34.7,46.4,4.2,Completed
SES-002101,2024-04-25,13,EV-019,Hyderabad,Telangana,Own,DC Fast,CHAdeMO,Private,Corporate Account,0.92,44.82,13.69,613.59,304.27,57.24,21.01,231.07,27.2,4.3,Completed
SES-000986,2025-07-28,14,EV-018,Hyderabad,Telangana,Franchise,DC Fast,CHAdeMO,Private,Corporate Account,0.46,13.33,15.62,208.21,100.22,55.6,59.93,-7.54,18.1,4.0,Completed
SES-001403,2025-07-03,4,EV-059,Pune,Maharashtra,Own,AC Level 2,CCS2,Fleet,UPI,0.25,4.22,8.36,35.28,33.83,38.17,27.86,-64.58,22.9,3.4,Completed
SES-000351,2024-04-07,1,EV-039,Ahmedabad,Gujarat,Partner,DC Fast,Type 2,Taxi/Ride-share,UPI,0.93,30.86,14.57,449.63,238.8,187.58,53.08,-29.83,25.9,4.0,Completed
SES-003648,2025-12-26,6,EV-021,Gurugram,Haryana,Own,AC Level 2,CHAdeMO,Private,Card,2.82,35.49,11.93,423.4,226.56,21.26,41.33,134.25,64.0,4.4,Completed
SES-002812,2025-12-19,6,EV-079,Hyderabad,Telangana,Own,AC Level 2,CCS2,Taxi/Ride-share,Card,0.55,11.39,9.42,107.29,78.13,103.77,44.67,-119.28,23.2,4.2,Completed
SES-001744,2024-08-29,15,EV-064,Pune,Maharashtra,Own,DC Fast,CCS2,Private,UPI,0.76,40.62,14.0,568.68,296.05,125.38,7.58,139.67,48.1,3.7,Completed
SES-000814,2024-10-07,13,EV-040,Hyderabad,Telangana,Franchise,AC Level 2,CCS2,Private,Card,0.57,7.99,11.71,93.56,59.12,145.05,38.08,-148.69,20.9,4.8,Completed
SES-001128,2024-02-07,5,EV-006,Bengaluru,Karnataka,Partner,DC Fast,CHAdeMO,Fleet,UPI,0.66,26.68,12.71,339.1,148.74,37.66,15.7,137.0,33.2,4.6,Completed
SES-000604,2025-06-24,20,EV-093,Bengaluru,Karnataka,Partner,DC Fast,CHAdeMO,Fleet,Corporate Account,0.55,20.34,11.77,239.4,125.95,89.51,29.38,-5.44,35.0,3.8,Failed
SES-002686,2025-07-03,16,EV-068,Pune,Maharashtra,Own,AC Level 2,CCS2,Private,Wallet,0.74,8.86,11.58,102.6,45.88,144.51,71.76,-159.55,40.3,3.5,Completed
SES-001939,2024-03-28,17,EV-039,Hyderabad,Telangana,Franchise,AC Level 2,CCS2,Taxi/Ride-share,Card,1.08,17.12,11.45,196.02,135.4,184.48,65.36,-189.22,39.3,3.8,Completed
SES-001544,2024-09-22,8,EV-075,Pune,Maharashtra,Franchise,AC Level 2,Type 2,Private,UPI,0.15,2.0,8.98,17.96,15.65,86.63,10.56,-94.88,13.1,4.7,Completed
SES-003571,2024-09-30,0,EV-002,Lucknow,Uttar Pradesh,Franchise,DC Fast,CHAdeMO,Corporate,UPI,0.82,32.1,11.26,361.45,186.56,61.36,23.07,90.46,52.7,4.8,Completed
SES-000768,2024-09-01,20,EV-021,Chennai,Tamil Nadu,Franchise,DC Fast,Type 2,Private,UPI,1.91,77.81,12.6,980.41,499.49,194.77,38.75,247.4,51.0,3.4,Completed
SES-002099,2025-11-09,2,EV-057,Ahmedabad,Gujarat,Own,AC Level 2,Type 2,Private,UPI,1.07,,8.47,142.21,127.61,166.79,15.62,-167.81,43.8,4.4,Completed
SES-001270,2025-06-09,21,EV-070,Pune,Maharashtra,Own,AC Level 2,CCS2,Corporate,UPI,1.71,19.38,11.77,228.1,133.05,128.14,34.52,-67.61,26.2,4.2,Completed
SES-004416,2024-11-27,20,EV-070,Ahmedabad,Gujarat,Own,DC Fast,CHAdeMO,Taxi/Ride-share,UPI,1.75,67.28,13.84,931.16,508.78,98.21,71.67,252.5,41.8,5.0,Completed
SES-000596,2024-09-10,10,EV-092,Lucknow,Uttar Pradesh,Own,AC Level 2,Type 2,Private,Corporate Account,0.42,6.74,11.77,79.33,42.79,148.27,57.03,-168.76,47.7,3.5,Completed
SES-003095,2025-05-14,3,EV-065,Bengaluru,Karnataka,Partner,AC Level 2,Type 2,Private,Corporate Account,0.71,8.52,10.09,85.97,62.07,109.31,25.51,-110.92,32.5,4.5,Completed
SES-003114,2024-07-03,17,EV-003,Lucknow,Uttar Pradesh,Own,DC Ultra-Fast,CCS2,Private,Card,0.27,32.03,14.52,465.08,210.41,76.81,18.0,159.86,18.1,3.6,Completed
SES-001000,2025-05-07,12,EV-075,Lucknow,Uttar Pradesh,Partner,DC Fast,Type 2,Fleet,UPI,1.04,54.38,12.63,686.82,279.64,28.09,52.7,326.39,20.9,3.7,Completed
SES-002181,2025-07-15,11,EV-079,Ahmedabad,Gujarat,Own,DC Fast,Type 2,Private,UPI,3.19,170.71,12.49,2132.17,948.1,155.84,20.31,1007.92,68.3,2.8,Completed
SES-003867,2025-07-30,18,EV-100,Gurugram,Haryana,Own,DC Ultra-Fast,CCS2,Corporate,Card,0.36,24.48,19.37,474.18,176.31,67.3,6.01,224.56,27.7,5.0,Completed
SES-004764,2024-07-25,6,EV-018,Jaipur,Rajasthan,Partner,DC Fast,CCS2,Fleet,Card,0.55,22.55,12.79,288.41,151.61,181.59,32.12,-76.91,6.5,4.0,Completed
SES-000574,2024-04-07,18,EV-051,Jaipur,Rajasthan,Own,AC Level 2,CCS2,Taxi/Ride-share,UPI,1.17,19.64,11.16,219.18,135.06,193.27,23.88,-133.03,33.7,5.0,Completed
SES-002464,2025-09-26,16,EV-069,Hyderabad,Telangana,Partner,DC Fast,CCS2,Corporate,UPI,0.42,20.86,13.66,284.95,169.99,91.21,27.88,-4.13,34.1,4.6,Completed
SES-002336,2024-03-06,6,EV-006,Hyderabad,Telangana,Own,AC Level 2,CCS2,Private,Card,0.63,11.84,10.22,121.0,69.81,105.39,11.62,-65.82,41.6,5.0,Completed
SES-001702,2025-07-10,4,EV-044,Hyderabad,Telangana,Franchise,AC Level 2,CCS2,Private,UPI,0.59,10.84,10.65,115.45,80.6,205.92,20.35,-191.42,11.5,3.7,Completed
SES-001540,2025-03-04,18,EV-067,Bengaluru,Karnataka,Own,DC Fast,CCS2,Corporate,Corporate Account,2.53,81.93,14.35,1175.7,632.64,145.91,16.88,380.27,48.8,3.8,Completed
SES-000499,2024-08-29,6,EV-066,Lucknow,Uttar Pradesh,Franchise,DC Ultra-Fast,CCS2,Fleet,Card,0.76,94.11,16.72,1573.52,739.94,294.97,67.36,471.25,21.8,4.2,Completed
SES-003602,2025-02-25,3,EV-098,Mumbai,Maharashtra,Partner,DC Fast,CCS2,Fleet,UPI,1.04,35.87,12.83,460.21,260.1,194.48,49.26,-43.63,14.9,4.7,Completed
SES-002338,2024-01-08,19,EV-036,Bengaluru,Karnataka,Own,AC Level 2,CCS2,Private,Corporate Account,1.01,15.4,10.79,166.17,90.96,168.49,5.45,-98.73,36.9,4.1,Cancelled
SES-000756,2024-08-08,1,EV-023,Chennai,Tamil Nadu,Own,AC Level 2,CCS2,Private,UPI,0.55,7.35,11.13,81.81,54.03,75.98,21.18,-69.38,11.4,4.9,Completed
SES-003884,2024-06-10,23,EV-067,Bengaluru,Karnataka,Own,AC Level 2,Type 2,Corporate,UPI,1.82,37.73,11.76,443.7,234.53,80.6,22.0,106.57,47.4,4.8,Completed
SES-004324,2024-09-01,22,EV-023,Lucknow,Uttar Pradesh,Own,AC Level 2,CCS2,Private,UPI,0.55,9.91,10.82,107.23,62.8,142.47,23.13,-121.17,31.8,4.7,Completed
SES-003676,2024-11-10,3,EV-078,Chennai,Tamil Nadu,Own,DC Fast,CCS2,Corporate,UPI,1.23,59.36,11.49,682.05,480.18,30.4,19.17,152.3,45.1,4.0,Completed
SES-002347,2025-03-14,10,EV-043,Lucknow,Uttar Pradesh,Own,DC Fast,CHAdeMO,Private,UPI,0.28,12.38,12.6,155.99,82.83,107.04,25.04,-58.92,33.2,4.8,Completed
SES-001224,2024-02-08,5,EV-072,Bengaluru,Karnataka,Own,AC Level 2,CCS2,Taxi/Ride-share,Wallet,1.25,24.64,11.84,291.74,134.65,197.73,79.75,-120.39,57.3,4.2,Completed
SES-001079,2024-08-31,9,EV-098,Delhi,Delhi,Own,AC Level 2,CCS2,Taxi/Ride-share,Card,0.15,2.13,10.88,23.17,16.44,94.23,47.05,-134.55,16.7,4.3,Completed
SES-002634,2025-12-07,20,EV-054,Hyderabad,Telangana,Franchise,DC Fast,CCS2,Fleet,Card,0.15,5.88,14.94,87.85,43.87,83.3,12.16,-51.48,14.7,4.3,Completed
SES-002286,2025-03-01,20,EV-067,Hyderabad,Telangana,Own,AC Level 2,Type 2,Taxi/Ride-share,UPI,0.15,2.45,11.69,28.64,19.98,47.63,59.27,-98.24,30.9,3.9,Completed
SES-001704,2025-09-22,8,EV-062,Mumbai,Maharashtra,Partner,DC Ultra-Fast,CCS2,Taxi/Ride-share,UPI,1.06,136.99,19.38,2654.87,764.33,304.1,42.01,1544.43,40.2,4.3,Completed
SES-001483,2024-08-04,18,EV-082,Hyderabad,Telangana,Own,DC Ultra-Fast,CHAdeMO,Private,Wallet,2.96,180.0,17.97,3234.6,1103.76,113.2,31.91,1985.73,37.7,3.8,Completed
SES-002156,2025-10-21,4,EV-030,Chennai,Tamil Nadu,Franchise,AC Level 2,CCS2,Private,UPI,1.49,26.52,11.26,298.62,220.96,143.91,43.08,-109.33,25.7,3.7,Completed
SES-003364,2025-04-15,23,EV-019,Jaipur,Rajasthan,Own,DC Ultra-Fast,Type 2,Fleet,UPI,1.25,143.07,15.03,2150.34,900.55,229.88,68.17,951.74,31.9,4.0,Completed
SES-002843,2024-11-05,23,EV-069,Hyderabad,Telangana,Partner,DC Fast,Type 2,Private,Card,0.3,9.46,14.37,135.94,54.88,137.27,72.09,-128.3,7.1,3.1,Completed
SES-000589,2024-07-14,4,EV-039,Chennai,Tamil Nadu,Partner,DC Ultra-Fast,CCS2,Taxi/Ride-share,UPI,0.15,17.6,16.24,285.82,108.93,175.67,67.07,-65.85,26.7,4.1,Completed
SES-001522,2025-01-16,16,EV-029,Delhi,Delhi,Own,AC Level 2,CCS2,Private,Corporate Account,0.9,12.14,8.89,107.92,62.08,66.54,55.34,-76.04,9.3,3.6,Failed
SES-002389,2024-02-27,22,EV-063,Gurugram,Haryana,Own,AC Level 2,CHAdeMO,Taxi/Ride-share,Corporate Account,1.25,18.53,10.13,187.71,151.19,27.51,64.46,-55.45,45.1,4.9,Completed
SES-000539,2025-06-08,10,EV-054,Gurugram,Haryana,Partner,AC Level 2,CCS2,Taxi/Ride-share,Card,0.36,5.16,11.58,59.75,27.04,60.36,56.18,-83.83,15.2,3.6,Completed
SES-004035,2025-05-04,11,EV-016,Pune,Maharashtra,Franchise,DC Ultra-Fast,CCS2,Corporate,UPI,0.62,70.25,19.86,1395.16,441.07,314.65,73.42,566.02,6.4,3.9,Cancelled
SES-002901,2024-11-29,4,EV-053,Bengaluru,Karnataka,Partner,AC Level 2,CCS2,Taxi/Ride-share,Card,1.22,22.6,10.45,236.17,134.79,207.24,64.49,-170.35,45.9,4.2,Completed
SES-001441,2025-01-25,10,EV-040,Jaipur,Rajasthan,Own,AC Level 2,CCS2,Private,Wallet,0.44,5.46,9.36,51.11,44.08,173.46,41.53,-207.96,11.6,4.3,Completed
SES-003397,2025-04-15,16,EV-011,Mumbai,Maharashtra,Franchise,AC Level 2,CCS2,Private,Card,0.94,14.56,8.01,116.63,75.8,114.49,29.31,-102.97,13.2,4.9,Completed
SES-001294,2025-08-23,18,EV-044,Lucknow,Uttar Pradesh,Own,DC Fast,CCS2,Private,UPI,0.79,38.68,14.75,570.53,258.08,204.96,22.55,84.94,24.1,3.8,Completed
SES-000016,2025-11-22,12,EV-036,Pune,Maharashtra,Own,DC Ultra-Fast,Type 2,Private,UPI,1.35,129.32,18.15,2347.16,933.85,311.68,14.44,1087.19,25.4,3.9,Completed
SES-001005,2025-08-22,21,EV-090,Pune,Maharashtra,Own,AC Level 2,Type 2,Private,Card,1.93,38.17,10.53,401.93,312.17,142.59,38.41,-91.24,36.8,4.2,Completed
SES-002829,2024-04-15,18,EV-058,Hyderabad,Telangana,Franchise,DC Ultra-Fast,Type 2,Private,Corporate Account,0.59,58.85,14.61,859.8,461.86,47.17,37.29,313.48,8.2,2.9,Completed
SES-002561,2025-10-07,19,EV-046,Jaipur,Rajasthan,Own,AC Level 2,CCS2,Private,Corporate Account,0.88,10.02,10.4,104.21,80.36,87.54,57.92,-121.61,30.8,3.6,Completed
SES-001072,2024-09-14,6,EV-036,Delhi,Delhi,Partner,AC Level 2,CCS2,Taxi/Ride-share,UPI,1.99,27.58,10.21,281.59,157.69,182.45,33.0,-91.55,32.8,4.6,Completed
SES-002493,2025-05-27,23,EV-095,Bengaluru,Karnataka,Own,AC Level 2,CCS2,Private,Wallet,2.17,39.77,10.63,422.76,335.94,152.19,71.86,-137.23,52.3,3.9,Cancelled
SES-002318,2024-07-31,12,EV-059,Jaipur,Rajasthan,Own,DC Fast,CCS2,Fleet,Card,0.23,8.99,11.57,104.01,48.28,52.16,17.93,-14.36,15.8,4.3,Completed
SES-002033,2024-09-11,18,EV-096,Jaipur,Rajasthan,Own,DC Fast,CCS2,Fleet,Corporate Account,2.03,100.56,11.31,1137.33,841.46,201.46,76.79,17.62,61.7,3.6,Completed
SES-002486,2024-11-08,13,EV-097,Gurugram,Haryana,Franchise,AC Level 2,CCS2,Taxi/Ride-share,Card,0.89,11.98,8.15,97.64,101.67,30.94,55.39,-90.36,42.4,3.5,Completed
SES-001326,2024-02-19,0,EV-023,Pune,Maharashtra,Franchise,DC Ultra-Fast,CHAdeMO,Private,UPI,0.33,37.69,19.25,725.53,241.33,56.54,66.89,360.77,38.5,2.6,Completed
SES-003786,2024-08-16,8,EV-039,Chennai,Tamil Nadu,Franchise,DC Fast,Type 2,Private,UPI,1.71,92.96,11.79,1096.0,772.11,74.18,22.11,227.6,45.9,4.5,Failed
SES-003747,2024-03-15,19,EV-038,Lucknow,Uttar Pradesh,Own,DC Ultra-Fast,CCS2,Private,UPI,1.09,122.19,19.13,2337.49,704.25,121.71,68.26,1443.27,21.4,3.1,Completed
SES-004187,2024-10-06,17,EV-082,Bengaluru,Karnataka,Partner,AC Level 2,Type 2,Private,Card,1.7,34.21,11.59,396.49,261.6,92.69,34.46,7.74,20.1,3.8,Completed
SES-001455,2025-01-28,5,EV-045,Bengaluru,Karnataka,Franchise,AC Level 2,Type 2,Private,UPI,0.89,12.06,10.12,122.05,72.66,132.77,24.45,-107.83,35.3,4.5,Completed
SES-001548,2025-11-27,4,EV-049,Lucknow,Uttar Pradesh,Own,DC Fast,Type 2,Taxi/Ride-share,UPI,0.47,17.47,13.25,231.48,100.69,173.97,59.65,-102.83,36.4,3.7,Completed
SES-002485,2025-05-29,19,EV-011,Hyderabad,Telangana,Own,DC Ultra-Fast,CCS2,Private,Card,1.35,180.0,14.19,2554.2,1349.16,257.71,57.39,889.94,38.7,3.5,Completed
SES-002480,2024-08-08,23,EV-039,Ahmedabad,Gujarat,Partner,DC Fast,Type 2,Fleet,Corporate Account,0.7,37.31,15.1,563.38,187.12,155.67,17.38,203.21,45.4,4.7,Completed
SES-004091,2025-10-08,12,EV-043,Delhi,Delhi,Own,DC Fast,CCS2,Fleet,Card,0.78,35.12,11.47,402.83,230.96,24.44,41.64,105.79,22.7,4.0,Completed
SES-002483,2025-12-07,13,EV-064,Pune,Maharashtra,Own,DC Ultra-Fast,CCS2,Private,UPI,1.19,105.97,14.97,1586.37,803.85,114.73,14.33,653.46,34.6,5.0,Completed
SES-004797,2025-01-25,15,EV-089,Pune,Maharashtra,Partner,DC Fast,CCS2,Taxi/Ride-share,Corporate Account,1.81,72.49,14.5,1051.1,454.89,135.51,16.69,444.01,56.8,3.8,Completed
SES-001613,2024-07-16,14,EV-069,Delhi,Delhi,Own,AC Level 2,Type 2,Taxi/Ride-share,Card,2.28,41.01,11.77,482.69,267.06,153.91,8.28,53.44,54.2,4.4,Completed
SES-002377,2025-05-24,1,EV-071,Pune,Maharashtra,Own,DC Fast,Type 2,Private,UPI,1.0,44.98,14.34,645.01,274.19,189.83,59.75,121.24,31.5,3.8,Cancelled
SES-002524,2025-11-28,14,EV-010,Jaipur,Rajasthan,Franchise,AC Level 2,CCS2,Taxi/Ride-share,Wallet,3.19,52.72,8.03,423.34,295.31,171.01,44.39,-87.37,54.0,4.2,Completed
SES-002662,2025-04-23,9,EV-064,Lucknow,Uttar Pradesh,Partner,AC Level 2,CCS2,Private,UPI,0.93,13.43,11.87,159.41,108.76,54.45,52.48,-56.28,21.6,4.5,Completed
SES-002489,2025-10-21,16,EV-027,Delhi,Delhi,Franchise,AC Level 2,CCS2,Taxi/Ride-share,UPI,0.32,6.56,11.12,72.95,42.19,214.62,41.95,-225.81,28.1,4.7,Completed
SES-002856,2024-09-20,20,EV-030,Jaipur,Rajasthan,Franchise,AC Level 2,Type 2,Taxi/Ride-share,UPI,1.59,23.94,8.2,196.31,147.73,27.5,43.18,-22.1,44.9,4.2,Completed
SES-003372,2025-10-31,6,EV-026,Jaipur,Rajasthan,Partner,DC Fast,Type 2,Taxi/Ride-share,UPI,0.79,21.57,15.41,332.39,182.56,206.58,65.02,-121.77,30.6,3.4,Completed
SES-001121,2025-01-16,13,EV-058,Lucknow,Uttar Pradesh,Own,DC Fast,CHAdeMO,Corporate,Wallet,0.3,16.0,14.53,232.48,111.07,163.21,73.57,-115.37,29.0,3.8,Completed
SES-003909,2024-04-03,8,EV-055,Pune,Maharashtra,Franchise,DC Fast,Type 2,Fleet,Card,0.15,7.51,15.18,114.0,44.52,50.53,72.31,-53.36,9.8,5.0,Completed
SES-003613,2025-05-03,7,EV-062,Gurugram,Haryana,Franchise,AC Level 2,Type 2,Fleet,Card,0.87,11.45,9.65,110.49,62.44,181.73,72.39,-206.07,23.2,4.7,Completed
SES-001701,2024-11-10,16,EV-086,Mumbai,Maharashtra,Partner,DC Fast,CCS2,Private,UPI,0.24,10.54,15.87,167.27,79.45,192.85,30.86,-135.89,25.8,3.2,Completed
SES-002786,2025-02-07,2,EV-012,Pune,Maharashtra,Own,DC Ultra-Fast,CCS2,Private,UPI,1.44,160.78,15.77,2535.5,1095.7,165.18,21.18,1253.44,39.1,5.0,Completed
SES-001156,2025-04-17,3,EV-065,Ahmedabad,Gujarat,Own,AC Level 2,CCS2,Fleet,Card,0.19,2.17,9.75,21.16,14.75,150.45,76.71,-220.75,24.6,3.8,Completed
SES-000953,2024-07-09,6,EV-089,Jaipur,Rajasthan,Franchise,AC Level 2,Type 2,Private,UPI,0.26,5.29,8.6,45.49,40.5,188.52,75.71,-259.24,9.2,5.0,Completed
SES-004952,2024-11-17,21,EV-052,Gurugram,Haryana,Partner,AC Level 2,CHAdeMO,Private,Corporate Account,1.44,18.57,8.69,161.37,97.43,86.77,61.43,-84.26,23.7,4.2,Completed
SES-003149,2024-10-18,7,EV-052,Gurugram,Haryana,Franchise,AC Level 2,CCS2,Taxi/Ride-share,UPI,0.97,18.87,9.22,173.98,143.51,66.57,18.91,-55.01,42.5,4.0,Completed
SES-001118,2025-06-20,1,EV-043,Ahmedabad,Gujarat,Own,DC Fast,Type 2,Private,Wallet,1.44,56.5,14.0,791.0,348.96,182.0,40.14,219.9,40.6,3.7,Completed
SES-000955,2025-05-05,16,EV-035,Hyderabad,Telangana,Own,AC Level 2,Type 2,Taxi/Ride-share,UPI,1.96,27.32,8.3,226.76,187.28,126.09,19.25,-105.86,25.4,3.4,Completed
SES-002171,2024-08-26,2,EV-012,Bengaluru,Karnataka,Own,AC Level 2,CHAdeMO,Private,UPI,1.91,20.32,11.5,233.68,169.06,112.13,20.4,-67.91,51.8,5.0,Completed
SES-000369,2025-01-19,18,EV-046,Pune,Maharashtra,Own,AC Level 2,CHAdeMO,Fleet,Corporate Account,0.68,13.65,9.34,127.49,99.29,46.02,6.98,-24.8,40.3,2.6,Completed
SES-002558,2024-03-04,8,EV-090,Pune,Maharashtra,Franchise,DC Fast,Type 2,Private,UPI,0.38,18.85,15.06,283.88,159.56,156.7,29.11,-61.49,38.7,4.1,Completed
SES-001173,2024-09-22,8,EV-062,Delhi,Delhi,Partner,DC Fast,CCS2,Private,UPI,0.19,10.03,15.15,151.95,73.06,197.27,38.74,-157.12,44.5,4.5,Completed
SES-004504,2025-04-28,10,EV-042,Mumbai,Maharashtra,Partner,DC Fast,Type 2,Private,UPI,0.87,30.83,11.41,351.77,253.53,133.13,22.99,-57.88,36.8,4.4,Completed
SES-002194,2024-06-12,1,EV-065,Bengaluru,Karnataka,Own,AC Level 2,Type 2,Taxi/Ride-share,UPI,0.34,4.14,9.11,37.72,25.8,69.41,55.93,-113.42,36.8,3.2,Completed
SES-003974,2025-10-14,18,EV-029,Gurugram,Haryana,Own,AC Level 2,CCS2,Private,UPI,1.28,15.6,8.14,126.98,95.56,91.52,64.38,-124.48,18.3,5.0,Completed
SES-000342,2024-09-14,4,EV-026,Lucknow,Uttar Pradesh,Franchise,AC Level 2,Type 2,Private,UPI,0.67,9.81,8.66,84.95,52.96,156.31,76.19,-200.51,30.9,4.4,Failed
SES-001377,2024-02-26,15,EV-010,Pune,Maharashtra,Own,DC Ultra-Fast,CCS2,Private,Card,0.33,22.42,15.51,347.73,181.83,242.34,35.48,-111.92,10.6,4.1,Completed
SES-004914,2024-08-25,14,EV-023,Chennai,Tamil Nadu,Franchise,AC Level 2,CCS2,Private,Card,0.85,12.27,10.41,127.73,73.3,139.08,76.38,-161.03,34.0,4.3,Completed
SES-004837,2025-05-10,2,EV-002,Ahmedabad,Gujarat,Own,DC Ultra-Fast,CCS2,Private,UPI,2.22,180.0,14.26,2566.8,1131.1,183.27,46.6,1205.83,37.2,2.3,Completed
SES-000416,2025-06-26,5,EV-036,Pune,Maharashtra,Franchise,AC Level 2,CCS2,Corporate,Card,0.62,8.54,11.91,101.71,59.82,72.08,14.34,-44.53,44.7,4.7,Completed
SES-002929,2024-01-25,22,EV-020,Bengaluru,Karnataka,Own,AC Level 2,CCS2,Fleet, Corporate Account ,1.92,27.7,11.79,326.58,227.54,183.54,50.54,-135.04,31.3,3.8,Completed
SES-003449,2024-02-20,2,EV-029,Chennai,Tamil Nadu,Partner,DC Fast,CCS2,Private,UPI,4.5,180.0,11.11,1999.8,1110.54,200.12,49.82,639.32,63.6,4.4,Completed
SES-000945,2024-03-20,7,EV-059,Bengaluru,Karnataka,Partner,DC Fast,CHAdeMO,Taxi/Ride-share,Card,0.4,11.9,15.1,179.69,94.57,145.53,50.67,-111.08,33.3,4.4,Completed
SES-002240,2025-06-23,12,EV-076,Pune,Maharashtra,Franchise,AC Level 2,CCS2,Private,Wallet,2.42,30.81,10.39,320.12,247.32,147.7,79.72,-154.62,31.9,4.2,Failed
SES-001981,2025-07-07,1,EV-068,Bengaluru,Karnataka,Own,AC Level 2,CCS2,Taxi/Ride-share,UPI,0.29,3.66,10.87,39.78,19.18,213.07,50.3,-242.77,13.9,4.8,Cancelled
SES-003263,2024-09-01,22,EV-054,ahmedabad,Gujarat,Partner,AC Level 2,CCS2,Private,Corporate Account,2.68,43.83,11.4,499.66,246.76,185.66,22.85,44.39,30.4,4.3,Completed
SES-002732,2024-11-25,6,EV-051,Pune,Maharashtra,Franchise,DC Ultra-Fast,CCS2,Private,Card,3.78,180.0,15.93,2867.4,963.25,285.4,50.15,1568.6,41.5,3.5,Completed
SES-002961,2025-05-01,10,EV-072,Jaipur,Rajasthan,Own,DC Fast,CHAdeMO,Corporate,Card,0.26,9.24,13.83,127.79,73.37,109.77,79.21,-134.56,8.6,4.1,Completed
SES-004034,2025-10-31,15,EV-046,Hyderabad,Telangana,Own,AC Level 2,CCS2,Taxi/Ride-share,UPI,0.45,8.4,11.84,99.46,68.5,87.09,53.33,-109.46,20.2,3.2,Completed
SES-001958,2025-08-24,10,EV-073,Gurugram,Haryana,Franchise,DC Fast,CCS2,Corporate,Card,0.15,7.77,11.8,91.69,38.95,180.82,75.33,-203.41,26.2,4.3,Completed
SES-001894,2024-08-10,12,EV-074,Gurugram,Haryana,Franchise,DC Ultra-Fast,CCS2,Private,Card,0.69,70.86,18.74,1327.92,411.49,252.85,28.97,634.61,28.6,4.6,Completed
SES-000524,2024-08-31,1,EV-074,Pune,Maharashtra,Own,DC Ultra-Fast,CCS2,Fleet,UPI,0.77,106.87,14.55,1554.96,908.35,58.78,7.92,579.91,47.5,4.5,Completed
SES-000092,2025-01-23,16,EV-039,Delhi,Delhi,Own,AC Level 2,CCS2,Fleet,UPI,0.71,13.36,10.64,142.15,82.85,73.77,76.78,-91.25,42.5,4.4,Completed
SES-003956,2024-12-13,14,EV-037,Delhi,Delhi,Own,AC Level 2,CCS2,Private,Card,0.71,14.33,9.69,138.86,118.67,209.95,37.19,-226.95,53.7,4.7,Completed
SES-001567,2025-06-24,18,EV-077,Ahmedabad,Gujarat,Own,AC Level 2,Type 2,Taxi/Ride-share,UPI,0.75,10.18,9.71,98.85,72.34,111.14,14.19,-98.82,31.9,3.8,Completed
SES-000443,2024-06-06,4,EV-074,Delhi,Delhi,Own,AC Level 2,Type 2,Private,UPI,1.58,26.7,11.1,296.37,147.92,27.94,15.32,105.19,41.8,5.0,Completed
SES-004691,2024-05-09,12,EV-052,Lucknow,Uttar Pradesh,Own,DC Ultra-Fast,Type 2,Corporate,UPI,0.82,71.09,18.12,1288.15,543.15,171.61,60.88,512.51,33.9,4.8,Completed
SES-001550,2025-04-14,7,EV-090,Bengaluru,Karnataka,Franchise,DC Ultra-Fast,CCS2,Fleet,UPI,0.5,47.1,17.99,847.33,275.61,184.24,38.78,348.7,32.4,3.7,Completed
SES-001821,2025-12-02,2,EV-060,Ahmedabad,Gujarat,Franchise,AC Level 2,CCS2,Taxi/Ride-share,UPI,1.11,20.26,11.88,240.69,128.88,100.93,37.55,-26.67,49.0,3.5,Completed
SES-001462,2025-04-05,12,EV-095,Jaipur,Rajasthan,Franchise,DC Fast,CCS2,Taxi/Ride-share,upi,0.27,11.56,11.87,137.22,80.21,203.11,28.5,-174.6,10.7,4.7,Completed
SES-003177,2024-07-26,18,EV-005,Pune,Maharashtra,Franchise,AC Level 2,CCS2,Taxi/Ride-share,Corporate Account,0.36,5.57,11.09,61.77,41.57,125.66,77.52,-182.98,12.7,3.2,Completed
SES-003093,2025-06-03,15,EV-025,Gurugram,Haryana,Franchise,DC Ultra-Fast,CCS2,Private,UPI,0.54,59.13,17.31,1023.54,306.64,145.19,12.69,559.02,30.8,4.4,Completed
SES-002996,2024-12-10,15,EV-092,Pune,Maharashtra,Own,DC Fast,CCS2,Fleet,Corporate Account,0.25,11.45,14.66,167.86,61.92,149.58,68.07,-111.71,12.4,4.9,Completed
SES-003189,2024-05-26,5,EV-088,Jaipur,Rajasthan,Own,DC Fast,CCS2,Taxi/Ride-share,Card,0.78,22.1,14.89,329.07,179.33,175.57,60.53,-86.36,22.4,3.3,Completed
SES-000315,2025-07-29,2,EV-069,Chennai,Tamil Nadu,Own,DC Ultra-Fast,CCS2,Private,UPI,1.59,157.19,14.17,2227.38,875.76,84.58,69.64,1197.4,34.6,3.9,Completed
SES-003319,2024-07-23,11,EV-079,Pune,Maharashtra,Partner,DC Fast,Type 2,Private,UPI,3.53,133.2,13.32,1774.22,703.28,156.15,70.05,844.74,50.1,5.0,Completed
SES-000806,2024-01-24,7,EV-006,Delhi,Delhi,Franchise,DC Fast,Type 2,Private,Card,0.46,16.26,15.97,259.67,133.68,158.22,17.72,-49.95,34.0,5.0,Completed
SES-003466,2024-01-20,19,EV-024,Mumbai,Maharashtra,Own,AC Level 2,Type 2,Taxi/Ride-share,UPI,1.1,20.89,10.51,219.55,130.37,20.68,75.47,-6.97,18.6,4.5,Completed
SES-004638,2024-07-14,11,EV-096,Mumbai,Maharashtra,Franchise,DC Fast,Type 2,Private,UPI,1.3,48.88,14.76,721.47,384.04,98.17,21.39,217.87,49.2,4.1,Completed
SES-001784,2024-05-02,3,EV-054,Pune,Maharashtra,Own,AC Level 2,CCS2,Private,Wallet,2.44,41.69,10.01,417.32,248.76,96.55,12.3,59.71,38.7,3.4,Completed
SES-002317,2025-05-11,13,EV-024,Hyderabad,Telangana,Own,AC Level 2,CCS2,Private,Corporate Account,1.05,19.61,11.03,216.3,104.88,58.41,59.83,-6.82,27.4,3.9,Completed
SES-003040,2024-09-21,12,EV-082,Bengaluru,Karnataka,Own,DC Ultra-Fast,CCS2,Private,Card,3.95,180.0,15.78,2840.4,930.2,180.55,53.94,1675.71,45.5,3.0,Completed
SES-002009,2024-12-25,20,EV-079,Hyderabad,Telangana,Own,AC Level 2,CCS2,Private,Wallet,1.56,16.77,10.0,167.7,97.36,147.18,46.92,-123.76,37.9,4.4,Completed
SES-002605,2024-07-30,10,EV-077,Pune,Maharashtra,Own,AC Level 2,Type 2,Corporate,UPI,0.19,2.68,10.14,27.18,15.59,204.1,72.75,-265.26,23.1,3.4,Completed
SES-002024,2024-03-30,23,EV-044,Lucknow,Uttar Pradesh,Partner,AC Level 2,CCS2,Corporate,Card,0.53,8.67,11.31,98.06,46.49,216.15,73.24,-237.82,21.6,4.4,Completed
SES-003933,2025-07-06,9,EV-080,Chennai,Tamil Nadu,Own,DC Fast,Type 2,Fleet,Card,0.43,17.47,15.89,277.6,135.9,215.35,45.56,-119.21,2.0,3.5,Completed
SES-003289,2024-04-19,23,EV-012,Lucknow,Uttar Pradesh,Own,AC Level 2,Type 2,Corporate,Card,1.03,18.85,10.5,197.92,94.45,211.63,50.92,-159.08,41.8,4.1,Completed
SES-003273,2024-10-16,23,EV-074,Mumbai,Maharashtra,Franchise,DC Fast,Type 2,Private,Corporate Account,0.9,25.52,11.95,304.96,148.3,183.3,13.51,-40.15,38.2,3.6,Completed
SES-002070,2025-11-08,20,EV-078,Jaipur,Rajasthan,Partner,AC Level 2,CCS2,Taxi/Ride-share,Corporate Account,0.62,12.84,8.57,110.04,99.96,134.37,79.18,-203.47,21.7,3.8,Completed
SES-003927,2024-08-24,13,EV-057,Gurugram,Haryana,Franchise,AC Level 2,CCS2,Fleet,Card,2.32,40.16,8.7,349.39,245.46,72.6,67.34,-36.01,53.7,5.0,Completed
SES-002228,2024-06-06,1,EV-035,Pune,Maharashtra,Own,DC Fast,Type 2,Fleet,UPI,2.11,68.99,13.82,953.44,423.72,111.27,31.24,387.21,42.3,3.4,Completed
SES-000314,2024-05-14,7,EV-035,Gurugram,Haryana,Own,DC Ultra-Fast,Type 2,Taxi/Ride-share,UPI,1.9,180.0,14.35,2583.0,1437.6,267.63,70.53,807.24,51.1,4.3,Completed
SES-003303,2025-09-21,12,EV-066,Pune,Maharashtra,Own,AC Level 2,CCS2,Taxi/Ride-share,UPI,0.4,8.13,11.48,93.33,59.52,147.95,61.69,-175.83,61.2,4.5,Completed
SES-002953,2025-07-01,2,EV-083,Mumbai,Maharashtra,Own,DC Fast,Type 2,Fleet,UPI,0.84,33.16,14.44,478.83,229.5,128.76,26.95,93.62,39.9,3.5,Completed
SES-002882,2025-05-05,15,EV-077,Ahmedabad,Gujarat,Own,AC Level 2,CCS2,Corporate,UPI,1.29,21.97,11.1,243.87,122.93,201.34,40.18,-120.58,48.1,4.5,Completed
SES-003183,2024-05-03,16,EV-054,Chennai,Tamil Nadu,Own,DC Fast,CCS2,Private,Card,1.23,55.26,14.63,808.45,372.52,146.3,22.59,267.04,36.7,4.6,Completed
SES-000623,2024-12-16,5,EV-078,Delhi,Delhi,Franchise,DC Ultra-Fast,CCS2,Fleet,Card,0.8,60.91,18.49,1126.23,455.11,260.49,46.41,364.22,31.4,3.8,Completed
SES-004964,2025-09-24,5,EV-097,Chennai,Tamil Nadu,Franchise,DC Fast,CCS2,Private,UPI,1.03,52.07,12.77,664.93,327.45,139.16,71.73,126.59,35.5,4.7,Completed
SES-001292,2025-09-19,22,EV-023,Lucknow,Uttar Pradesh,Own,AC Level 2,CCS2,Corporate,Card,0.33,5.06,11.51,58.24,40.04,29.49,41.75,-53.04,26.9,3.6,Completed
SES-004326,2024-01-09,1,EV-091,Bengaluru,Karnataka,Franchise,DC Fast,CCS2,Private,Card,1.15,64.55,11.96,772.02,494.22,104.32,64.19,109.29,40.7,4.7,Completed
SES-001219,2025-08-18,3,EV-070,Pune,Maharashtra,Own,DC Fast,CCS2,Taxi/Ride-share,UPI,0.47,15.8,14.56,230.05,81.4,92.17,12.2,44.28,17.7,3.8,Cancelled
SES-004496,2024-11-15,1,EV-071,Pune,Maharashtra,Own,AC Level 2,CHAdeMO,Fleet,Card,1.48,25.99,9.44,245.35,144.34,210.68,24.17,-133.84,40.4,4.1,Completed
SES-002553,2024-03-12,19,EV-021, Mumbai ,Maharashtra,Own,DC Fast,CCS2,Private,Wallet,0.61,26.96,13.89,374.47,187.96,164.65,74.96,-53.1,25.0,3.8,Completed
SES-002850,2025-03-30,18,EV-030,Hyderabad,Telangana,Own,AC Level 2,CCS2,Private,Corporate Account,0.5,9.19,9.97,91.62,64.41,194.06,8.25,-175.1,17.5,2.7,Completed
SES-004002,2025-12-30,1,EV-082,Pune,Maharashtra,Franchise,AC Level 2,CHAdeMO,Private,Card,1.03,17.16,11.65,199.91,102.84,180.46,63.28,-146.67,29.4,4.3,Completed
SES-003092,2024-01-27,14,EV-078,Bengaluru,Karnataka,Own,DC Ultra-Fast,CCS2,Fleet,UPI,0.81,71.31,18.41,1312.82,533.38,177.12,76.04,526.28,41.9,4.5,Completed
SES-001060,2025-03-17,22,EV-017,Jaipur,Rajasthan,Own,AC Level 2,CCS2,Taxi/Ride-share,UPI,0.31,5.28,9.57,50.53,34.77,182.57,42.47,-209.28,30.5,3.2,Completed
SES-003206,2024-01-31,8,EV-087,Pune,Maharashtra,Own,AC Level 2,CHAdeMO,Private,card,2.02,23.77,11.58,275.26,159.66,146.18,59.77,-90.35,40.1,3.9,Completed
SES-000726,2024-02-08,20,EV-028,Hyderabad,Telangana,Franchise,AC Level 2,CCS2,Fleet,Corporate Account,0.46,8.83,11.93,105.34,68.86,42.13,20.86,-26.51,10.7,4.3,Completed
SES-001899,2025-02-17,9,EV-005,Hyderabad,Telangana,Partner,AC Level 2,CHAdeMO,Private,Wallet,0.98,15.82,9.08,143.65,95.19,60.31,30.63,-42.48,30.3,3.3,Completed
SES-003584,2025-02-19,5,EV-098,Delhi,Delhi,Own,DC Fast,CCS2,Private,Corporate Account,1.51,44.09,11.86,522.91,304.4,101.62,15.53,101.36,34.3,4.1,Completed
SES-001260,2024-04-20,19,EV-056,Delhi,Delhi,Own,DC Fast,CCS2,Fleet,UPI,0.98,33.01,11.83,390.51,259.52,144.64,23.56,-37.21,34.6,3.6,Completed
SES-003701,2024-08-27,15,EV-007,Lucknow,Uttar Pradesh,Own,DC Fast,CCS2,Corporate,UPI,1.52,54.98,11.17,614.13,394.43,29.12,53.96,136.62,19.7,3.4,Completed
SES-002744,2025-12-20,16,EV-080,Pune,Maharashtra,Franchise,AC Level 2,CCS2,Private,Card,0.27,2.77,9.61,26.62,16.83,27.27,69.65,-87.13,22.3,4.3,Completed
SES-003311,2025-09-07,23,EV-070,Hyderabad,Telangana,Franchise,DC Fast,CCS2,Private,Card,1.1,48.6,12.78,,272.08,113.26,43.61,192.16,42.5,3.4,Completed
SES-003532,2024-04-12,17,EV-067,Chennai,Tamil Nadu,Own,DC Fast,CCS2,Private,UPI,0.42,16.05,15.32,245.89,131.78,97.36,58.79,-42.04,32.8,4.4,Completed
SES-001505,2025-11-01,11,EV-007,Mumbai,Maharashtra,Own,AC Level 2,Type 2,Taxi/Ride-share,Card,1.45,18.67,9.39,175.31,153.9,74.29,43.99,-96.87,32.0,4.3,Completed
SES-000682,2024-03-03,19,EV-080,Jaipur,Rajasthan,Own,DC Fast,CCS2,Fleet,UPI,0.44,15.48,12.62,195.36,117.14,156.96,32.95,-111.69,18.7,4.4,Failed
SES-004175,2024-01-24,12,EV-083,Jaipur,Rajasthan,Own,DC Fast,CCS2,Fleet,Card,1.07,50.17,12.41,622.61,310.2,169.72,50.36,92.33,28.5,3.9,Completed
SES-003626,2024-12-24,11,EV-046,Gurugram,Haryana,Own,DC Fast,CHAdeMO,Fleet,UPI,0.35,16.03,13.17,211.12,103.85,36.74,47.06,23.47,22.7,4.3,Completed
SES-001869,2025-09-25,19,EV-092,Pune,Maharashtra,Own,AC Level 2,Type 2,Private,Corporate Account,1.6,23.49,10.28,241.48,158.84,145.29,54.44,-117.09,20.3,3.4,Completed
SES-000897,2024-11-11,13,EV-094,Lucknow,Uttar Pradesh,Partner,AC Level 2,CCS2,Taxi/Ride-share,UPI,0.34,3.53,11.92,42.08,23.63,203.86,47.88,-233.29,30.3,4.3,Completed
SES-004206,2025-11-21,11,EV-026,Ahmedabad,Gujarat,Franchise,AC Level 2,CCS2,Corporate,UPI,4.5,70.06,11.27,789.58,419.28,165.05,37.67,167.58,76.6,4.1,Completed
SES-004726,2025-10-07,4,EV-049,Chennai,Tamil Nadu,Own,,CCS2,Taxi/Ride-share,Card,2.0,79.35,11.54,915.7,603.94,36.56,44.93,230.27,53.6,4.7,Completed
SES-002500,2024-08-18,20,EV-065,Pune,Maharashtra,Franchise,AC Level 2,CCS2,Private,Wallet,0.42,4.4,8.8,38.72,35.47,200.76,48.49,-246.0,28.8,5.0,Completed
SES-003652,2025-08-10,21,EV-010,Bengaluru,Karnataka,Own,DC Fast,Type 2,Corporate,Wallet,0.88,34.16,12.06,411.97,280.73,144.17,68.3,-81.23,43.6,3.6,Completed
SES-004224,2025-03-13,11,EV-043,Pune,Maharashtra,Own,AC Level 2,Type 2,Private,Card,2.01,38.95,11.86,461.95,272.18,71.48,79.6,38.69,47.5,4.4,Completed
SES-001722,2025-06-21,21,EV-056,Ahmedabad,Gujarat,Own,DC Fast,CCS2,Taxi/Ride-share,UPI,1.64,87.09,11.76,1024.18,724.44,170.36,25.38,104.0,42.4,4.4,Completed
SES-004777,2024-03-03,18,EV-036,Lucknow,Uttar Pradesh,Own,DC Fast,Type 2,Private,Corporate Account,1.0,44.71,14.98,669.76,294.98,119.46,51.24,204.08,20.9,3.7,Completed
SES-000599,2025-01-07,14,EV-035,Delhi,Delhi,Own,AC Level 2,Type 2,Fleet,UPI,1.59,23.86,11.57,276.06,170.15,209.07,64.33,-167.49,17.7,4.5,Completed
SES-002760,2024-04-28,13,EV-060,Ahmedabad,Gujarat,Own,DC Ultra-Fast,Type 2,Private,UPI,2.29,180.0,15.51,2791.8,1109.68,63.97,35.5,1582.65,36.6,4.3,Completed
SES-003582,2024-09-21,23,EV-097,Lucknow,Uttar Pradesh,Own,AC Level 2,Type 2,Private,UPI,1.23,19.64,10.12,198.76,111.26,91.93,8.95,-13.38,36.0,3.7,Completed
SES-001913,2025-06-11,1,EV-076,Bengaluru,Karnataka,Own,DC Ultra-Fast,CCS2,Taxi/Ride-share,UPI,0.86,99.94,16.59,1658.0,507.29,206.11,55.77,888.83,39.5,3.5,Failed
SES-001824,2024-02-09,16,EV-015,Gurugram,Haryana,Own,AC Level 2,CCS2,Fleet,Wallet,0.41,4.87,9.54,46.46,41.13,177.11,23.67,-195.45,10.3,3.8,Completed
SES-003193,2025-07-21,4,EV-050,Bengaluru,Karnataka,Franchise,AC Level 2,CHAdeMO,Private,Wallet,1.53,16.37,10.03,164.19,84.46,184.7,69.05,-174.02,26.7,5.0,Completed
SES-002890,2025-04-27,1,EV-034,Lucknow,Uttar Pradesh,Own,DC Fast,CCS2,Private,UPI,2.44,71.11,15.96,1134.92,550.87,124.3,72.3,387.45,57.0,3.4,Completed
SES-001848,2024-12-13,9,EV-061,Lucknow,Uttar Pradesh,Partner,AC Level 2,CCS2,Corporate,UPI,0.72,14.87,8.6,127.88,101.22,86.89,18.97,-79.2,40.6,5.0,Completed
SES-004585,2025-11-11,13,EV-037,Delhi,Delhi,Own,DC Ultra-Fast,CHAdeMO,Private,Card,1.06,129.7,16.67,2162.1,1028.71,292.66,6.48,834.25,45.4,,Completed
SES-004280,2025-12-15,9,EV-086,Lucknow,Uttar Pradesh,Own,AC Level 2,CHAdeMO,Private,UPI,3.24,58.21,10.65,619.94,406.62,48.52,71.5,93.3,98.9,3.9,Completed
SES-001009,2025-07-28,9,EV-056,Gurugram,Haryana,Partner,AC Level 2,Type 2,Private,UPI,2.3,33.02,8.51,281.0,251.19,147.29,33.0,-150.48,57.7,5.0,Completed
SES-000940,2024-05-03,3,EV-084,Ahmedabad,Gujarat,Partner,DC Fast,CCS2,Corporate,Card,1.25,70.98,11.31,802.78,507.21,167.93,49.9,77.74,37.0,3.1,Completed
SES-000875,2024-11-09,0,EV-081,Delhi,Delhi,Partner,DC Fast,CHAdeMO,Taxi/Ride-share,Wallet,0.23,7.26,15.08,109.48,61.04,197.99,39.4,-188.95,36.0,4.3,Completed
SES-001794,2024-12-27,8,EV-005,Jaipur,Rajasthan,Franchise,AC Level 2,CHAdeMO,Corporate,Card,1.05,,8.79,125.7,107.61,141.8,68.89,-192.6,19.2,4.4,Cancelled
SES-003257,2024-10-25,4,EV-033,Pune,Maharashtra,Own,DC Ultra-Fast,CCS2,Private,Wallet,0.32,27.88,14.91,415.69,145.36,52.51,77.46,140.36,33.3,4.4,Completed
SES-001407,2024-09-30,15,EV-071,Delhi,Delhi,Franchise,AC Level 2,Type 2,Taxi/Ride-share,Wallet,2.92,41.22,10.97,452.18,261.51,66.69,69.67,54.31,83.3,3.9,Completed
SES-004027,2024-02-20,18,EV-084,Pune,Maharashtra,Own,DC Fast,Type 2,Private,Wallet,2.31,85.17,11.2,953.9,639.47,55.04,63.12,196.27,58.2,4.1,Completed
SES-004247,2025-12-18,3,EV-022,Bengaluru,Karnataka,Own,DC Fast,Type 2,Private,UPI,0.49,23.27,13.56,315.54,159.64,129.03,6.86,20.01,22.1,4.7,Completed
SES-002925,2025-05-24,3,EV-008,Lucknow,Uttar Pradesh,Franchise,AC Level 2,Type 2,Corporate,UPI,0.62,8.01,9.58,76.74,61.33,170.4,76.4,-231.39,39.5,4.2,Completed
SES-002160,2024-11-15,14,EV-029,Bengaluru,Karnataka,Own,AC Level 2,Type 2,Private,UPI,0.83,16.56,9.3,154.01,139.62,108.91,10.45,-104.97,45.1,4.0,Completed
SES-004125,2025-05-29,9,EV-052,Ahmedabad,Gujarat,Own,AC Level 2,CHAdeMO,Private,Card,1.37,15.59,9.13,142.34,104.22,81.67,43.91,-87.46,42.1,3.9,Completed
SES-003545,2025-05-03,9,EV-048,Gurugram,Haryana,Franchise,AC Level 2,Type 2,Private,Wallet,0.67,8.04,9.97,80.16,55.77,185.12,49.29,-210.02,19.9,4.4,Completed
SES-000854,2025-06-28,2,EV-021,Chennai,Tamil Nadu,Franchise,DC Fast,Type 2,Fleet,Corporate Account,2.43,128.78,14.89,1917.53,1084.37,149.59,44.5,639.07,66.5,4.2,Completed
SES-003863,2025-12-01,7,EV-059,Delhi,Delhi,Franchise,DC Fast,Type 2,Private,Card,1.01,44.93,12.62,567.02,315.13,215.44,37.06,-0.61,40.1,4.0,Completed
SES-002000,2024-12-28,19,EV-087,Bengaluru,Karnataka,Own,DC Fast,Type 2,Taxi/Ride-share,Corporate Account,0.7,23.89,14.16,338.28,196.59,174.25,43.58,-76.14,29.0,4.0,Completed
SES-000375,2025-08-10,8,EV-059,Ahmedabad,Gujarat,Own,DC Fast,CCS2,Private,UPI,1.56,62.07,13.91,863.39,429.36,116.43,30.06,287.54,59.0,4.6,Completed
SES-004429,2024-02-25,23,EV-054,Mumbai,Maharashtra,Own,AC Level 2,CCS2,Private,Wallet,0.62,12.73,9.28,118.13,85.2,184.39,78.55,-230.01,18.8,4.9,Completed
SES-001520,2025-01-20,16,EV-058,Hyderabad,Telangana,Own,AC Level 2,CCS2,Taxi/Ride-share,Wallet,1.41,25.87,10.66,275.77,157.16,55.65,36.14,26.82,22.5,3.9,Completed
SES-001535,2024-09-01,9,EV-033,Ahmedabad,Gujarat,Franchise,AC Level 2,CCS2,Private,UPI,0.65,9.03,9.53,86.06,72.13,186.15,65.29,-237.51,36.1,3.6,Completed
SES-001811,2025-01-28,22,EV-076,Mumbai,Maharashtra,Partner,AC Level 2,CHAdeMO,Private,UPI,1.14,18.18,10.88,197.8,109.0,120.05,23.53,-54.78,37.9,4.5,Completed
SES-001387,2025-11-22,20,EV-074,Hyderabad,Telangana,Franchise,AC Level 2,CCS2,Taxi/Ride-share,UPI,2.28,24.99,10.66,266.39,163.21,56.48,6.09,40.61,39.3,3.7,Completed
SES-002405,2025-03-26,13,EV-091,Delhi,Delhi,Own,AC Level 2,CCS2,Private,UPI,0.81,14.62,9.8,143.28,123.75,169.38,16.63,-166.48,32.3,3.6,Completed
SES-002137,2025-11-09,10,EV-047,Hyderabad,Telangana,Own,AC Level 2,Type 2,Private,UPI,0.37,6.66,11.56,76.99,54.62,72.76,9.75,-60.14,20.7,3.5,Completed
SES-002281,2024-08-30,21,EV-015,Hyderabad,Telangana,Own,AC Level 2,CCS2,Taxi/Ride-share,Card,0.48,9.59,8.62,82.67,48.99,45.63,40.75,-52.7,29.3,4.7,Completed
SES-003838,2024-04-05,21,EV-054,Ahmedabad,Gujarat,Own,DC Ultra-Fast,CHAdeMO,Taxi/Ride-share,Card,0.6,55.02,15.27,840.16,334.87,134.9,78.47,291.92,54.0,4.6,Completed
SES-002204,2025-03-19,1,EV-018,Chennai,Tamil Nadu,Partner,DC Ultra-Fast,CCS2,Taxi/Ride-share,Corporate Account,1.31,110.46,15.35,1695.56,691.4,43.2,20.02,940.94,29.6,4.1,Completed
SES-001179,2024-06-21,16,EV-013,Mumbai,Maharashtra,Own,DC Fast,Type 2,Private,UPI,0.21,8.37,12.63,105.71,46.77,30.96,43.42,-15.44,13.3,3.6,Completed
SES-000794,2025-03-30,21,EV-077,Bengaluru,Karnataka,Own,DC Fast,Type 2,Corporate,Wallet,0.63,17.19,15.98,274.7,126.8,46.44,57.15,44.31,30.5,4.1,Completed
SES-002991,2024-01-17,22,EV-088,Lucknow,Uttar Pradesh,Franchise,AC Level 2,CCS2,Fleet,Corporate Account,1.18,17.08,8.26,141.08,94.34,154.98,5.79,-114.03,29.1,4.9,Completed
SES-001493,2024-12-17,11,EV-076,Bengaluru,Karnataka,Partner,AC Level 2,CCS2,Fleet,Corporate Account,0.69,14.33,9.3,133.27,91.26,59.6,42.89,-60.48,37.6,3.7,Completed
SES-004951,2024-04-02,18,EV-095,Mumbai,Maharashtra,Franchise,DC Fast,Type 2,Fleet,UPI,1.22,69.39,12.65,877.78,560.29,27.88,17.11,272.5,46.5,4.5,Completed
SES-004910,2025-05-25,7,EV-076,Delhi,Delhi,Own,AC Level 2,CHAdeMO,Private,Wallet,0.54,11.07,11.91,131.84,58.36,143.66,73.12,-143.3,39.1,3.9,Completed
SES-003609,2024-05-16,22,EV-054,Gurugram,Haryana,Own,AC Level 2,CHAdeMO,Private,Card,0.79,16.39,10.69,175.21,114.86,170.72,28.82,-139.19,59.6,4.7,Completed
SES-003284,2025-11-16,1,EV-007,Mumbai,Maharashtra,Own,DC Fast,CCS2,Private,Corporate Account,0.35,10.3,15.01,154.6,85.88,195.2,36.45,-162.93,44.2,3.9,Completed
SES-001232,2024-02-16,22,EV-063,Delhi,Delhi,Franchise,DC Ultra-Fast,CHAdeMO,Fleet,Wallet,1.23,138.1,15.63,2158.5,768.25,205.07,20.29,1164.89,31.1,4.8,Completed
SES-001499,2024-05-10,21,EV-055,Mumbai,Maharashtra,Own,DC Fast,Type 2,Taxi/Ride-share,Wallet,1.42,54.06,11.64,629.26,282.15,30.63,79.55,236.93,50.2,4.7,Completed
SES-004078,2024-10-06,13,EV-057,Hyderabad,Telangana,Franchise,DC Ultra-Fast,CCS2,Fleet,UPI,2.52,180.0,17.98,3236.4,1100.65,296.53,52.25,1786.97,35.2,3.4,Completed
SES-002040,2025-09-22,23,EV-091,Chennai,Tamil Nadu,Own,DC Fast,Type 2,Taxi/Ride-share,UPI,0.86,36.89,15.59,575.12,228.87,124.76,49.84,171.65,25.9,4.4,Completed
SES-003026,2024-05-24,7,EV-025,Ahmedabad,Gujarat,Franchise,DC Fast,CCS2,Corporate,Wallet,0.46,20.19,11.8,238.24,102.23,141.08,5.1,-10.17,13.3,3.3,Completed
SES-001925,2024-11-28,12,EV-078,Hyderabad,Telangana,Own,DC Fast,CCS2,Private,Corporate Account,1.29,58.69,12.07,708.39,447.68,94.93,78.25,87.53,14.6,2.2,Completed
SES-001105,2024-07-04,17,EV-081,Bengaluru,Karnataka,Own,DC Fast,Type 2,Taxi/Ride-share,Card,0.96,34.32,13.27,455.43,248.09,60.83,41.05,105.46,35.2,3.9,Completed
SES-003547,2025-09-24,4,EV-025,Hyderabad,Telangana,Franchise,AC Level 2,CHAdeMO,Corporate,Wallet,0.53,5.43,11.53,62.61,44.41,78.67,67.84,-128.31,53.7,5.0,Completed
SES-001325,2024-04-27,15,EV-023,Bengaluru,Karnataka,Own,AC Level 2,Type 2,Corporate,Wallet,1.57,22.17,10.49,232.56,150.48,25.23,17.68,39.17,43.5,3.6,Cancelled
SES-004659,2025-02-08,2,EV-059,Hyderabad,Telangana,Own,DC Ultra-Fast,Type 2,Private,Corporate Account,2.35,180.0,18.61,3349.8,1112.94,134.02,73.56,2029.28,36.6,4.4,Completed
SES-002351,2024-01-11,9,EV-067,Jaipur,Rajasthan,Franchise,AC Level 2,CCS2,Private,Wallet,0.85,8.44,8.51,71.82,43.86,172.84,78.24,-223.12,64.7,4.5,Completed
SES-003725,2025-11-01,13,EV-020,Pune,Maharashtra,Own,DC Ultra-Fast,CCS2,Corporate,UPI,1.61,180.0,17.19,3094.2,1355.19,238.02,18.38,1482.61,27.0,3.7,Completed
SES-001030,2024-10-23,14,EV-001,Bengaluru,Karnataka,Partner,AC Level 2,CCS2,Private,UPI,3.43,37.38,9.59,358.47,261.58,30.28,56.63,9.98,66.9,3.4,Completed
SES-003515,2024-08-21,21,EV-092,Delhi,Delhi,Partner,AC Level 2,CHAdeMO,Private,UPI,2.33,39.57,10.13,400.84,285.46,185.68,14.89,-85.19,49.7,3.7,Completed
SES-001690,2025-07-29,9,EV-020,Pune,Maharashtra,Own,DC Fast,CCS2,Taxi/Ride-share,Card,0.84,45.69,13.71,626.41,285.04,210.28,21.43,109.66,59.5,3.7,Completed
SES-002118,2025-11-18,11,EV-055,Chennai,Tamil Nadu,Partner,DC Fast,CCS2,Private,UPI,0.58,31.36,14.84,465.38,169.15,126.72,26.7,142.81,53.7,3.9,Completed
SES-000581,2025-10-11,21,EV-069,Lucknow,Uttar Pradesh,Own,DC Fast,Type 2,Fleet,Card,0.55,29.47,11.38,335.37,194.11,149.84,56.46,-65.04,47.1,4.2,Completed
SES-002903,2024-09-07,9,EV-043,Bengaluru,Karnataka,Own,DC Fast,CCS2,Private,UPI,0.65,34.01,14.49,492.8,184.93,38.14,29.59,240.14,37.5,4.2,Completed
SES-004547,2024-06-07,20,EV-080,Hyderabad,Telangana,Own,DC Fast,CCS2,Taxi/Ride-share,Wallet,1.46,62.08,13.99,868.5,368.2,137.73,59.33,303.24,33.9,3.3,Completed
SES-004452,2025-08-20,12,EV-050,Pune,Maharashtra,Own,DC Fast,CCS2,Taxi/Ride-share,Card,0.36,13.69,14.75,201.93,88.69,65.89,68.94,-21.59,37.3,5.0,Completed
SES-000120,2024-03-07,4,EV-040,Lucknow,Uttar Pradesh,Own,DC Fast,CCS2,Private,Card,0.57,28.67,14.99,429.76,167.43,171.97,5.81,84.55,43.0,4.1,Completed
SES-001409,2024-04-23,9,EV-015,Bengaluru,Karnataka,Franchise,AC Level 2,Type 2,Fleet,UPI,0.84,9.49,9.26,87.88,68.02,156.16,55.8,-192.1,46.0,5.0,Completed
SES-003346,2025-10-09,14,EV-099,Pune,Maharashtra,Franchise,DC Ultra-Fast,Type 2,Fleet,UPI,0.67,93.1,17.86,1662.77,610.94,105.12,11.51,935.2,31.5,3.6,Completed
SES-002545,2024-02-16,9,EV-037,Gurugram,Haryana,Own,DC Fast,Type 2,Fleet,UPI,0.37,12.15,14.85,180.43,100.53,147.78,53.71,-121.59,17.0,4.8,Completed
SES-002316,2024-09-16,11,EV-004,Pune,Maharashtra,Own,DC Fast,CCS2,Taxi/Ride-share,Wallet,0.15,6.35,15.9,100.96,38.96,122.31,67.93,-128.24,21.3,3.5,Completed
SES-003562,2025-11-03,7,EV-033,Pune,Maharashtra,Own,DC Fast,CCS2,Private,Corporate Account,0.92,38.04,15.02,571.36,191.0,52.72,38.14,289.5,47.6,4.1,Completed
SES-002055,2024-12-14,3,EV-058,Lucknow,Uttar Pradesh,Own,AC Level 2,CHAdeMO,Fleet,UPI,0.46,8.97,8.32,74.63,70.97,29.44,21.52,-47.3,15.4,4.0,Completed
SES-003103,2025-01-26,20,EV-021,Delhi,Delhi,Own,AC Level 2,CCS2,Private,UPI,0.37,4.62,11.69,54.01,33.89,88.19,68.6,-136.67,21.4,3.1,Completed
SES-000808,2024-03-24,7,EV-038,Lucknow,Uttar Pradesh,Partner,DC Fast,CCS2,Fleet,UPI,1.88,92.41,11.81,1091.36,738.73,65.71,32.18,254.74,40.5,4.7,Completed
SES-001383,2024-06-28,8,EV-021,Mumbai,Maharashtra,Own,AC Level 2,CCS2,Private,UPI,2.03,27.63,8.71,240.66,171.0,164.37,20.94,-115.65,42.2,5.0,Completed
SES-000068,2024-05-01,16,EV-019,Jaipur,Rajasthan,Own,AC Level 2,CCS2,Private,Wallet,0.63,10.73,11.67,125.22,73.78,168.73,29.81,-147.1,17.2,4.3,Completed
SES-000860,2024-12-22,3,EV-010,Lucknow,Uttar Pradesh,Franchise,DC Ultra-Fast,CCS2,Fleet,UPI,0.96,98.67,16.12,1590.56,714.42,72.33,39.96,763.85,42.5,3.5,Completed
SES-003737,2025-07-16,1,EV-031,Jaipur,Rajasthan,Franchise,AC Level 2,CCS2,Private,Wallet,0.99,14.59,10.2,148.82,90.25,175.37,35.95,-152.75,47.6,5.0,Completed
SES-003823,2025-09-02,20,EV-054,Chennai,Tamil Nadu,Partner,DC Fast,CCS2,Private,Card,0.22,7.64,15.76,120.41,50.59,96.91,13.46,-40.55,28.7,4.1,Completed
SES-000113,2024-12-12,12,EV-071,Pune,Maharashtra,Own,DC Ultra-Fast,Type 2,Private,Card,0.84,87.1,14.28,1243.79,714.12,317.18,24.69,187.8,50.6,4.0,Completed
SES-002154,2025-06-04,19,EV-025,Hyderabad,Telangana,Own,AC Level 2,CCS2,Private,UPI,0.93,17.35,8.41,145.91,144.57,30.57,33.91,-63.14,59.9,4.3,Completed
SES-002453,2025-04-11,8,EV-091,Bengaluru,Karnataka,Partner,AC Level 2,Type 2,Private,Card,0.16,2.12,9.98,21.16,11.15,23.74,37.55,-51.28,33.7,4.2,Completed
SES-001503,2025-02-27,22,EV-052,Hyderabad,Telangana,Franchise,DC Fast,CHAdeMO,Taxi/Ride-share,Card,1.82,77.39,12.48,965.83,499.82,42.92,20.24,402.85,18.6,4.2,Completed
SES-004166,2024-09-14,3,EV-071,Lucknow,Uttar Pradesh,Franchise,DC Ultra-Fast,CCS2,Private,Wallet,0.34,35.12,18.89,663.42,211.14,303.73,66.58,81.97,12.8,3.9,Completed
SES-004351,2025-02-18,9,EV-048,Ahmedabad,Gujarat,Partner,AC Level 2,Type 2,Fleet,UPI,0.29,4.83,9.2,44.44,36.5,200.33,21.66,-214.05,14.2,3.6,Completed
SES-001582,2025-06-03,19,EV-078,Chennai,Tamil Nadu,Own,AC Level 2,Type 2,Fleet,Card,1.88,32.28,10.56,340.88,195.71,53.29,77.65,14.23,68.3,4.8,Completed
SES-004650,2025-09-10,5,EV-096,Pune,Maharashtra,Franchise,AC Level 2,Type 2,Private,UPI,0.31,6.35,10.65,67.63,53.78,125.46,51.48,-163.09,4.9,4.4,Completed
SES-003741,2024-04-01,18,EV-028,Ahmedabad,Gujarat,Own,DC Fast,CCS2,Taxi/Ride-share,Corporate Account,1.41,58.56,11.96,700.38,394.52,82.35,29.43,194.08,55.9,4.4,Completed
SES-004296,2024-03-21,1,EV-089,Bengaluru,Karnataka,Franchise,AC Level 2,CHAdeMO,Private,UPI,2.49,50.89,8.6,437.65,349.17,207.7,66.91,-186.13,49.2,4.3,Completed
SES-003857,2024-11-03,9,EV-010,Lucknow,Uttar Pradesh,Franchise,AC Level 2,Type 2,Taxi/Ride-share,UPI,2.81,47.1,9.08,427.67,376.5,123.63,27.62,-100.08,37.6,4.5,Completed
SES-004422,2024-04-17,19,EV-048,Bengaluru,Karnataka,Own,ac level 2,CCS2,Private,Card,1.4,20.02,9.76,195.4,119.54,120.75,33.58,-78.47,43.7,4.5,Completed
SES-003813,2025-05-18,22,EV-092,Delhi,Delhi,Own,AC Level 2,CCS2,Taxi/Ride-share,Wallet,0.55,8.16,9.32,76.05,43.78,86.24,48.25,-102.22,31.8,4.6,Cancelled
SES-002742,2025-02-06,19,EV-082,Chennai,Tamil Nadu,Own,AC Level 2,CCS2,Private,Wallet,0.77,14.31,9.01,128.93,86.46,218.26,47.69,-223.48,52.4,3.9,Completed
SES-002052,2024-01-28,5,EV-009,Gurugram,Haryana,Franchise,DC Fast,CCS2,Private,Card,0.64,30.18,14.49,437.31,184.95,189.17,24.28,38.91,26.7,4.1,Completed
SES-000180,2024-07-17,13,EV-027,Chennai,Tamil Nadu,Partner,DC Ultra-Fast,Type 2,Private,UPI,0.77,63.75,18.89,1204.24,382.0,299.05,49.53,473.66,14.0,3.2,Completed
SES-002092,2025-05-02,7,EV-025,Pune,Maharashtra,Franchise,DC Fast,CCS2,Private,Wallet,0.95,45.19,12.93,584.31,365.91,46.21,38.13,134.06,30.9,5.0,Completed
SES-002741,2024-05-09,22,EV-053,Ahmedabad,Gujarat,Franchise,AC Level 2,Type 2,Private,UPI,1.29,18.93,10.79,204.25,143.97,191.21,69.24,-200.17,31.2,4.4,Completed
SES-003016,2025-11-27,7,EV-050,Bengaluru,Karnataka,Own,AC Level 2,CCS2,Taxi/Ride-share,UPI,0.27,4.34,9.78,42.45,31.23,74.24,71.62,-134.64,41.8,4.1,Completed
SES-003699,2025-11-10,19,EV-064,Lucknow,Uttar Pradesh,Franchise,DC Ultra-Fast,CCS2,Private,Corporate Account,0.39,50.5,16.87,851.94,331.79,276.05,60.59,183.51,39.0,4.3,Completed
SES-000520,2024-06-18,3,EV-095,Lucknow,Uttar Pradesh,Franchise,DC Fast,CHAdeMO,Taxi/Ride-share,Card,1.2,66.68,14.35,956.86,404.82,104.13,35.12,412.79,42.9,4.5,Completed
SES-003405,2025-03-10,23,EV-028,Chennai,Tamil Nadu,Own,AC Level 2,CCS2,Private,Card,1.31,20.63,11.27,232.5,157.6,66.25,66.86,-58.21,50.9,4.6,Failed
SES-004629,2025-09-28,12,EV-010,Jaipur,Rajasthan,Own,DC Fast,CHAdeMO,Taxi/Ride-share,Card,0.96,37.72,12.19,459.81,286.22,132.18,44.07,-2.66,48.6,4.3,Completed
SES-003608,2024-07-17,22,EV-053,Ahmedabad,Gujarat,Own,DC Fast,CHAdeMO,Private,,0.71,30.21,11.76,355.27,162.64,90.61,30.35,71.67,32.7,3.8,Completed
SES-000782,2024-09-17,2,EV-048,Jaipur,Rajasthan,Partner,DC Ultra-Fast,CCS2,Private,UPI,0.72,86.0,14.15,1216.9,659.17,140.71,29.48,387.54,35.3,4.5,Completed
SES-001123,2025-09-08,1,EV-004,Bengaluru,Karnataka,Franchise,DC Ultra-Fast,CCS2,Taxi/Ride-share,Card,1.97,180.0,15.71,2827.8,1501.7,61.89,44.03,1220.18,29.1,4.5,Completed
SES-000203,2025-03-17,22,EV-036,Lucknow,Uttar Pradesh,Own,AC Level 2,Type 2,Private,Wallet,1.02,16.14,11.51,185.77,98.11,35.2,32.74,19.72,13.3,4.9,Completed
SES-001802,2025-10-18,16,EV-090,Ahmedabad,Gujarat,Own,DC Fast,CCS2,Private,UPI,1.21,67.89,11.28,765.8,406.97,62.66,29.04,267.13,36.3,3.8,Completed
SES-001597,2024-04-07,5,EV-071,Chennai,Tamil Nadu,Partner,DC Fast,CCS2,Taxi/Ride-share,Wallet,2.53,70.58,15.42,1088.34,516.26,198.35,54.08,319.65,44.3,4.6,Completed
SES-000075,2025-02-13,19,EV-031,Jaipur,Rajasthan,Franchise,AC Level 2,CCS2,Corporate,Card,0.79,12.91,10.69,138.01,107.8,192.06,7.9,-169.75,33.7,3.6,Failed
SES-003307,2025-01-11,1,EV-061,Bengaluru,Karnataka,Franchise,DC Fast,CCS2,Taxi/Ride-share,UPI,1.91,80.74,11.96,965.65,664.13,77.84,18.93,204.75,37.2,4.3,Failed
SES-000041,2024-01-08,16,EV-038,Lucknow,Uttar Pradesh,Own,DC Fast,CCS2,Private,UPI,1.08,51.88,14.75,765.23,344.97,126.14,8.37,285.75,24.2,3.9,Completed
SES-000731,2024-04-03,14,EV-099,Pune,Maharashtra,Own,AC Level 2,CCS2,Private,Wallet,2.57,52.71,9.95,524.46,418.3,146.76,17.03,-57.63,58.2,4.7,Completed
SES-000110,2025-06-04,7,EV-047,Bengaluru,Karnataka,Partner,DC Fast,Type 2,Private,Wallet,2.02,104.8,14.86,1557.33,667.99,45.69,9.75,833.9,54.0,4.6,Completed
SES-004178,2025-12-18,5,EV-020,Lucknow,Uttar Pradesh,Own,DC Ultra-Fast,CCS2,Private,UPI,2.3,180.0,15.28,2750.4,1013.08,219.28,38.68,1479.36,51.6,3.4,Completed
SES-000193,2024-08-25,13,EV-010,Jaipur,Rajasthan,Franchise,DC Ultra-Fast,Type 2,Private,Card,0.57,54.34,18.6,1010.72,315.77,276.99,17.87,400.09,28.5,4.2,Completed
SES-004662,2025-01-16,8,EV-062,Lucknow,Uttar Pradesh,Own,DC Ultra-Fast,CCS2,Private,Wallet,1.61,180.0,19.93,3587.4,1098.51,157.88,56.28,2274.73,10.8,3.0,Completed
SES-001369,2025-12-13,15,EV-043,Delhi,Delhi,Franchise,DC Ultra-Fast,Type 2,Fleet,Corporate Account,1.25,90.94,19.17,1743.32,501.58,129.76,16.87,1095.11,44.6,4.3,Completed
SES-004798,2024-10-07,19,EV-099,Delhi,Delhi,Own,DC Ultra-Fast,CCS2,Private,UPI,1.02,126.38,19.74,2494.74,916.59,231.37,7.17,1339.61,46.1,4.1,Completed
SES-001710,2025-06-16,20,EV-051,Bengaluru,Karnataka,Own,DC Fast,Type 2,Private,UPI,0.53,17.71,15.07,266.89,144.21,71.54,24.83,26.31,14.5,3.8,Failed
SES-003145,2025-09-27,20,EV-002,Gurugram,Haryana,Own,DC Fast,CCS2,Private,Wallet,1.66,87.71,13.23,1160.4,484.74,146.62,24.88,504.16,14.1,3.0,Completed
SES-003234,2024-04-13,17,EV-023,Gurugram,Haryana,Franchise,AC Level 2,CCS2,Private,UPI,0.48,8.3,9.54,79.18,43.02,138.41,13.51,-115.76,20.5,4.8,Completed
SES-004946,2025-06-12,10,EV-003,Ahmedabad,Gujarat,Own,DC Ultra-Fast,CCS2,Fleet,UPI,1.43,110.05,15.35,1689.27,743.92,245.87,14.09,685.39,40.8,4.5,Completed
SES-003852,2025-07-12,20,EV-034,Delhi,Delhi,Own,DC Fast,CHAdeMO,Private,UPI,1.71,76.2,12.86,979.93,470.38,80.54,59.91,369.1,51.0,5.0,Completed
SES-001015,2024-10-11,18,EV-096,Jaipur,Rajasthan,Own,AC Level 2,Type 2,Private,UPI,4.5,59.04,11.61,685.45,387.21,107.82,37.61,152.81,62.5,4.4,Completed
SES-003460,2025-12-22,19,EV-070,Jaipur,Rajasthan,Own,DC Fast,CCS2,Taxi/Ride-share,Corporate Account,0.66,35.66,13.43,478.91,239.96,97.16,52.84,88.95,21.8,3.1,Completed
SES-004733,2025-03-18,4,EV-071,Hyderabad,Telangana,Own,DC Fast,Type 2,Private,UPI,1.41,49.85,15.03,749.25,272.36,55.44,68.55,352.9,29.9,3.8,Completed
SES-001893,2025-03-02,1,EV-051,Pune,Maharashtra,Franchise,AC Level 2,CCS2,Fleet,Card,1.3,20.9,8.2,171.38,152.1,100.4,39.57,-120.69,44.9,3.3,Completed
SES-003046,2024-02-28,16,EV-094,Mumbai,Maharashtra,Franchise,AC Level 2,Type 2,Private,UPI,1.18,19.43,8.1,157.38,124.23,186.44,65.67,-218.96,35.5,3.8,Completed
SES-003923,2024-02-16,13,EV-063,Delhi,Delhi,Own,DC Fast,CCS2,Fleet,UPI,1.2,54.67,15.68,857.23,352.7,128.95,57.37,318.21,53.0,4.2,Completed
SES-002626,2025-11-21,19,EV-073,Gurugram,Haryana,Partner,AC Level 2,CCS2,Private,Wallet,0.29,4.49,11.03,49.52,23.88,131.37,10.67,-116.4,14.1,4.1,Completed
SES-001323,2025-08-03,1,EV-045,Bengaluru,Karnataka,Partner,AC Level 2,Type 2,Private,Corporate Account,0.96,9.6,9.58,91.97,60.6,138.75,74.35,-181.73,27.4,4.0,Completed
SES-003617,2025-03-17,6,EV-098,Mumbai,Maharashtra,Partner,AC Level 2,CCS2,Private,Corporate Account,1.86,35.35,10.58,374.0,204.63,68.78,79.06,21.53,45.3,3.4,Cancelled
SES-002573,2024-10-02,15,EV-064,Delhi,Delhi,Own,DC Fast,Type 2,Private,UPI,1.44,70.34,15.38,1081.83,433.34,199.3,78.21,370.98,54.5,4.4,Completed
SES-002482,2024-05-02,5,EV-003,Gurugram,Haryana,Partner,AC Level 2,CCS2,Private,Wallet,0.83,16.31,10.47,170.77,93.84,30.64,12.3,33.99,45.3,3.7,Completed
SES-000870,2024-04-19,2,EV-040,Bengaluru,Karnataka,Own,AC Level 2,CCS2,Corporate,UPI,0.67,12.96,11.55,149.69,103.59,181.96,57.17,-193.03,33.3,3.7,Completed
SES-001607,2024-11-18,17,EV-059,Chennai,Tamil Nadu,Own,DC Fast,CCS2,Private,Wallet,1.19,35.04,13.37,468.48,194.14,50.73,73.63,149.98,31.1,4.2,Failed
SES-002303,2025-12-23,2,EV-017,Mumbai,Maharashtra,Partner,AC Level 2,Type 2,Taxi/Ride-share,UPI,0.56,5.7,9.77,55.69,35.0,146.67,18.0,-143.98,26.5,4.3,Completed
SES-004652,2024-07-24,0,EV-008,Hyderabad,Telangana,Own,AC Level 2,CCS2,Private,UPI,1.12,22.09,8.25,182.24,170.76,122.5,36.43,-147.45,43.3,3.7,Completed
SES-004998,2024-07-08,5,EV-021,Pune,Maharashtra,Own,AC Level 2,Type 2,Private,UPI,1.43,24.64,9.33,229.89,152.99,159.32,68.74,-151.16,23.8,2.9,Cancelled
SES-003649,2024-02-22,1,EV-058,Bengaluru,Karnataka,Franchise,AC Level 2,Type 2,Private,UPI,1.08,17.61,8.34,146.87,99.7,181.84,69.0,-203.67,32.3,4.1,Completed
SES-000046,2025-11-15,2,EV-009,Pune,Maharashtra,Partner,DC Fast,CCS2,Private,Card,0.53,21.19,12.88,272.93,119.72,108.73,25.58,18.9,23.6,3.7,Completed
SES-003551,2025-08-19,14,EV-039,Hyderabad,Telangana,Franchise,DC Ultra-Fast,Type 2,Fleet,UPI,0.87,111.23,14.72,1637.31,901.81,244.11,39.66,451.73,39.6,4.3,Completed
SES-000334,2025-12-05,2,EV-053,Ahmedabad,Gujarat,Own,DC Ultra-Fast,CCS2,Fleet,Corporate Account,2.53,180.0,15.79,2842.2,1236.68,269.99,15.02,1320.51,66.5,3.2,Completed
SES-001754,2024-03-12,10,EV-035,Gurugram,Haryana,Partner,DC Fast,CCS2,Private,Wallet,1.28,38.19,12.62,481.96,268.56,178.77,57.86,-23.23,37.5,4.4,Completed
SES-001225,2024-10-05,23,EV-065,Pune,Maharashtra,Own,DC Fast,CHAdeMO,Fleet,Corporate Account,3.85,119.91,12.48,1496.48,982.96,67.65,75.28,370.59,59.2,4.3,Completed
SES-000728,2025-04-15,19,EV-049,Pune,Maharashtra,Own,DC Fast,Type 2,Taxi/Ride-share,Card,2.22,104.52,15.04,1571.98,634.74,163.69,38.81,734.74,63.7,4.1,Completed
SES-004368,2025-06-09,9,EV-039,Mumbai,Maharashtra,Own,AC Level 2,CCS2,Fleet,Wallet,1.57,27.71,11.5,318.67,201.36,113.08,71.08,-66.85,60.1,3.4,Completed
SES-002191,2025-05-19,23,EV-083,Mumbai,Maharashtra,Own,AC Level 2,CCS2,Private,UPI,0.9,11.43,11.35,129.73,60.54,167.69,67.34,-165.84,35.9,3.9,Completed
SES-002072,2024-12-06,2,EV-062,Delhi,Delhi,Franchise,AC Level 2,CCS2,Taxi/Ride-share,UPI,0.33,4.9,11.31,55.42,35.1,150.97,60.57,-191.22,23.7,4.5,Completed
SES-003944,2025-08-04,23,EV-002,Delhi,Delhi,Franchise,DC Ultra-Fast,CCS2,Fleet,UPI,0.52,49.1,15.7,770.87,389.99,84.93,41.63,254.32,25.7,4.8,Completed
SES-002344,2024-05-24,14,EV-066,Ahmedabad,Gujarat,Franchise,AC Level 2,Type 2,Private,Wallet,2.1,24.15,8.38,202.38,186.01,20.05,44.67,-48.35,23.6,4.2,Failed
SES-002837,2025-12-24,3,EV-052,Delhi,Delhi,Franchise,DC Fast,CHAdeMO,Taxi/Ride-share,UPI,0.52,22.75,12.57,285.97,170.47,135.64,68.01,-88.15,44.4,2.8,Completed
SES-000964,2025-08-25,6,EV-049,Ahmedabad,Gujarat,Own,DC Fast,Type 2,Corporate,Card,0.45,13.04,12.26,159.87,79.93,184.9,16.73,-121.69,25.5,4.5,Completed
SES-002348,2024-07-21,20,EV-090,Mumbai,Maharashtra,Partner,DC Ultra-Fast,CCS2,Private,Card,1.6,180.0,18.02,3243.6,1451.55,57.27,12.95,1721.83,38.7,4.0,Completed
SES-003536,2024-06-01,5,EV-061,Hyderabad,Telangana,Own,DC Fast,Type 2,Private,Card,1.12,30.39,15.99,485.94,222.49,38.99,30.04,194.42,43.4,3.8,Completed
SES-000233,2024-07-23,12,EV-016,Mumbai,Maharashtra,Own,DC Fast,CCS2,Private,Wallet,0.21,7.59,13.39,101.63,38.32,30.15,28.26,4.9,24.1,4.6,Completed
SES-002387,2025-02-12,9,EV-070,Jaipur,Rajasthan,Own,DC Fast,Type 2,Fleet,UPI,0.15,5.82,11.85,68.97,37.95,165.56,48.47,-183.01,7.6,4.5,Completed
SES-001302,2025-09-28,1,EV-078,Gurugram,Haryana,Partner,DC Fast,CCS2,Corporate,Corporate Account,0.93,39.92,15.81,631.14,286.43,129.69,6.37,208.65,23.3,3.5,Completed
SES-001090,2024-04-29,19,EV-078,Mumbai,Maharashtra,Partner,AC Level 2,CCS2,Private,UPI,1.27,15.15,10.62,160.89,118.82,132.61,78.32,-168.86,21.3,3.3,Completed
SES-002719,2024-10-01,18,EV-060,Lucknow,Uttar Pradesh,Own,DC Fast,CCS2,Taxi/Ride-share,UPI,1.78,85.86,12.53,1075.83,536.54,168.77,27.86,342.66,52.4,4.6,Completed
SES-001551,2024-09-22,18,EV-044,Delhi,Delhi,Partner,DC Fast,CCS2,Taxi/Ride-share,UPI,0.67,32.45,13.41,435.15,268.43,199.5,31.09,-63.87,12.6,4.4,Completed
SES-000077,2025-06-11,5,EV-095,Lucknow,Uttar Pradesh,Franchise,AC Level 2,CHAdeMO,Private,UPI,2.08,26.52,11.64,308.69,210.7,202.52,50.55,-155.08,30.8,4.4,Completed
SES-004521,2025-08-16,23,EV-085,Lucknow,Uttar Pradesh,Franchise,AC Level 2,CCS2,Private,Card,0.18,2.02,10.07,20.34,12.28,200.16,16.69,-208.79,20.2,3.7,Completed
SES-000234,2024-07-13,20,EV-081,Delhi,Delhi,Partner,AC Level 2,CHAdeMO,Corporate,Card,0.35,5.0,9.42,47.1,35.48,112.6,71.11,-172.09,25.3,4.5,Completed
SES-001429,2025-01-29,13,EV-088,Jaipur,Rajasthan,Own,DC Fast,Type 2,Taxi/Ride-share,UPI,1.03,46.51,12.48,580.44,310.83,113.64,71.04,84.93,41.7,3.8,Completed
SES-000257,2025-05-13,9,EV-017,Lucknow,Uttar Pradesh,Franchise, AC Level 2 ,CCS2,Fleet,UPI,1.7,29.25,11.28,329.94,175.28,147.81,6.32,0.53,47.9,4.7,Completed
SES-002571,2024-01-26,1,EV-063,Pune,Maharashtra,Partner,DC Fast,Type 2,Private,Corporate Account,0.53,26.48,11.87,314.32,181.9,99.5,30.83,2.09,10.1,4.0,Completed
SES-002227,2024-09-02,13,EV-051,Ahmedabad,Gujarat,Partner,AC Level 2,CCS2,Private,UPI,0.63,11.56,8.36,96.64,95.48,110.95,47.36,-157.15,24.4,3.9,Completed
SES-003079,2025-03-03,2,EV-049,Hyderabad,Telangana,Own,DC Fast,CCS2,Taxi/Ride-share,UPI,2.86,78.24,11.48,898.2,461.86,205.12,76.01,155.21,52.4,4.1,Completed
SES-001257,2024-05-25,5,EV-056,Lucknow,Uttar Pradesh,Franchise,DC Fast,CCS2,Taxi/Ride-share,Card,1.17,59.88,15.56,931.73,351.26,152.48,43.73,384.26,28.7,3.7,Completed
SES-000155,2024-05-05,20,EV-041,Lucknow,Uttar Pradesh,Own,AC Level 2,CHAdeMO,Private,Wallet,1.01,12.81,11.42,146.29,85.59,218.7,64.77,-222.77,2.0,4.2,Completed
SES-002877,2024-05-01,19,EV-031,Bengaluru,Karnataka,Franchise,DC Ultra-Fast,CHAdeMO,Taxi/Ride-share, Wallet ,1.19,160.01,15.73,2516.96,1229.86,156.62,71.47,1059.01,35.6,4.2,Cancelled
SES-004595,2025-03-29,19,EV-004,Delhi,Delhi,Franchise,DC Ultra-Fast,CCS2,Corporate,Corporate Account,0.4,41.26,19.05,786.0,297.0,145.28,12.37,331.35,43.6,4.0,Completed
SES-001097,2024-01-01,15,EV-064,Hyderabad,Telangana,Franchise,DC Fast,CHAdeMO,Private,Card,0.37,11.96,14.04,167.92,71.97,105.72,67.96,-77.73,19.0,4.9,Cancelled
SES-003132,2025-03-05,13,EV-033,Pune,Maharashtra,Own,AC Level 2,CCS2,Fleet,UPI,0.88,11.75,9.3,109.28,89.03,104.69,23.76,-108.2,16.4,4.3,Completed
SES-001395,2025-03-17,8,EV-041,Lucknow,Uttar Pradesh,Own,AC Level 2,Type 2,Corporate,UPI,0.35,4.32,8.38,36.2,33.83,50.38,34.78,-82.79,21.9,3.0,Completed
SES-001368,2025-05-28,3,EV-082,Lucknow,Uttar Pradesh,Own,AC Level 2,CCS2,Private,UPI,0.36,3.75,10.77,40.39,22.3,211.81,75.31,-269.03,16.2,3.7,Completed
SES-001995,2025-12-30,16,EV-068,Mumbai,Maharashtra,Own,AC Level 2,CCS2,Corporate,UPI,0.64,12.42,9.52,118.24,97.12,134.17,42.95,-156.0,45.7,4.6,Completed
SES-003534,2025-10-21,10,EV-007,Gurugram,Haryana,Own,DC Fast,CCS2,Private,UPI,2.93,89.38,12.47,1114.57,554.17,81.57,34.71,444.12,30.8,4.5,Completed
SES-004812,2025-01-02,20,EV-009,Jaipur,Rajasthan,Franchise,DC Ultra-Fast,CCS2,Taxi/Ride-share,Wallet,1.08,115.79,17.92,2074.96,765.1,85.9,77.0,1146.96,35.9,5.0,Completed
SES-000387,2024-09-19,3,EV-051,Pune,Maharashtra,Franchise,AC Level 2,CCS2,Taxi/Ride-share,Corporate Account,0.61,6.31,8.48,53.51,37.74,121.93,77.28,-183.44,6.6,3.9,Completed
SES-000912,2024-08-22,2,EV-060,Jaipur,Rajasthan,Own,DC Fast,CCS2,Corporate,UPI,0.84,34.2,11.93,408.01,231.12,135.3,24.37,17.22,43.5,4.2,Completed
SES-003293,2024-06-15,20,EV-043,Mumbai,Maharashtra,Own,AC Level 2,CCS2,Private,UPI,1.16,18.75,10.42,195.38,117.6,27.81,29.45,20.52,31.9,4.3,Completed
SES-001375,2025-11-28,5,EV-096,Hyderabad,Telangana,Partner,AC Level 2,Type 2,Private,UPI,3.93,57.17,9.97,569.98,442.6,,57.99,40.06,40.8,4.1,Cancelled
SES-001406,2025-06-01,16,EV-036,Ahmedabad,Gujarat,Own,AC Level 2,CHAdeMO,Fleet,Card,0.44,5.91,9.62,56.85,33.28,179.54,10.0,-165.97,27.8,4.8,Completed
SES-003480,2025-05-14,1,EV-071,,Rajasthan,Own,DC Fast,CCS2,Taxi/Ride-share,Card,0.69,28.9,13.17,380.61,197.14,143.39,14.86,25.22,25.8,4.0,Completed
SES-001469,2025-03-09,16,EV-079,Gurugram,Haryana,Own,DC Fast,CCS2,Private,Card,0.41,20.57,15.43,317.4,172.92,72.74,62.04,9.7,33.5,3.4,Completed
SES-000780,2025-10-27,0,EV-007,Gurugram,Haryana,Own,DC Fast,CCS2,Fleet,Corporate Account,0.54,25.39,11.64,295.54,202.88,205.02,63.7,-176.06,3.7,4.5,Completed
SES-001489,2024-05-07,0,EV-042,Delhi,Delhi,Own,DC Ultra-Fast,CCS2,Private,Corporate Account,1.46,180.0,16.73,3011.4,1142.59,209.58,22.58,1636.65,37.0,4.4,Completed
SES-002884,2025-03-27,0,EV-058,Delhi,Delhi,Franchise,DC Fast,Type 2,Corporate,Card,2.61,95.34,12.77,1217.49,754.39,29.54,13.85,419.71,32.0,3.1,Completed
SES-001154,2024-04-10,19,EV-018,Bengaluru,Karnataka,Franchise,DC Fast,CHAdeMO,Private,Wallet,0.86,24.95,13.55,338.07,134.89,157.82,75.15,-29.79,34.3,4.2,Completed
SES-000977,2024-01-09,23,EV-077,Hyderabad,Telangana,Own,DC Fast,Type 2,Private,UPI,1.14,35.17,12.26,431.18,192.57,83.75,76.71,78.15,19.3,3.9,Completed
SES-004852,2025-07-15,6,EV-096,Mumbai,Maharashtra,Franchise,DC Fast,CHAdeMO,Private,UPI,3.22,134.72,11.53,1553.32,969.95,75.51,66.03,441.83,58.0,3.3,Completed
SES-002223,2025-04-27,16,EV-059,Bengaluru,Karnataka,Own,DC Fast,CHAdeMO,Private,Card,0.42,19.06,14.29,272.37,110.48,211.2,12.93,-62.24,29.8,4.4,Completed
SES-000002,2025-09-02,20,EV-046,Hyderabad,Telangana,Own,DC Ultra-Fast,CCS2,Taxi/Ride-share,Card,0.39,46.84,19.17,897.92,374.75,159.26,28.08,335.83,8.3,3.4,Completed
SES-001566,2025-10-02,2,EV-079,Hyderabad,Telangana,Franchise,AC Level 2,CHAdeMO,Private,Card,0.52,6.46,8.5,54.91,54.31,97.94,21.41,-118.75,14.6,4.7,Completed
SES-003127,2025-06-14,13,EV-099,Bengaluru,Karnataka,Partner,DC Fast,CCS2,Fleet,Card,1.05,54.31,14.58,791.84,346.49,51.21,8.66,385.48,22.7,4.9,Completed
SES-002011,2025-10-28,13,EV-037,Chennai,Tamil Nadu,Own,DC Fast,Type 2,Taxi/Ride-share,UPI,0.15,5.7,15.77,89.89,45.12,31.69,37.86,-24.78,14.7,4.2,Completed
SES-004152,2025-02-12,17,EV-038,Lucknow,Uttar Pradesh,Franchise,DC Fast,Type 2,Taxi/Ride-share,Wallet,1.01,55.73,13.97,778.55,392.86,66.25,21.15,298.29,24.3,4.1,Completed
SES-004598,2025-05-26,19,EV-040,Lucknow,Uttar Pradesh,Franchise,dc ultra-fast,CHAdeMO,Fleet,UPI,0.79,80.54,16.81,1353.88,581.97,288.55,61.86,421.5,31.3,4.0,Completed
SES-004017,2025-11-06,7,EV-005,Chennai,Tamil Nadu,Own,DC Fast,CCS2,Private,Card,0.96,36.81,11.37,418.53,289.98,219.04,9.7,-100.19,28.6,3.5,Completed
SES-001709,2024-03-28,21,EV-024,Bengaluru,Karnataka,Partner,DC Ultra-Fast,CHAdeMO,Private,UPI,0.91,111.11,16.93,1881.09,776.39,176.25,8.25,920.2,41.2,4.3,Completed
SES-004563,2025-09-28,6,EV-058,Gurugram,Haryana,Own,DC Ultra-Fast,Type 2,Fleet,UPI,2.06,180.0,18.32,3297.6,909.1,84.69,10.62,2293.19,35.1,3.1,Completed
SES-002188,2025-05-21,16,EV-035,Hyderabad,Telangana,Own,DC Fast,CHAdeMO,Fleet,Wallet,0.16,6.38,13.81,88.11,39.45,45.67,20.68,-17.69,27.6,2.8,Completed
SES-000996,2024-06-15,14,EV-026,Gurugram,Haryana,Own,DC Fast,CCS2,Private,UPI,0.27,12.57,12.62,158.63,65.8,147.13,77.53,-131.83,4.9,3.0,Completed
SES-004900,2024-08-25,22,EV-039,Pune,Maharashtra,Own,DC Fast,Type 2,Taxi/Ride-share,UPI,2.38,111.57,13.47,1502.85,634.17,48.73,45.99,773.96,56.4,3.9,Completed
SES-001782,2024-11-26,19,EV-058,Bengaluru,Karnataka,Own,AC Level 2,Type 2,Private,UPI,0.39,7.04,10.59,74.55,57.82,200.27,16.69,-200.23,31.0,4.3,Completed
SES-004789,2025-04-01,16,EV-012,Jaipur,Rajasthan,Own,DC Fast,CCS2,Private,Card,0.96,38.68,14.97,579.04,227.7,52.47,49.25,249.62,9.6,3.8,Completed
SES-000410,2024-05-13,0,EV-026,Pune,Maharashtra,Own,DC Fast,Type 2,Taxi/Ride-share,UPI,0.26,12.85,13.5,173.48,68.47,176.69,10.9,-82.58,8.6,4.8,Completed
SES-000804,2024-10-25,21,EV-058,Gurugram,Haryana,Partner,AC Level 2,CCS2,Taxi/Ride-share,UPI,1.05,20.33,11.66,237.05,154.9,169.8,12.05,-99.7,33.6,3.9,Completed
SES-004363,2025-01-19,19,EV-082,Jaipur,Rajasthan,Franchise,DC Fast,Type 2,Fleet,UPI,0.51,27.2,14.75,401.2,222.88,203.77,46.38,-71.83,6.4,4.1,Failed
SES-004515,2025-03-12,8,EV-028,Lucknow,Uttar Pradesh,Own,AC Level 2,CCS2,Taxi/Ride-share,Wallet,1.23,21.06,11.86,249.77,145.08,129.26,19.46,-44.03,29.6,4.3,Cancelled
SES-003960,2025-02-26,0,EV-019,Jaipur,Rajasthan,Franchise,DC Ultra-Fast,CCS2,Private,UPI,0.42,46.11,18.51,853.5,246.15,250.23,71.06,286.06,9.4,4.3,Completed
SES-002461,2024-03-02,13,EV-053,Pune,Maharashtra,Partner,AC Level 2,CCS2,Private,UPI,1.23,22.39,9.04,202.41,186.38,102.75,25.29,-112.01,54.2,3.7,Completed
SES-003045,2025-02-27,6,EV-011,Jaipur,Rajasthan,Own,DC Fast,CCS2,Fleet,UPI,0.45,18.22,12.8,233.22,119.18,77.18,74.77,-37.91,27.4,3.8,Completed
SES-003578,2024-07-22,11,EV-002,Ahmedabad,Gujarat,Own,AC Level 2,CHAdeMO,Fleet,UPI,0.59,8.27,8.65,71.54,52.69,57.95,46.63,-85.73,7.4,4.4,Completed
SES-002858,2024-12-26,9,EV-026,Jaipur,Rajasthan,Franchise,DC Ultra-Fast,CHAdeMO,Private,Wallet,0.52,60.8,19.04,1157.63,374.17,298.3,6.28,478.88,56.2,4.1,Completed
SES-000212,2025-04-02,20,EV-089,Hyderabad,Telangana,Own,AC Level 2,CCS2,Private,UPI,2.03,21.65,9.24,200.05,142.61,163.97,32.74,-139.27,43.8,5.0,Completed
SES-003030,2024-04-30,13,EV-058,Ahmedabad,Gujarat,Own,AC Level 2,CCS2,Fleet,UPI,0.41,6.31,9.5,59.94,39.62,177.24,8.53,-165.45,13.7,4.9,Completed
SES-000584,2025-07-21,9,EV-042,Chennai,Tamil Nadu,Franchise,DC Fast,CHAdeMO,Fleet,Corporate Account,1.0,27.38,15.61,427.4,216.62,110.39,59.85,40.54,20.9,4.7,Completed
SES-002041,2024-10-24,23,EV-060,Mumbai,Maharashtra,Franchise,DC Fast,CCS2,Fleet,UPI,1.39,38.84,15.63,607.07,209.81,63.47,51.0,282.79,34.2,4.3,Completed
SES-001970,2024-04-27,10,EV-043,Gurugram,Haryana,Own,AC Level 2,CCS2,Private,UPI,0.86,9.77,11.94,116.65,55.13,195.04,67.44,-200.96,15.5,4.0,Completed
SES-000533,2024-12-06,7,EV-033,Pune,Maharashtra,Partner,AC Level 2,CCS2,Fleet,Card,1.71,17.45,11.62,202.77,102.17,176.68,38.22,-114.3,51.8,5.0,Completed
SES-000256,2024-03-05,1,EV-099,Bengaluru,Karnataka,Own,DC Fast,CHAdeMO,Taxi/Ride-share,UPI,1.66,78.51,15.13,1187.86,536.06,87.85,8.38,555.57,55.5,4.8,Completed
SES-002261,2024-05-15,6,EV-042,Delhi,Delhi,Own,AC Level 2,CCS2,Private,Corporate Account,0.8,10.61,10.71,113.63,65.85,161.39,49.81,-163.42,23.1,3.9,Completed
SES-000516,2024-01-06,10,EV-024,Gurugram,Haryana,Own,DC Fast,CHAdeMO,Private,Card,1.96,73.08,11.85,866.0,414.14,113.07,16.31,322.48,41.2,4.3,Completed
SES-002902,2024-03-23,11,EV-070,Jaipur,Rajasthan,Own,DC Fast,CCS2,Private,UPI,0.48,25.21,15.64,394.28,126.28,181.92,25.75,60.33,39.7,4.0,Completed
SES-002604,2025-09-25,22,EV-088,Gurugram,Haryana,Franchise,AC Level 2,CHAdeMO,Taxi/Ride-share,Wallet,1.73,21.41,8.27,177.06,179.89,179.47,54.91,-237.21,17.3,3.6,Completed
SES-000532,2025-01-19,18,EV-029,Gurugram,Haryana,Partner,AC Level 2,CHAdeMO,Private,Card,1.63,33.41,8.37,279.64,274.89,169.84,58.43,-223.52,34.8,3.7,Cancelled
SES-001461,2024-08-24,3,EV-029,Chennai,Tamil Nadu,Franchise,DC Fast,CCS2,Private,UPI,0.53,19.39,13.96,270.68,109.13,202.74,59.43,-100.62,18.7,4.1,Completed
SES-000327,2024-09-06,3,EV-013,Delhi,Delhi,Own,DC Fast,CCS2,Corporate,UPI,0.55,27.1,11.53,312.46,217.7,202.35,43.89,-151.48,43.5,4.6,Completed
SES-000247,2025-12-02,8,EV-098,Delhi,Delhi,Partner,AC Level 2,CHAdeMO,Private,UPI,1.4,22.8,10.78,245.78,121.86,218.17,74.09,-168.34,55.0,4.4,Completed
SES-002857,2025-04-11,15,EV-009,Ahmedabad,Gujarat,Own,DC Fast,CCS2,Fleet,UPI,0.71,20.61,15.29,315.13,150.35,213.38,22.7,-71.3,53.3,4.5,Completed
SES-001623,2025-08-03,6,EV-026,Mumbai,Maharashtra,Own,DC Fast,CCS2,Private,Corporate Account,0.36,14.01,11.86,166.16,85.75,132.8,47.83,-100.22,29.2,3.9,Completed
SES-000931,2024-05-18,1,EV-025,Jaipur,Rajasthan,Own,DC Ultra-Fast,CCS2,Taxi/Ride-share,UPI,0.71,60.4,17.51,1057.6,343.59,253.04,50.91,410.06,20.8,4.3,Completed
SES-002151,2025-02-10,7,EV-040,Hyderabad,Telangana,Franchise,AC Level 2,Type 2,Fleet,UPI,0.44,4.4,11.07,48.71,36.56,164.91,53.47,-206.23,11.3,3.4,Completed
SES-001714,2025-03-06,3,EV-070,Mumbai,Maharashtra,Franchise,AC Level 2,CCS2,Private,UPI,2.16,44.74,11.81,528.38,299.64,162.15,9.88,56.71,37.2,4.4,Completed
SES-000070,2024-05-18,7,EV-031,Lucknow,Uttar Pradesh,Franchise,DC Fast,CCS2,Private,UPI,4.3,158.92,13.39,2127.94,842.83,43.85,73.27,1167.99,68.6,3.7,Completed
SES-000389,2025-07-23,4,EV-046,Pune,Maharashtra,Own,AC Level 2,CHAdeMO,Corporate,UPI,0.15,2.08,11.77,24.48,10.58,175.18,50.93,-212.21,41.4,3.3,Cancelled
SES-003315,2025-08-11,6,EV-070,Delhi,Delhi,Own,DC Fast,Type 2,Corporate,UPI,2.34,64.05,13.23,847.38,468.01,116.17,29.91,233.29,42.8,3.1,Completed
SES-004285,2024-01-13,13,EV-066,Jaipur,Rajasthan,Franchise,DC Fast,CCS2,Private,Card,0.77,24.65,14.94,368.27,201.12,218.47,71.31,-122.63,15.7,4.0,Completed
SES-002696,2024-08-05,10,EV-050,Pune,Maharashtra,Own,DC Fast,CCS2,Private,Card,1.41,76.31,12.01,916.48,595.72,21.04,43.4,256.32,40.0,3.5,Completed
SES-000699,2025-11-04,15,EV-077,Mumbai,Maharashtra,Franchise,AC Level 2,CCS2,Private,Card,0.36,7.11,10.95,77.85,50.24,48.48,21.65,-42.52,22.8,4.7,Completed
SES-000748,2025-11-15,13,EV-055,Bengaluru,Karnataka,Franchise,DC Ultra-Fast,CHAdeMO,Taxi/Ride-share,Card,0.47,58.76,19.43,1141.71,393.0,183.04,30.45,535.22,32.2,4.4,Completed
SES-003510,2024-02-14,11,EV-057,Mumbai,Maharashtra,Own,DC Ultra-Fast,Type 2,Corporate,UPI,2.49,180.0,19.04,3427.2,1488.96,154.04,56.04,1728.16,37.5,3.7,Completed
SES-002096,2024-07-18,19,EV-018,Delhi,Delhi,Own,AC Level 2,CCS2,Private,Wallet,1.28,20.98,10.07,211.27,143.13,110.55,22.11,-64.52,48.7,3.6,Completed
SES-003530,2024-06-16,7,EV-083,Ahmedabad,Gujarat,Partner,AC Level 2,CCS2,Fleet,Card,2.22,28.02,10.72,300.37,232.43,97.25,18.16,-47.47,62.5,2.9,Completed
SES-002729,2025-01-13,21,EV-083,Jaipur,Rajasthan,Own,AC Level 2,CCS2,Taxi/Ride-share,UPI,0.39,8.0,11.36,90.88,45.93,64.1,21.14,-40.29,22.3,4.3,Completed
SES-002237,2024-03-28,1,EV-064,Hyderabad,Telangana,Franchise,DC Fast,CHAdeMO,Private,Card,0.91,27.11,11.15,302.28,194.45,85.1,59.98,-37.25,26.5,4.8,Completed
SES-002772,2025-10-15,18,EV-058,Hyderabad,Telangana,Own,AC Level 2,Type 2,Private,UPI,0.73,10.45,10.1,105.54,57.92,137.24,28.96,-118.58,32.9,4.2,Completed
SES-004722,2024-02-02,19,EV-082,Lucknow,Uttar Pradesh,Own,DC Fast,CCS2,Private,UPI,1.08,48.14,13.43,646.52,293.24,66.15,30.54,256.59,49.7,4.0,Completed
SES-002726,2025-04-04,21,EV-089,Bengaluru,Karnataka,Own,DC Fast,CCS2,Fleet,Card,0.52,16.69,11.61,193.77,129.49,157.69,17.14,-110.55,40.4,4.3,Completed
SES-000228,2024-10-30,9,EV-078,Ahmedabad,Gujarat,Partner,AC Level 2,CHAdeMO,Private,Wallet,1.19,14.63,10.96,160.34,123.9,139.11,15.15,-117.82,28.8,4.1,Completed
SES-001036,2025-10-11,6,EV-041,Gurugram,Haryana,Franchise,DC Fast,CCS2,Private,UPI,0.69,38.86,13.9,540.15,240.71,33.31,48.27,217.86,11.0,3.3,Completed
SES-001860,2024-12-28,6,EV-068,Mumbai,Maharashtra,Partner,AC Level 2,CCS2,Fleet,UPI,1.01,18.6,8.13,151.22,136.43,110.25,16.13,-111.59,45.9,4.1,Completed
SES-004712,2024-07-04,8,EV-016,Hyderabad,Telangana,Own,DC Ultra-Fast,CCS2,Private,Corporate Account,1.87,180.0,17.86,3214.8,1393.2,148.16,66.17,1607.27,41.1,3.5,Completed
SES-001096,2024-03-26,10,EV-031,Bengaluru,Karnataka,Franchise,AC Level 2,CCS2,Private,Corporate Account,1.0,13.57,10.79,146.42,81.21,70.76,74.54,-80.09,48.7,4.5,Completed
SES-002705,2025-09-04,3,EV-026,Delhi,Delhi,Partner,DC Fast,CHAdeMO,Corporate,UPI,1.34,67.55,12.37,835.59,463.15,29.98,41.38,301.08,30.4,4.6,Completed
SES-003002,2025-05-20,1,EV-070,Lucknow,Uttar Pradesh,Own,DC Fast,CCS2,Fleet,UPI,0.23,10.47,12.88,134.85,56.64,123.62,15.84,-61.25,6.2,3.6,Completed
SES-001999,2024-07-30,2,EV-058,Mumbai,Maharashtra,Partner,DC Fast,Type 2,Private,Wallet,0.53,15.22,12.0,182.64,128.76,88.49,43.41,-78.02,12.1,5.0,Completed
SES-002543,2025-09-17,22,EV-001,Hyderabad,Telangana,Franchise,DC Fast,CCS2,Private,UPI,1.16,63.45,14.24,903.53,405.78,152.79,16.63,328.33,38.2,3.8,Completed
SES-000963,2024-07-10,18,EV-083,Pune,Maharashtra,Franchise,DC Fast,CCS2,Private,Card,3.89,180.0,11.71,2107.8,1523.9,21.8,58.21,503.89,86.2,4.0,Completed
SES-000892,2024-03-01,12,EV-095,Hyderabad,Telangana,Own,AC Level 2,Type 2,Taxi/Ride-share,Wallet,1.13,17.71,10.89,192.86,124.32,111.18,37.59,-80.23,54.3,4.3,Completed
SES-000190,2024-10-09,17,EV-084,Ahmedabad,Gujarat,Own,AC Level 2,CCS2,Private,UPI,3.52,35.61,11.25,400.61,246.57,165.23,30.83,-42.02,68.5,3.5,Completed
SES-000947,2025-03-31,4,EV-083,Bengaluru,Karnataka,Own,DC Ultra-Fast,CCS2,Fleet,UPI,1.21,158.42,15.11,2393.73,1285.48,101.56,51.67,955.02,47.3,4.9,Completed
SES-001055,2024-12-11,10,EV-014,Lucknow,Uttar Pradesh,Own,AC Level 2,CCS2,Private,Card,0.71,11.74,8.79,103.19,82.78,152.37,14.41,-146.37,19.2,3.4,Completed
SES-002580,2025-08-27,20,EV-009,Delhi,Delhi,Franchise,DC Fast,CCS2,Fleet,Corporate Account,0.81,30.23,11.82,357.32,204.28,156.67,53.87,-57.5,24.5,4.8,Completed
SES-000173,2024-04-18,13,EV-039,Pune,Maharashtra,Partner,DC Fast,CCS2,Private,Corporate Account,0.68,26.76,14.55,389.36,206.6,192.05,73.77,-83.06,6.9,4.5,Completed
SES-001589,2024-04-26,13,EV-064,Delhi,Delhi,Partner,AC Level 2,CCS2,Private,Wallet,0.7,11.49,9.79,112.49,97.61,150.88,66.0,-202.0,16.6,3.9,Completed
SES-003593,2024-04-19,22,EV-001,Gurugram,Haryana,Franchise,AC Level 2,CHAdeMO,Taxi/Ride-share,UPI,1.54,16.04,9.91,158.96,106.94,86.62,18.72,-53.32,24.3,4.5,Completed
SES-002256,2025-08-16,10,EV-057,Ahmedabad,Gujarat,Franchise,AC Level 2,CCS2,Private,UPI,1.99,23.05,9.53,219.67,195.75,195.21,36.32,-207.61,49.8,3.5,Completed
SES-000272,2025-01-02,11,EV-025,Jaipur,Rajasthan,Franchise,DC Fast,CCS2,Taxi/Ride-share,Card,0.49,19.66,13.42,263.84,150.95,112.19,64.22,-63.52,27.3,4.5,Completed
SES-001875,2025-03-20,14,EV-028,Lucknow,Uttar Pradesh,Partner,DC Ultra-Fast,CHAdeMO,Corporate,Wallet,0.68,63.32,16.09,1018.82,516.9,249.49,42.69,209.74,28.6,3.2,Completed
SES-003484,2024-04-18,5,EV-011,Hyderabad,Telangana,Franchise,AC Level 2,Type 2,Taxi/Ride-share,Card,2.13,36.2,9.72,351.86,208.26,170.09,57.37,-83.86,52.8,3.9,Completed
SES-002588,2024-02-21,22,EV-084,Ahmedabad,Gujarat,Own,DC Fast,CCS2,Taxi/Ride-share,Card,0.79,27.97,15.5,433.54,195.48,40.55,56.82,140.69,28.4,4.2,Completed
SES-000715,2024-09-16,14,EV-056,Ahmedabad,Gujarat,Own,DC Fast,CCS2,Private,UPI,1.17,54.47,11.06,602.44,283.26,85.51,67.24,166.43,37.3,4.0,Completed
SES-002409,2025-01-17,18,EV-086,Lucknow,Uttar Pradesh,Own,AC Level 2,CHAdeMO,Private,UPI,3.22,33.79,9.28,313.57,268.18,77.51,28.33,-60.45,46.0,3.9,Completed
SES-003529,2024-08-19,10,EV-020,Ahmedabad,Gujarat,Own,AC Level 2,Type 2,Private,Card,0.59,6.26,9.31,58.28,48.91,104.29,19.0,-113.92,42.6,5.0,Completed
SES-000178,2024-09-12,0,EV-036,Mumbai,Maharashtra,Own,AC Level 2,CCS2,Fleet,UPI,0.64,8.81,9.6,84.58,57.81,181.49,25.92,-180.64,32.6,3.9,Completed
SES-001700,2024-02-09,21,EV-044,Pune,Maharashtra,Own,DC Ultra-Fast,CCS2,Fleet,UPI,0.96,99.52,14.13,1406.22,565.36,87.27,78.75,674.84,50.2,5.0,Completed
SES-001361,2025-08-26,5,EV-041,Delhi,Delhi,Own,AC Level 2,CCS2,Private,UPI,1.49,25.55,10.0,255.5,200.8,50.14,53.01,-48.45,41.5,3.3,Completed
SES-002801,2024-03-28,17,EV-018,Bengaluru,Karnataka,Own,DC Fast,Type 2,Private,UPI,2.87,151.88,12.21,1854.45,953.87,218.65,75.14,606.79,66.7,4.3,Completed
SES-000873,2025-11-09,18,EV-026,Hyderabad,Telangana,Own,AC Level 2,Type 2,Private,UPI,0.53,8.2,10.35,84.87,68.12,219.34,62.23,-264.82,22.5,3.7,Completed
SES-002018,2025-05-18,1,EV-062,Hyderabad,Telangana,Own,DC Fast,CCS2,Taxi/Ride-share,UPI,2.8,93.44,14.06,1313.77,473.57,49.13,79.9,711.17,46.4,4.6,Completed
SES-000929,2024-04-21,11,EV-081,Jaipur,Rajasthan,Own,AC Level 2,Type 2,Fleet,Card,1.32,19.65,11.31,222.24,122.24,120.95,43.04,-63.99,38.8,4.5,Completed
SES-002258,2024-03-05,9,EV-012,Jaipur,Rajasthan,Own,AC Level 2,CCS2,Corporate,Corporate Account,0.79,12.45,10.53,131.1,102.61,102.67,44.4,-118.58,35.5,4.1,Completed
SES-002868,2024-04-08,0,EV-035,Chennai,Tamil Nadu,Partner,AC Level 2,CHAdeMO,Corporate,Card,2.72,47.64,9.67,460.68,240.05,150.14,10.45,60.04,65.3,4.8,Completed
SES-000778,2025-03-30,10,EV-051,Jaipur,Rajasthan,Own,AC Level 2,CCS2,Taxi/Ride-share,UPI,2.38,34.72,11.48,398.59,262.64,59.89,26.18,49.88,54.7,4.1,Completed
SES-004579,2025-06-05,13,EV-014,Ahmedabad,Gujarat,Own,DC Fast,CHAdeMO,Private,Card,0.21,6.06,13.46,81.57,33.33,60.14,62.55,-74.45,41.9,3.6,Completed
SES-003195,2025-09-30,18,EV-016,Mumbai,Maharashtra,Franchise,DC Fast,Type 2,Private,UPI,1.04,58.66,11.2,656.99,364.4,187.82,6.31,98.46,38.7,4.0,Completed
SES-004809,2024-04-24,21,EV-099,Delhi,Delhi,Own,DC Fast,CCS2,Fleet,Card,1.22,56.49,12.61,712.34,305.22,161.0,61.27,184.85,38.7,4.3,Completed
SES-000477,2024-02-20,8,EV-018,Hyderabad,Telangana,Own,AC Level 2,CCS2,Private,Corporate Account,0.86,14.92,11.37,169.64,102.09,184.78,22.53,-139.76,23.6,3.2,Completed
SES-001070,2025-04-24,19,EV-015,Hyderabad,Telangana,Partner,DC Fast,CCS2,Corporate,UPI,0.67,38.15,11.82,450.93,236.49,125.62,61.49,27.33,30.2,3.6,Completed
SES-002756,2024-05-28,12,EV-090,Hyderabad,Telangana,Own,AC Level 2,CCS2,Corporate,Card,2.45,35.14,8.76,307.83,227.1,179.31,39.32,-137.9,40.5,3.5,Completed
SES-000787,2024-11-01,12,EV-009,Ahmedabad,Gujarat,Franchise,DC Fast,Type 2,Private,Wallet,2.06,65.93,14.83,977.74,516.51,177.96,43.18,240.09,50.6,4.7,Completed
SES-003860,2024-08-06,1,EV-018,Gurugram,Haryana,Own,AC Level 2,Type 2,Taxi/Ride-share,UPI,0.77,15.19,10.34,157.06,127.67,29.47,65.59,-65.67,23.0,4.3,Completed
SES-001328,2024-03-14,3,EV-077,Gurugram,Haryana,Own,DC Fast,CCS2,Taxi/Ride-share,Card,1.47,66.8,12.12,809.62,513.56,183.17,34.13,78.76,44.5,3.8,Completed
SES-002693,2025-08-02,5,EV-082,Delhi,Delhi,Own,AC Level 2,CHAdeMO,Private,UPI,1.23,14.51,8.76,127.11,78.79,75.0,26.72,-53.4,46.8,4.2,Completed
SES-003119,2025-06-26,23,EV-086,Ahmedabad,Gujarat,Own,DC Fast,Type 2,Private,Wallet,0.9,51.02,13.17,671.93,259.6,37.26,55.55,319.52,33.9,3.2,Completed
SES-000565,2025-03-09,14,EV-085,Ahmedabad,Gujarat,Franchise,DC Fast,CCS2,Taxi/Ride-share,Wallet,0.79,33.99,13.17,447.65,259.54,195.11,14.08,-21.08,31.6,4.5,Completed
SES-002270,2025-06-19,17,EV-071,Jaipur,Rajasthan,Own,DC Ultra-Fast,CCS2,Private,Corporate Account,0.15,10.39,14.57,151.38,74.22,321.9,6.58,-251.32,9.0,4.3,Completed
SES-004183,2024-02-13,21,EV-068,Hyderabad,Telangana,Own,DC Fast,CCS2,Private,Card,0.25,9.54,13.56,129.36,58.38,196.33,49.8,-175.15,20.3,4.7,Completed
SES-003954,2025-10-30,0,EV-039,Ahmedabad,Gujarat,Own,DC Ultra-Fast,CHAdeMO,Private,Corporate Account,2.73,180.0,14.25,2565.0,1195.93,97.51,46.14,1225.42,26.8,3.6,Completed
SES-004297,2024-01-07,7,EV-077,Delhi,Delhi,Franchise,DC Fast,CCS2,Taxi/Ride-share,UPI,1.9,83.44,13.75,1147.3,703.22,110.51,7.68,325.89,50.5,4.5,Completed
SES-002587,2024-02-11,11,EV-036,Chennai,Tamil Nadu,Own,AC Level 2,CHAdeMO,Private,Card,0.62,7.15,8.7,62.2,46.1,87.4,14.41,-85.71,14.2,3.9,Completed
SES-003698,2025-05-01,2,EV-093,Pune,Maharashtra,Own,DC Ultra-Fast,CCS2,Private,UPI,0.66,86.55,17.42,1507.7,483.52,148.99,27.07,848.12,19.4,4.1,Completed
SES-003443,2024-07-30,5,EV-100,Jaipur,Rajasthan,Own,AC Level 2,CCS2,Private,UPI,1.41,18.31,9.33,170.83,127.9,207.59,50.48,-215.14,41.1,4.7,Completed
SES-002875,2025-11-13,5,EV-044,Hyderabad,Telangana,Franchise,DC Fast,Type 2,Private,Corporate Account,1.34,36.85,12.33,454.36,227.48,169.83,12.95,44.1,26.8,4.6,Completed
SES-001835,2024-05-22,20,EV-007,Delhi,Delhi,Own,AC Level 2,Type 2,Private,UPI,0.76,11.9,11.07,131.73,89.09,96.23,42.97,-96.56,45.3,3.8,Completed
SES-000805,2025-04-25,0,EV-041,Lucknow,Uttar Pradesh,Franchise,AC Level 2,CCS2,Private,UPI,1.2,18.23,8.05,,138.58,37.13,35.02,-63.98,7.9,3.7,Completed
SES-004742,2024-01-13,8,EV-037,Ahmedabad,Gujarat,Own,AC Level 2,CCS2,Fleet,Wallet,0.54,7.24,11.85,85.79,43.14,137.36,8.05,-102.76,12.9,4.0,Completed
SES-004130,2025-01-13,14,EV-041,Pune,Maharashtra,Franchise,DC Fast,CCS2,Private,UPI,2.4,105.14,14.08,1480.37,768.32,50.2,76.32,585.53,37.7,4.1,Completed
SES-003697,2024-03-16,18,EV-058,Mumbai,Maharashtra,Own,DC Fast,Type 2,Private,Card,0.45,19.23,13.15,252.87,140.31,159.05,25.41,-71.9,22.9,4.2,Completed
SES-004795,2025-09-25,3,EV-050,Chennai,Tamil Nadu,Own,AC Level 2,CCS2,Private,Card,1.7,28.11,10.49,294.87,141.8,74.39,40.21,38.47,49.9,4.1,Completed
SES-002995,2025-07-04,6,EV-072,Gurugram,Haryana,Own,DC Ultra-Fast,CCS2,Private,UPI,2.85,180.0,15.37,2766.6,1170.42,161.19,49.75,1385.24,18.0,4.0,Completed
SES-000417,2025-09-22,0,EV-014,Gurugram,Haryana,Franchise,DC Ultra-Fast,CCS2,Private,Wallet,1.08,153.23,16.03,2456.28,1040.42,52.18,8.73,1354.95,23.6,3.7,Completed
SES-002173,2024-04-17,12,EV-017,Bengaluru,Karnataka,Own,DC Ultra-Fast,CHAdeMO,Fleet,Wallet,1.8,180.0,19.1,3438.0,1009.08,310.45,40.09,2078.38,45.1,3.4,Completed
SES-002019,2024-04-13,3,EV-036,Bengaluru,Karnataka,Partner,DC Fast,CCS2,Taxi/Ride-share,Wallet,1.0,34.7,15.47,536.81,252.74,188.85,17.58,77.64,36.0,4.2,Completed
SES-002778,2025-05-06,8,EV-083,Bengaluru,Karnataka,Partner,DC Fast,CCS2,Taxi/Ride-share,Corporate Account,1.17,55.13,15.98,880.98,278.98,165.96,62.29,373.75,25.1,3.7,Cancelled
SES-002521,2025-06-13,16,EV-060,Chennai,Tamil Nadu,Own,AC Level 2,CHAdeMO,Private,Card,1.25,24.76,9.5,235.22,131.83,93.42,68.64,-58.67,35.7,4.7,Completed
SES-001967,2025-05-21,5,EV-040,Bengaluru,Karnataka,Franchise,DC Fast,CHAdeMO,Corporate,Corporate Account,2.01,59.44,12.4,737.06,364.13,42.96,30.15,299.82,42.5,4.1,Completed
SES-004018,2024-06-30,4,EV-004,Mumbai,Maharashtra,Own,AC Level 2,CCS2,Corporate,Card,0.94,16.63,11.02,183.26,122.87,20.53,65.82,-25.96,33.4,4.7,Completed
SES-000615,2024-11-21,14,EV-045,Gurugram,Haryana,Franchise,DC Fast,CHAdeMO,Private,Wallet,0.15,4.23,15.47,65.44,31.66,92.6,53.54,-112.36,35.6,3.8,Completed
SES-004835,2025-12-29,13,EV-072,Delhi,Delhi,Franchise,DC Fast,CCS2,Private,UPI,2.08,66.19,14.28,945.19,499.68,149.93,24.53,271.05,28.1,4.6,Completed
SES-000956,2025-02-08,18,EV-055,Delhi,Delhi,Own,DC Fast,Type 2,Fleet,UPI,1.04,30.08,11.32,340.51,212.81,53.92,38.28,35.5,26.2,2.5,Completed
SES-000084,2024-09-04,2,EV-066,Delhi,Delhi,Own,DC Ultra-Fast,Type 2,Fleet,UPI,0.36,44.47,18.27,812.47,352.22,248.59,7.51,204.15,28.8,4.7,Completed
SES-001068,2024-10-23,20,EV-070,Ahmedabad,Gujarat,Own,DC Fast,CCS2,Private,Corporate Account,0.28,7.75,15.23,118.03,45.41,77.28,65.19,-69.85,25.6,4.4,Completed
SES-000958,2025-10-05,1,EV-049,Ahmedabad,Gujarat,Partner,DC Fast,CCS2,Taxi/Ride-share,Card,1.72,62.81,13.85,869.92,391.31,104.39,64.31,309.91,43.2,3.9,Completed
SES-003622,2025-10-17,22,EV-008,Jaipur,Rajasthan,Own,DC Fast,CHAdeMO,Fleet,Card,1.27,36.68,13.28,487.11,226.62,146.58,16.26,97.65,24.6,4.3,Completed
SES-001826,2024-04-22,3,EV-005,Mumbai,Maharashtra,Own,AC Level 2,Type 2,Private,Wallet,1.85,30.96,9.67,299.38,248.69,184.93,58.07,-192.31,69.4,3.8,Completed
SES-002917,2025-04-21,16,EV-052,Delhi,Delhi,Partner,AC Level 2,CCS2,Corporate,Wallet,0.39,5.71,8.69,49.62,40.78,127.63,56.34,-175.13,63.9,3.5,Completed
SES-003745,2024-06-27,23,EV-047,Delhi,Delhi,Own,DC Fast,CHAdeMO,Corporate,UPI,1.13,63.54,13.24,841.27,497.68,89.26,36.57,217.76,40.7,4.7,Completed
SES-001658,2025-05-22,6,EV-012,Ahmedabad,Gujarat,Franchise,DC Fast,CCS2,Taxi/Ride-share,Wallet,0.57,15.72,13.75,216.15,88.87,168.69,20.52,-61.93,4.3,4.5,Completed
SES-001890,2025-01-22,1,EV-071,Jaipur,Rajasthan,Own,DC Fast,CCS2, Private ,UPI,0.95,42.86,13.15,563.61,327.93,98.47,59.75,77.46,37.6,3.0,Completed
SES-002921,2025-05-30,3,EV-053,Lucknow,Uttar Pradesh,Partner,DC Ultra-Fast,CCS2,Private,Wallet,0.72,71.16,17.79,1265.94,593.38,213.63,34.88,424.05,35.5,3.4,Completed
SES-002708,2024-08-21,0,EV-079,Hyderabad,Telangana,Partner,DC Fast,CCS2,Private,UPI,0.45,22.18,12.98,287.9,169.84,146.96,67.61,-96.51,25.8,3.9,Completed
SES-004512,2025-12-20,3,EV-066,Pune,Maharashtra,Own,AC Level 2,CCS2,Private,UPI,0.81,11.82,8.72,103.07,65.11,104.93,72.63,-139.6,40.1,3.4,Completed
SES-004092,2025-03-03,5,EV-023,Gurugram,Haryana,Franchise,AC Level 2,CCS2,Private,Wallet,0.8,8.4,9.78,82.15,64.35,131.77,30.01,-143.98,28.6,3.6,Completed
SES-003499,2024-09-11,11,EV-091,Chennai,Tamil Nadu,Partner,AC Level 2,CHAdeMO,Private,Wallet,0.87,16.01,10.25,164.1,96.67,48.38,75.42,-56.37,39.3,4.1,Completed
SES-004151,2025-03-17,0,EV-010,Delhi,Delhi,Own,DC Fast,CCS2,Fleet,Wallet,0.96,40.11,15.22,610.47,203.33,196.22,78.52,132.4,51.0,4.0,Completed
SES-002956,2024-08-05,5,EV-023,Delhi,Delhi,Partner,AC Level 2,CHAdeMO,Corporate,Card,2.26,25.89,10.57,273.66,143.97,41.38,15.22,73.09,47.9,5.0,Completed
SES-001511,2024-01-14,15,EV-061,Chennai,Tamil Nadu,Partner,DC Fast,CCS2,Taxi/Ride-share,Wallet,0.53,23.65,15.37,363.5,175.68,41.68,64.95,81.19,56.2,4.3,Completed
SES-000504,2024-04-08,10,EV-090,Hyderabad,Telangana,Franchise,AC Level 2,Type 2,Private,Card,1.09,18.23,9.46,172.46,133.12,175.62,76.26,-212.54,37.6,3.9,Completed
SES-003378,2025-01-02,12,EV-050,Pune,Maharashtra,Partner,DC Fast,Type 2,Taxi/Ride-share,UPI,0.35,19.58,13.36,261.59,150.2,194.12,34.18,-116.91,19.2,4.6,Completed
SES-003058,2024-04-14,18,EV-002,Hyderabad,Telangana,Own,DC Fast,CCS2,Taxi/Ride-share,UPI,0.87,28.71,11.97,343.66,210.0,53.65,71.11,8.9,50.4,3.4,Completed
SES-004059,2024-07-01,23,EV-027,Lucknow,Uttar Pradesh,Own,DC Fast,CCS2,Taxi/Ride-share,UPI,4.11,170.17,15.12,2572.97,1233.77,182.96,70.51,1085.73,75.8,3.3,Completed
SES-004308,2024-07-03,12,EV-010,Mumbai,Maharashtra,Franchise,AC Level 2,CHAdeMO,Private,UPI,0.56,6.38,8.42,53.72,43.1,212.03,15.72,-217.13,29.9,3.8,Completed
SES-002728,2025-03-14,4,EV-058,Pune,Maharashtra,Own,DC Fast,CCS2,Private,UPI,1.36,60.17,14.47,870.66,503.14,189.94,49.76,127.82,18.9,4.2,Completed
SES-001301,2024-03-14,2,EV-078,Ahmedabad,Gujarat,Own,DC Fast,CCS2,Private,Corporate Account,0.74,20.52,15.26,313.14,124.06,131.69,61.2,-3.81,12.7,4.4,Completed
SES-000506,2024-05-16,19,EV-071,Chennai,Tamil Nadu,Own,DC Ultra-Fast,CCS2,Corporate,Card,0.7,81.66,19.56,1597.27,541.63,162.28,75.44,817.92,52.4,4.5,Completed
SES-000442,2025-08-06,7,EV-041,Mumbai,Maharashtra,Own,DC Fast,CCS2,Taxi/Ride-share,Wallet,1.49,84.55,12.06,1019.67,471.62,96.55,78.57,372.93,38.9,4.7,Completed
SES-004711,2025-05-10,10,EV-008,Ahmedabad,Gujarat,Own,DC Fast,CCS2,Private,UPI,1.11,36.58,12.19,445.91,276.19,187.11,9.8,-27.19,7.8,3.9,Completed
SES-001600,2025-10-18,11,EV-019,Chennai,Tamil Nadu,Franchise,DC Fast,CCS2,Corporate,Card,3.33,174.45,15.67,2733.63,1197.55,202.15,39.79,1294.14,77.2,4.6,Completed
SES-000840,2024-06-09,23,EV-054,Jaipur,Rajasthan,Own,DC Fast,CCS2,Private,Card,0.72,33.61,12.91,433.91,274.61,27.83,5.93,125.54,42.1,3.6,Completed
SES-003430,2025-11-25,14,EV-058,Lucknow,Uttar Pradesh,Own,AC Level 2,CCS2,Taxi/Ride-share,UPI,1.47,16.56,10.71,177.36,127.38,202.78,29.55,-182.35,28.7,3.7,Completed
SES-004288,2025-06-23,1,EV-060,Mumbai,Maharashtra,Own,AC Level 2,CCS2,Corporate,Card,1.03,13.39,8.17,109.4,111.47,80.72,11.72,-94.51,37.7,3.3,Completed
SES-002720,2025-12-29,17,EV-056,Mumbai,Maharashtra,Franchise,DC Fast,Type 2,Taxi/Ride-share,Corporate Account,0.64,24.93,11.05,275.48,149.53,87.14,76.46,-37.65,42.5,4.9,Completed
SES-002711,2024-07-14,17,EV-032,Pune,Maharashtra,Own,DC Fast,CCS2,Private,Wallet,0.68,30.31,11.05,334.93,254.35,121.16,65.7,-106.28,44.4,3.7,Completed
SES-001818,2024-07-20,15,EV-016,Chennai,Tamil Nadu,Own,DC Fast,CCS2,Private,Wallet,0.5,14.4,11.11,159.98,107.98,178.5,39.08,-165.58,32.3,3.6,Completed
SES-000916,2024-04-26,11,EV-085,Pune,Maharashtra,Own,AC Level 2,CCS2,Taxi/Ride-share,Wallet,0.48,8.03,9.42,75.64,54.19,68.55,11.13,-58.23,33.4,4.2,Completed
SES-000736,2024-08-19,13,EV-038,Ahmedabad,Gujarat,Partner,DC Fast,CCS2,Private,Wallet,0.4,14.22,13.66,194.25,101.96,108.71,54.9,-71.32,14.7,3.4,Cancelled
SES-000108,2024-11-22,9,EV-096,Jaipur,Rajasthan,Partner,AC Level 2,CHAdeMO,Private,UPI,2.2,41.36,8.39,347.01,260.32,153.45,23.76,-90.52,44.6,4.7,Completed
SES-000689,2024-11-30,6,EV-025,Bengaluru,Karnataka,Partner,DC Fast,Type 2,Corporate,UPI,1.08,36.63,13.7,501.83,260.18,25.3,79.88,136.47,45.4,4.1,Completed
SES-001678,2024-02-11,18,EV-008,Bengaluru,Karnataka,Franchise,DC Fast,CCS2,Taxi/Ride-share,UPI,0.77,34.08,11.0,374.88,174.36,189.38,76.19,-65.05,19.7,5.0,Completed
SES-003445,2025-11-04,9,EV-066,Ahmedabad,Gujarat,Partner,DC Ultra-Fast,CCS2,Fleet,UPI,0.83,73.05,16.68,1218.47,403.79,190.04,6.97,617.67,36.5,4.3,Completed
SES-001163,2025-11-09,6,EV-027,Pune,Maharashtra,Franchise,AC Level 2,Type 2,Corporate,UPI,0.7,12.8,10.48,134.14,78.31,72.94,35.09,-52.2,42.6,3.9,Completed
SES-003363,2024-11-24,8,EV-087,Chennai,Tamil Nadu,Own,AC Level 2,CCS2,Private,UPI,0.26,3.47,10.75,37.3,28.84,40.58,54.15,-86.27,27.0,4.3,Completed
SES-003330,2025-05-18,18,EV-096,Pune,Maharashtra,Own,AC Level 2,Type 2,Corporate,UPI,0.16,3.29,9.29,30.56,18.54,165.55,49.55,-203.08,45.6,4.0,Completed
SES-000762,2024-11-24,3,EV-030,Delhi,Delhi,Partner,AC Level 2,CCS2,Taxi/Ride-share,UPI,1.85,38.07,11.0,418.77,201.53,121.44,63.73,32.07,38.9,3.8,Completed
SES-002733,2025-07-23,4,EV-022,Bengaluru,Karnataka,Own,DC Ultra-Fast,CCS2,Private,Card,0.59,40.9,15.2,621.68,332.3,207.51,5.1,76.77,16.6,5.0,Completed
SES-000910,2024-07-04,6,EV-002,Bengaluru,Karnataka,Partner,DC Ultra-Fast,CCS2,Private,UPI,4.5,180.0,14.39,2590.2,1212.21,135.38,69.61,1173.0,47.7,5.0,Completed
SES-004957,2025-08-05,2,EV-096,Ahmedabad,Gujarat,Own,DC Fast,CCS2,Private,Card,0.73,23.2,12.94,300.21,143.58,184.77,72.68,-100.82,18.7,3.7,Completed
SES-003807,2024-02-19,3,EV-090,Ahmedabad,Gujarat,Franchise,DC Fast,CCS2,Private,UPI,0.82,27.48,12.87,353.67,196.2,58.96,23.13,75.38,22.5,3.8,Completed
SES-004143,2025-10-14,1,EV-031,Bengaluru,Karnataka,Own,DC Fast,CCS2,Taxi/Ride-share,Card,0.63,22.91,11.9,272.63,134.44,23.14,33.69,81.36,18.1,4.2,Completed
SES-003695,2024-01-22,19,EV-056,Ahmedabad,Gujarat,Own,DC Fast,CCS2,Taxi/Ride-share,Wallet,1.32,54.47,15.75,857.9,318.25,40.75,58.75,440.15,25.3,4.1,Completed
SES-000872,2024-06-22,17,EV-009,Delhi,Delhi,Own,DC Fast,CCS2,Private,Wallet,1.05,37.98,12.82,486.9,253.58,31.41,8.19,193.72,29.6,4.0,Completed
SES-003611,2025-05-14,6,EV-025,Lucknow,Uttar Pradesh,Own,DC Fast,CHAdeMO,Taxi/Ride-share,UPI,3.38,156.12,13.76,2148.21,1000.25,37.15,63.69,1047.12,50.2,5.0,Completed
SES-004028,2025-08-06,9,EV-033,Mumbai,Maharashtra,Partner,DC Fast,CCS2,Private,Corporate Account,1.33,56.48,15.85,895.21,318.81,191.97,72.3,312.13,49.4,4.0,Completed
SES-003475,2025-02-06,23,EV-018,Lucknow,Uttar Pradesh,Own,DC Ultra-Fast,CCS2,Taxi/Ride-share,UPI,2.52,180.0,15.75,2835.0,1314.06,177.05,64.14,1279.75,69.6,4.0,Completed
SES-001099,2025-06-05,6,EV-038,Jaipur,Rajasthan,Own,AC Level 2,CCS2,Taxi/Ride-share,UPI,0.42,8.5,8.64,73.44,50.0,213.02,23.19,-212.77,24.6,5.0,Completed
SES-000296,2024-08-24,16,EV-020,Delhi,Delhi,Own,AC Level 2,CCS2,Private,Card,0.26,5.06,8.12,41.09,42.36,215.53,25.26,-242.06,37.5,3.4,Completed
SES-002848,2024-05-11,4,EV-033,Lucknow,Uttar Pradesh,Franchise,DC Ultra-Fast,CCS2,Corporate,UPI,0.31,42.25,15.52,655.72,253.17,281.44,19.31,101.8,40.8,5.0,Completed
SES-003889,2024-05-23,20,EV-047,Mumbai,Maharashtra,Own,DC Fast,Type 2,Taxi/Ride-share,Wallet,0.33,12.43,14.16,176.01,70.29,216.02,27.04,-137.34,25.1,4.5,Completed
SES-003107,2024-11-07,6,EV-070,Hyderabad,Telangana,Franchise,DC Ultra-Fast,CHAdeMO,Private,Card,1.21,127.91,14.5,1854.7,922.13,238.77,42.24,651.56,50.4,3.6,Cancelled
SES-002087,2024-05-20,9,EV-080,Delhi,Delhi,Own,DC Fast,CCS2,Fleet,UPI,1.24,66.46,11.2,744.35,336.7,130.94,53.66,223.05,37.9,3.9,Completed
SES-004293,2025-05-25,22,EV-037,Hyderabad,Telangana,Own,AC Level 2,CCS2,Taxi/Ride-share,Wallet,0.23,,9.06,40.77,24.84,44.54,24.84,-53.45,15.1,3.5,Completed
SES-002988,2024-09-21,22,EV-046,Jaipur,Rajasthan,Own,DC Fast,CHAdeMO,Private,UPI,0.56,31.06,15.72,488.26,202.55,125.22,72.19,88.3,27.7,5.0,Completed
SES-000398,2024-08-18,5,EV-075,Chennai,Tamil Nadu,Own,DC Fast,CCS2,Private,Card,1.16,32.67,12.42,405.76,194.94,176.29,19.2,15.33,22.1,3.6,Completed
SES-000855,2025-07-06,20,EV-070,Chennai,Tamil Nadu,Own,DC Fast,CCS2,Taxi/Ride-share,Card,1.34,53.56,14.72,788.4,448.48,115.55,31.36,193.01,36.3,4.1,Completed
SES-004516,2024-06-03,13,EV-077,Gurugram,Haryana,Partner,DC Fast,CHAdeMO,Private,UPI,0.47,22.51,11.64,262.02,175.62,134.4,9.51,-57.51,24.1,3.5,Failed
SES-002081,2024-07-30,14,EV-001,Delhi,Delhi,Own,DC Fast,CCS2,Private,UPI,1.12,61.87,13.39,828.44,487.14,163.2,65.34,112.76,49.5,4.5,Completed
SES-000019,2025-10-09,5,EV-096,Chennai,Tamil Nadu,Franchise,DC Fast,CCS2,Private,UPI,0.41,20.46,12.0,245.52,141.65,163.58,73.63,-133.34,2.0,3.5,Completed
SES-004861,2025-04-29,7,EV-066,Hyderabad,Telangana,Own,AC Level 2,CCS2,Corporate,Corporate Account,0.66,10.39,10.51,109.2,58.58,31.27,30.62,-11.27,12.6,3.2,Completed
SES-003152,2025-08-21,10,EV-093,Delhi,Delhi,Own,AC Level 2,CCS2,Fleet,UPI,1.01,13.86,8.15,112.96,109.98,87.8,74.27,-159.09,41.4,4.0,Completed
SES-004834,2025-03-10,17,EV-083,Hyderabad,Telangana,Own,DC Fast,Type 2,Corporate,UPI,0.47,14.26,13.95,198.93,112.23,24.73,29.41,32.56,19.7,3.8,Completed
SES-001253,2024-05-22,7,EV-014,Lucknow,Uttar Pradesh,Own,dc fast,CCS2,Private,UPI,0.5,20.54,14.0,287.56,121.42,184.2,67.95,-86.01,28.7,4.6,Completed
SES-000196,2025-11-28,12,EV-088,Jaipur,Rajasthan,Own,DC Fast,Type 2,Private,Corporate Account,1.12,51.96,12.75,662.49,393.99,47.86,21.46,199.18,60.3,4.4,Completed
SES-004111,2025-09-14,17,EV-065,Bengaluru,Karnataka,Own,AC Level 2,CHAdeMO,Taxi/Ride-share,UPI,1.6,32.26,8.21,264.85,264.45,168.76,57.03,-225.39,51.4,4.0,Completed
SES-000204,2025-01-29,7,EV-045,Chennai,Tamil Nadu,Own,AC Level 2,CHAdeMO,Private,Wallet,1.95,35.32,10.47,369.8,219.53,130.22,76.19,-56.14,42.4,4.2,Completed
SES-000293,2025-07-24,3,EV-090,Hyderabad,Telangana,Franchise,DC Fast,CCS2,Corporate,Card,0.69,28.23,13.34,376.59,199.29,55.99,9.75,111.56,46.8,4.1,Completed
SES-001346,2024-06-19,2,EV-080,Mumbai,Maharashtra,Own,AC Level 2,CCS2,Taxi/Ride-share,UPI,0.61,9.15,11.53,105.5,48.6,36.59,20.87,-0.56,9.1,3.6,Completed
SES-002162,2025-04-07,20,EV-068,Bengaluru,Karnataka,Own,DC Fast,Type 2,Taxi/Ride-share,UPI,1.11,55.29,12.98,717.66,429.86,152.48,27.75,107.57,33.3,3.8,Completed
SES-002593,2024-05-06,7,EV-041,Gurugram,Haryana,Own,AC Level 2,CCS2,Fleet,UPI,1.89,29.91,10.26,306.88,226.38,183.83,42.57,-145.9,34.4,4.6,Completed
SES-004633,2025-03-23,17,EV-073,Bengaluru,Karnataka,Franchise,AC Level 2,CCS2,Corporate,UPI,2.37,43.31,9.44,408.85,226.99,156.6,79.84,-54.58,87.1,3.1,Completed
SES-003634,2025-08-10,6,EV-034,Pune,Maharashtra,Partner,AC Level 2,CCS2,Private,Wallet,0.23,4.27,9.93,42.4,33.23,127.3,57.78,-175.91,23.1,4.5,Completed
SES-004405,2024-06-20,9,EV-064,Bengaluru,Karnataka,Franchise,AC Level 2,CCS2,Taxi/Ride-share,Card,2.24,31.03,11.92,369.88,253.24,191.55,42.71,-117.62,65.2,4.1,Completed
SES-003438,2024-05-31,19,EV-006,Hyderabad,Telangana,Own,AC Level 2,CHAdeMO,Corporate,UPI,0.72,9.95,8.39,83.48,64.6,195.46,38.1,-214.68,50.2,3.7,Completed
SES-001630,2024-05-03,21,EV-088,Gurugram,Haryana,Own,DC Fast,CCS2,Private,Card,2.89,108.22,12.21,1321.37,690.89,151.8,24.28,454.4,45.2,4.8,Completed
SES-004393,2025-11-05,22,EV-095,Jaipur,Rajasthan,Franchise,DC Fast,Type 2,Private,UPI,0.69,28.83,15.21,438.5,204.98,24.46,73.97,135.09,36.6,4.4,Completed
SES-000005,2025-04-25,4,EV-077,Ahmedabad,Gujarat,Franchise,AC Level 2,Type 2,Private,UPI,0.39,7.56,11.11,83.99,59.48,108.84,11.7,-96.03,14.6,3.6,Completed
SES-000176,2025-12-22,2,EV-065,Delhi,Delhi,Own,DC Fast,Type 2,Fleet,Wallet,0.87,39.48,11.73,463.1,270.19,211.74,18.04,-36.87,30.0,5.0,Completed
SES-000413,2025-12-01,23,EV-029,Pune,Maharashtra,Franchise,AC Level 2,CHAdeMO,Private,Card,0.4,7.06,9.82,69.33,56.31,75.67,5.9,-68.55,23.5,3.5,Completed
SES-003940,2024-06-12,7,EV-093,Lucknow,Uttar Pradesh,Partner,AC Level 2,CCS2,Corporate,UPI,0.26,3.81,8.36,31.85,30.37,41.24,61.08,-100.84,21.3,4.8,Completed
SES-001991,2025-01-23,17,EV-076,Gurugram,Haryana,Franchise,DC Fast,CCS2,Private,UPI,0.26,13.55,15.7,212.74,90.64,137.78,70.42,-86.1,10.4,3.9,Completed
SES-001431,2024-09-20,3,EV-002,Lucknow,Uttar Pradesh,Own,DC Fast,CHAdeMO,Fleet,UPI,0.43,21.13,15.42,325.82,107.01,108.57,55.06,55.18,13.9,3.7,Completed
SES-001941,2025-05-08,6,EV-090,Ahmedabad,Gujarat,Partner,DC Fast,CCS2,Private,UPI,0.77,30.34,15.03,456.01,173.85,215.78,39.38,27.0,41.0,3.6,Completed
SES-003984,2024-11-17,20,EV-030,Chennai,Tamil Nadu,Own,AC Level 2,CCS2,Private,Wallet,1.54,16.74,11.26,188.49,99.53,121.05,67.89,-99.98,41.9,4.2,Completed
SES-000024,2025-01-23,14,EV-100,Chennai,Tamil Nadu,Own,DC Fast,CCS2,Private,UPI,0.51,26.33,14.98,394.42,218.56,86.92,69.01,19.93,33.6,4.2,Completed
SES-004490,2025-05-18,23,EV-093,Ahmedabad,Gujarat,Franchise,AC Level 2,CHAdeMO,Private,UPI,0.63,8.26,10.4,85.9,56.31,106.89,36.84,-114.14,32.0,,Completed
SES-002293,2024-11-12,5,EV-076,Pune,Maharashtra,Own,DC Fast,CHAdeMO,Corporate,Card,3.22,88.15,14.58,1285.23,574.18,213.46,20.29,477.3,43.5,4.8,Completed
SES-003575,2025-07-23,8,EV-040,Lucknow,Uttar Pradesh,Own,DC Fast,CCS2,Taxi/Ride-share,UPI,1.6,74.73,12.21,912.45,436.91,48.22,51.68,375.64,54.9,4.2,Cancelled
SES-004134,2024-08-22,14,EV-073,Ahmedabad,Gujarat,Franchise,DC Ultra-Fast,CHAdeMO,Private,Card,2.08,180.0,17.52,3153.6,1185.21,193.28,72.08,1703.03,46.3,4.1,Completed
SES-002075,2024-03-28,14,EV-049,Hyderabad,Telangana,Own,DC Fast,CCS2,Private,UPI,0.86,38.91,11.27,438.52,213.17,206.85,42.52,-24.02,27.0,4.1,Completed
SES-000421,2025-09-09,0,EV-092,Hyderabad,Telangana,Partner,DC Ultra-Fast,CCS2,Taxi/Ride-share,Wallet,0.59,59.31,14.57,864.15,455.92,62.61,71.36,274.26,18.6,4.4,Completed
SES-000960,2025-06-03,18,EV-100,Chennai,Tamil Nadu,Franchise,DC Fast,CCS2,Private,Corporate Account,1.1,59.13,13.16,778.15,476.59,39.07,40.19,222.3,38.9,4.3,Completed
SES-000603,2024-05-07,17,EV-077,Chennai,Tamil Nadu,Franchise,DC Fast,CHAdeMO,Private,Card,1.18,59.1,14.24,841.58,487.58,169.84,72.08,112.08,41.5,3.4,Completed
SES-001792,2024-04-30,6,EV-018,Pune,Maharashtra,Partner,DC Fast,CCS2,Private,Wallet,0.66,23.34,13.07,305.05,181.94,32.5,51.1,39.51,35.1,4.1,Completed
SES-004126,2024-09-07,7,EV-031,Jaipur,Rajasthan,Franchise,AC Level 2,CCS2,Private,Card,1.15,19.62,10.93,214.45,124.92,29.8,58.89,0.84,30.9,4.9,Completed
SES-000830,2025-06-15,2,EV-098,Pune,Maharashtra,Own,AC Level 2,CCS2,Corporate,Corporate Account,0.82,16.97,8.34,141.53,141.25,217.57,74.27,-291.56,30.6,3.8,Completed
SES-002564,2025-12-31,3,EV-072,Gurugram,Haryana,Own,DC Fast,CCS2,Fleet,UPI,0.15,8.04,13.36,107.41,46.11,146.71,54.82,-140.23,41.5,3.6,Failed
SES-004737,2024-12-23,21,EV-015,Lucknow,Uttar Pradesh,Franchise,DC Ultra-Fast,CCS2,Fleet,UPI,3.04,180.0,18.13,3263.4,979.07,47.13,42.42,2194.78,45.5,3.4,Completed
SES-003996,2024-06-10,22,EV-065,Gurugram,Haryana,Partner,AC Level 2,CCS2,Taxi/Ride-share,UPI,0.7,12.06,10.57,127.47,63.22,165.15,33.66,-134.56,34.5,3.5,Completed
SES-003140,2025-11-03,6,EV-011,Gurugram,Haryana,Own,AC Level 2,CCS2,Private,UPI,0.32,6.56,11.84,77.67,45.81,114.57,27.06,-109.77,22.0,4.1,Completed
SES-002750,2024-08-14,5,EV-100,Bengaluru,Karnataka,Own,DC Fast,CCS2,Corporate,Wallet,0.98,38.25,15.23,582.55,289.91,30.68,55.86,206.1,38.9,4.8,Completed
SES-002529,2024-04-24,12,EV-070,Gurugram,Haryana,Own,DC Fast,CCS2,Taxi/Ride-share,Corporate Account,0.61,31.26,15.29,477.97,235.82,144.7,62.64,34.81,18.8,4.0,Completed
SES-001577,2025-03-10,7,EV-055,Hyderabad,Telangana,Franchise,DC Fast,CCS2,Private,Card,1.02,54.55,13.77,751.15,338.9,116.13,77.14,218.98,17.1,4.7,Completed
SES-000583,2025-12-06,17,EV-069,Delhi,Delhi,Own,DC Ultra-Fast,CHAdeMO,Private,UPI,2.46,180.0,18.9,3402.0,1114.56,284.96,45.55,1956.93,36.1,3.3,Completed
SES-003256,2024-09-07,17,EV-062,Bengaluru,Karnataka,Franchise,AC Level 2,CCS2,Corporate,Wallet,0.5,8.68,8.77,76.12,66.0,21.91,69.64,-81.43,7.5,3.4,Completed
SES-003577,2025-05-13,10,EV-094,Jaipur,Rajasthan,Franchise,DC Fast,CCS2,Private,UPI,1.1,44.46,13.91,618.44,357.68,96.86,70.81,93.09,33.1,4.6,Completed
SES-002637,2024-09-26,1,EV-058,Gurugram,Haryana,Own,DC Fast,CCS2,Private,UPI,1.38,75.84,14.73,1117.12,575.06,124.92,34.71,382.43,61.1,4.4,Completed
SES-001227,2025-01-10,14,EV-024,Bengaluru,Karnataka,Own,AC Level 2,CCS2,Fleet,UPI,1.57,22.1,8.05,177.91,178.21,79.04,75.63,-154.97,39.8,3.5,Completed
SES-000698,2024-09-03,21,EV-076,Pune,Maharashtra,Own,DC Fast,CCS2,Private,Card,0.37,10.22,11.36,116.1,61.71,48.72,33.11,-27.44,18.0,3.6,Completed
SES-004099,2024-06-18,17,EV-050,Lucknow,Uttar Pradesh,Own,DC Fast,Type 2,Private,Card,1.1,55.81,14.14,789.15,303.81,36.65,44.91,403.78,39.1,3.9,Completed
SES-003518,2025-12-10,7,EV-092,Chennai,Tamil Nadu,Own,AC Level 2,CCS2,Taxi/Ride-share,Card,0.48,7.48,9.05,67.69,58.31,149.8,47.62,-188.04,26.1,4.5,Cancelled
SES-001486,2025-09-23,21,EV-003,Mumbai,Maharashtra,Own,DC Fast,Type 2,Fleet,UPI,1.55,84.32,12.58,1060.75,645.68,171.64,62.49,180.94,41.6,5.0,Completed
SES-000455,2025-01-16,15,EV-004,Jaipur,Rajasthan,Franchise,AC Level 2,CCS2,Private,UPI,1.14,20.07,9.46,189.86,136.11,218.85,55.06,-220.16,21.9,3.7,Completed
SES-003773,2025-10-28,9,EV-038,Ahmedabad,Gujarat,Own,,CCS2,Fleet,Corporate Account,0.57,7.75,11.51,89.2,40.1,119.53,14.0,-84.43,41.2,3.9,Completed
SES-003032,2024-10-11,5,EV-035,Pune,Maharashtra,Own,DC Fast,CHAdeMO,Taxi/Ride-share,UPI,0.39,10.74,15.04,161.53,63.81,31.81,64.45,1.46,23.8,4.2,Completed
SES-002130,2024-10-18,18,EV-042,Mumbai,Maharashtra,Own,AC Level 2,CCS2,Fleet,UPI,0.34,6.25,10.09,63.06,37.91,78.75,68.97,-122.57,24.6,4.4,Completed
SES-001677,2024-11-16,10,EV-084,Lucknow,Uttar Pradesh,Own,DC Fast,Type 2,Taxi/Ride-share,UPI,2.01,60.67,15.16,919.76,415.4,132.34,46.66,325.36,40.5,3.8,Completed
SES-000862,2025-08-20,12,EV-018,Jaipur,Rajasthan,Partner,DC Fast,Type 2,Fleet,UPI,1.5,78.88,11.92,940.25,576.97,134.95,76.39,151.94,33.9,3.6,Completed
SES-000502,2024-07-27,4,EV-036,Delhi,Delhi,Franchise,DC Ultra-Fast,CHAdeMO,Fleet,Wallet,0.17,19.49,18.02,351.21,107.34,120.01,30.87,92.99,12.3,4.0,Completed
SES-002989,2025-05-06,7,EV-050,Mumbai,Maharashtra,Own,AC Level 2,CCS2,Fleet,Corporate Account,1.27,13.47,9.49,127.83,78.29,141.63,48.87,-140.96,25.3,4.5,Completed
SES-002100,2025-04-12,22,EV-093,Gurugram,Haryana,Own,AC Level 2,CHAdeMO,Taxi/Ride-share,UPI,2.9,48.62,8.33,405.0,330.32,217.11,42.38,-184.81,46.0,4.0,Completed
SES-004649,2024-02-08,16,EV-081,Ahmedabad,Gujarat,Franchise,DC Ultra-Fast,CHAdeMO,Taxi/Ride-share,UPI,2.94,180.0,16.95,3051.0,943.57,255.11,14.07,1838.25,38.5,4.7,Completed
SES-004445,2025-12-01,13,EV-066,Jaipur,Rajasthan,Franchise,DC Fast,CHAdeMO,Private,Card,2.73,122.06,12.48,1523.31,929.78,29.84,42.22,521.47,53.1,4.3,Completed
SES-003953,2024-10-08,7,EV-016,Pune,Maharashtra,Franchise,DC Fast,CCS2,Private,Card,0.38,21.16,15.95,337.5,136.66,53.19,53.32,94.33,46.9,4.4,Completed
SES-003715,2025-12-25,22,EV-013,Mumbai,Maharashtra,Own,DC Fast,CCS2,Private,UPI,0.3,8.94,11.54,103.17,55.73,98.86,16.83,-68.25,2.9,4.5,Completed
SES-001801,2024-10-08,3,EV-003,Mumbai,Maharashtra,Own,AC Level 2,CHAdeMO,Private,Wallet,2.23,37.09,11.8,437.66,186.61,212.51,52.6,-14.06,60.5,3.7,Completed
SES-001191,2024-01-07,10,EV-023,Chennai,Tamil Nadu,Franchise,DC Fast,Type 2,Private,Card,1.49,71.18,13.88,987.98,381.13,109.0,69.68,428.17,69.2,3.6,Completed
SES-001367,2025-03-12,7,EV-031,Pune,Maharashtra,Own,DC Fast,CCS2,Corporate,Corporate Account,2.05,71.8,12.54,900.37,488.87,195.04,57.37,159.09,35.7,4.2,Completed
SES-003615,2024-11-11,2,EV-046,Delhi,Delhi,Partner,DC Ultra-Fast,CCS2,Private,UPI,1.72,180.0,17.56,3160.8,916.76,288.85,64.09,1891.1,42.8,3.1,Completed
SES-004345,2024-08-13,18,EV-036,Chennai,Tamil Nadu,Own,DC Ultra-Fast,CCS2,Fleet,UPI,1.14,98.71,16.55,1633.65,761.88,263.31,49.54,558.92,50.1,3.8,Completed
SES-002307,2025-03-25,14,EV-069,Hyderabad,Telangana,Own,DC Fast,CCS2,Fleet,Wallet,1.88,56.44,14.57,822.33,354.71,51.83,77.56,338.23,44.9,5.0,Completed
SES-001295,2025-02-23,16,EV-053,Gurugram,Haryana,Own,DC Ultra-Fast,CCS2,Private,UPI,2.16,180.0,17.11,3079.8,1206.68,43.39,47.49,1782.24,16.4,3.2,Completed
SES-002935,2024-05-28,8,EV-072,Delhi,Delhi,Partner,DC Fast,CCS2,Taxi/Ride-share,UPI,1.38,71.09,15.85,1126.78,362.82,53.82,11.29,698.85,27.2,4.3,Completed
SES-002871,2025-02-06,10,EV-009,Bengaluru,Karnataka,Partner,DC Fast,CHAdeMO,Taxi/Ride-share,UPI,0.3,15.88,11.73,186.27,85.56,25.45,39.0,36.26,34.2,5.0,Cancelled
SES-004854,2025-01-25,7,EV-090,Bengaluru,Karnataka,Own,AC Level 2,CHAdeMO,Private,Corporate Account,0.92,9.2,11.15,102.58,76.21,125.16,54.65,-153.44,12.1,4.4,Completed
SES-003216,2024-10-04,4,EV-080,Mumbai,Maharashtra,Franchise,AC Level 2,CHAdeMO,Fleet,UPI,0.62,9.25,9.75,90.19,61.13,212.1,26.2,-209.24,31.8,3.5,Completed
SES-000217,2024-04-25,22,EV-020,Jaipur,Rajasthan,Own,AC Level 2,Type 2,Fleet,Wallet,0.73,13.98,10.73,150.01,72.0,113.17,55.94,-91.1,44.5,4.1,Completed
SES-003305,2025-05-02,21,EV-092,Lucknow,Uttar Pradesh,Own,DC Ultra-Fast,CHAdeMO,Taxi/Ride-share,Card,2.64,180.0,15.34,2761.2,1433.05,96.88,16.9,1214.37,36.3,3.5,Completed
SES-004210,2024-05-17,10,EV-065,Bengaluru,Karnataka,Own,DC Fast,CCS2,Corporate,Wallet,0.23,9.54,15.99,152.54,54.49,153.19,24.56,-79.7,34.8,3.6,Completed
SES-003840,2025-03-14,14,EV-034,Bengaluru,Karnataka,Franchise,DC Fast,CCS2,Private,UPI,1.83,96.99,15.6,1513.04,491.17,90.3,32.46,899.11,55.0,3.5,Completed
SES-000494,2025-09-29,17,EV-004,Ahmedabad,Gujarat,Own,DC Fast,CCS2,Private,Corporate Account,0.84,28.64,11.74,336.23,208.67,159.27,9.13,-40.84,20.5,5.0,Completed
SES-000473,2025-06-21,23,EV-043,Gurugram,Haryana,Partner,AC Level 2,CCS2,Corporate,Card,1.32,15.07,11.95,180.09,125.15,159.66,7.32,-112.04,40.2,3.8,Completed
SES-001652,2024-08-09,22,EV-086,Gurugram,Haryana,Own,AC Level 2,CCS2,Private,Card,2.01,33.62,9.38,315.36,268.12,135.07,74.66,-162.49,54.9,4.9,Completed
SES-002358,2025-12-03,22,EV-084,Chennai,Tamil Nadu,Franchise,AC Level 2,CCS2,Private,UPI,0.75,10.75,11.46,123.2,82.71,34.14,60.13,-53.78,14.8,3.8,Completed
SES-001755,2024-09-03,23,EV-051,Lucknow,Uttar Pradesh,Own,AC Level 2,CHAdeMO,Taxi/Ride-share,Wallet,1.32,27.28,11.8,321.9,161.26,82.95,39.04,38.65,53.3,3.8,Completed
SES-000997,2025-12-13,3,EV-098,Gurugram,Haryana,Own,DC Fast,CHAdeMO,Private,UPI,2.18,95.12,11.78,1120.51,641.05,20.61,19.65,439.2,61.3,3.2,Completed
SES-003762,2024-03-19,4,EV-027,Hyderabad,Telangana,Own,AC Level 2,Type 2,Taxi/Ride-share,Corporate Account,1.11,15.22,11.0,167.42,82.36,95.84,63.17,-73.95,27.9,4.2,Completed
SES-003062,2025-12-29,3,EV-048,Bengaluru,Karnataka,Own,AC Level 2,Type 2,Taxi/Ride-share,Card,1.4,28.44,11.78,335.02,154.69,73.71,63.35,43.27,38.8,3.9,Completed
SES-004802,2024-12-07,9,EV-001,Jaipur,Rajasthan,Own,AC Level 2,Type 2,Fleet,Wallet,0.47,5.38,8.14,43.79,29.86,44.85,23.77,-54.69,32.7,3.7,Completed
SES-001861,2024-08-03,4,EV-080,Lucknow,Uttar Pradesh,Own,DC Fast,CCS2,Private,UPI,2.81,115.2,14.1,1624.32,898.27,70.99,52.85,602.21,71.1,4.0,Completed
SES-002322,2025-10-09,13,EV-040,Mumbai,Maharashtra,Own,DC Fast,CHAdeMO,Private,Card,2.45,123.96,14.14,1752.79,925.18,128.06,11.31,688.24,65.4,5.0,Completed
SES-002356,2024-04-19,21,EV-088,Chennai,Tamil Nadu,Own,DC Fast,CHAdeMO,Corporate,Card,1.36,60.61,15.13,917.03,337.89,162.89,29.01,387.24,29.3,4.2,Completed
SES-000887,2025-10-22,23,EV-013,Ahmedabad,Gujarat,Own,AC Level 2,CCS2,Private,UPI,0.73,14.53,10.02,145.59,76.26,182.92,78.57,-192.16,25.0,4.2,Completed
SES-000397,2024-01-08,5,EV-004,Mumbai,Maharashtra,Own,DC Ultra-Fast,CCS2,Corporate,Card,0.94,126.94,14.37,1824.13,1044.0,36.94,14.62,728.57,47.9,4.3,Cancelled
SES-002217,2024-08-04,23,EV-095,Pune,Maharashtra,Franchise,DC Fast,Type 2,Corporate,Card,1.24,53.29,12.37,659.2,286.51,30.08,69.75,272.86,39.8,3.7,Completed
SES-000626,2025-11-20,14,EV-015,Pune,Maharashtra,Franchise,AC Level 2,CCS2,Fleet,UPI,0.68,7.96,9.0,71.64,64.89,176.67,39.35,-209.27,19.2,4.5,Completed
SES-002852,2024-03-03,0,EV-029,Delhi,Delhi,Own,DC Fast,CCS2,Fleet,UPI,0.25,7.87,15.4,121.2,50.53,121.56,30.1,-80.99,29.9,3.5,Completed
SES-002381,2025-11-18,22,EV-067,Jaipur,Rajasthan,Own,AC Level 2,CCS2,Private,UPI,1.13,17.45,9.69,169.09,102.69,216.96,20.39,-170.95,17.8,4.0,Completed
SES-004428,2025-05-12,0,EV-100,Hyderabad,Telangana,Own,AC Level 2,CCS2,Taxi/Ride-share,UPI,0.98,17.88,8.35,149.3,102.24,37.54,38.37,-28.85,27.3,3.4,Completed
SES-000380,2024-08-09,22,EV-061,Bengaluru,Karnataka,Own,DC Fast,Type 2,Private,Wallet,0.9,36.16,12.83,463.93,223.25,53.52,37.92,149.24,36.1,3.6,Completed
SES-004873,2024-07-27,1,EV-073,Jaipur,Rajasthan,Own,DC Ultra-Fast,CCS2,Private,UPI,0.86,100.23,16.27,1630.74,597.54,282.58,78.65,671.97,49.4,3.4,Completed
SES-002142,2024-03-04,18,EV-019,Bengaluru,Karnataka,Franchise,DC Fast,CHAdeMO,Private,Wallet,2.02,92.44,13.98,1292.31,595.11,23.83,72.71,600.66,49.1,5.0,Completed
SES-003332,2024-05-30,16,EV-014,Pune,Maharashtra,Own,DC Fast,CHAdeMO,Private,UPI,0.41,19.26,14.23,274.07,127.66,72.05,60.08,14.28,8.1,4.9,Completed
SES-003102,2024-05-29,0,EV-087,Bengaluru,Karnataka,Own,DC Fast,CHAdeMO,Taxi/Ride-share, Card ,0.59,24.43,12.37,302.2,148.56,80.71,35.91,37.02,37.6,3.2,Completed
SES-004611,2024-10-18,16,EV-004,Gurugram,Haryana,Own,AC Level 2,CCS2,Private,Wallet,0.15,3.11,9.9,30.79,24.49,70.93,48.02,-112.65,36.1,3.5,Completed
SES-000150,2024-07-21,14,EV-080,Lucknow,Uttar Pradesh,Partner,AC Level 2,CHAdeMO,Taxi/Ride-share,Card,0.15,2.06,11.34,23.36,13.13,105.71,42.28,-137.76,35.5,3.0,Completed
SES-003074,2025-01-16,5,EV-095,Chennai,Tamil Nadu,Own,AC Level 2,Type 2,Private,UPI,0.61,12.05,9.34,112.55,62.96,95.7,30.94,-77.05,34.9,5.0,Completed
SES-002241,2025-07-04,22,EV-066,Gurugram,Haryana,Own,DC Ultra-Fast,CCS2,Private,UPI,0.92,96.75,14.86,1437.7,565.1,324.85,24.66,523.09,2.0,3.8,Completed
SES-000722,2024-08-04,16,EV-060,Jaipur,Rajasthan,Own,DC Ultra-Fast,CCS2,Corporate,,0.4,35.57,18.81,669.07,218.98,280.96,22.09,147.04,12.8,3.8,Completed
SES-002411,2025-12-01,11,EV-089,Bengaluru,Karnataka,Franchise,AC Level 2,Type 2,Private,UPI,1.38,23.41,11.7,273.9,161.38,196.22,41.25,-124.95,42.9,4.6,Completed
SES-000431,2025-04-03,9,EV-047,Hyderabad,Telangana,Own,DC Fast,CCS2,Private,UPI,1.25,54.23,12.65,686.01,435.49,34.1,12.58,203.84,28.2,3.7,Completed
SES-002490,2024-07-17,21,EV-097,Chennai,Tamil Nadu,Partner,DC Fast,CCS2,Fleet,Wallet,0.43,16.97,13.79,,142.7,163.29,37.39,-109.36,10.8,3.8,Completed
SES-004317,2025-08-15,9,EV-069,Gurugram,Haryana,Franchise,DC Fast,CHAdeMO,Taxi/Ride-share,Wallet,0.18,6.03,15.91,95.94,49.41,117.59,16.45,-87.51,9.2,3.2,Completed
SES-001106,2025-11-07,7,EV-078,Mumbai,Maharashtra,Own,AC Level 2,CCS2,Corporate,UPI,0.74,11.65,10.5,122.32,63.69,133.17,37.6,-112.14,19.2,3.5,Completed
SES-001362,2024-12-10,5,EV-023,Bengaluru,Karnataka,Own,AC Level 2,Type 2,Taxi/Ride-share,Card,1.35,17.07,8.2,139.97,133.02,206.39,41.77,-241.21,31.0,3.6,Completed
SES-001581,2024-06-23,4,EV-100,Lucknow,Uttar Pradesh,Own,AC Level 2,CCS2,Taxi/Ride-share,Card,0.55,6.38,9.38,59.84,33.63,27.77,18.57,-20.13,31.2,3.3,Completed
SES-003440,2025-03-06,20,EV-078,Hyderabad,Telangana,Own,DC Fast,Type 2,Corporate,Corporate Account,0.9,50.29,15.45,776.98,419.38,156.47,68.51,132.62,43.2,4.3,Completed
SES-001052,2024-04-15,9,EV-047,Bengaluru,Karnataka,Own,DC Fast,CCS2,Taxi/Ride-share,UPI,0.24,9.64,14.88,143.44,75.46,27.33,64.51,-23.86,37.5,4.0,Completed
SES-003037,2025-04-14,0,EV-064,Bengaluru,Karnataka,Own,DC Ultra-Fast,Type 2,Private,Card,0.6,44.1,19.51,860.39,268.06,243.15,74.48,274.7,24.8,2.9,Completed
SES-004350,2024-03-09,10,EV-036,Pune,Maharashtra,Partner,DC Fast,CCS2,Private,UPI,0.6,33.38,15.9,530.74,174.25,157.49,23.52,175.48,24.9,4.1,Completed
SES-001556,2024-01-05,22,EV-098,Delhi,Delhi,Own,AC Level 2,CCS2,Private,UPI,2.32,34.0,9.43,320.62,220.46,132.49,28.34,-60.67,45.7,3.7,Completed
SES-004590,2025-11-09,6,EV-053,Hyderabad,Telangana,Own,DC Fast,CCS2,Taxi/Ride-share,Card,0.34,14.97,11.2,167.66,125.06,174.19,74.7,-206.29,2.0,3.1,Completed
SES-004901,2024-09-17,23,EV-028,Gurugram,Haryana,Own,DC Ultra-Fast,CHAdeMO,Private,Card,0.83,64.65,18.42,1190.85,374.95,108.7,68.92,638.28,24.1,4.8,Completed
SES-000360,2024-08-29,18,EV-042,Delhi,Delhi,Own,DC Fast,CCS2,Fleet,Corporate Account,1.33,60.27,12.39,746.75,426.15,21.81,50.57,248.22,24.1,4.3,Completed
SES-003913,2024-01-13,0,EV-093,Mumbai,Maharashtra,Franchise,DC Fast,CCS2,Private,Corporate Account,0.62,20.03,15.97,319.88,123.47,217.04,43.64,-64.27,39.9,3.7,Completed
SES-001672,2024-07-08,22,EV-011,Mumbai,Maharashtra,Franchise,AC Level 2,Type 2,Taxi/Ride-share,Wallet,1.53,28.09,9.81,275.56,172.26,53.63,52.34,-2.67,63.1,5.0,Completed
SES-001973,2024-05-31,2,EV-088,Bengaluru,Karnataka,Own,DC Fast,CCS2,Corporate,UPI,1.21,57.98,13.49,782.15,471.6,88.29,21.62,200.64,28.5,5.0,Completed
SES-003978,2025-03-31,11,EV-058,Jaipur,Rajasthan,Franchise,DC Fast,CCS2,Private,UPI,0.88,40.53,15.8,640.37,244.48,173.85,73.18,148.86,26.1,4.7,Completed
SES-004001,2025-01-04,13,EV-067,Mumbai,Maharashtra,Own,DC Fast,CCS2,Corporate,Corporate Account,0.62,30.04,13.68,410.95,216.46,83.82,60.32,50.35,43.2,4.3,Completed
SES-000353,2025-09-21,0,EV-012,Bengaluru,Karnataka,Own,AC Level 2,Type 2,Taxi/Ride-share,UPI,0.71,13.62,8.34,113.59,81.35,206.06,20.29,-194.11,43.1,3.5,Completed
SES-002568,2025-10-31,2,EV-064,Bengaluru,Karnataka,Own,DC Fast,CHAdeMO,Private,UPI,0.22,10.65,11.98,127.59,82.59,110.96,64.7,-130.66,29.0,4.9,Completed
SES-001949,2024-11-06,19,EV-090,Pune,Maharashtra,Own,DC Ultra-Fast,CCS2,Taxi/Ride-share,Card,2.25,180.0,14.49,2608.2,1087.92,105.43,61.83,1353.02,34.1,4.5,Completed
SES-003158,2025-03-01,4,EV-002,Delhi,Delhi,Own,AC Level 2,CCS2,Taxi/Ride-share,Card,1.59,32.92,11.55,380.23,274.77,112.95,56.51,-64.0,45.8,1.6,Completed
SES-001358,2025-05-04,3,EV-034,Hyderabad,Telangana,Partner,AC Level 2,CCS2,Private,UPI,1.34,19.36,8.58,166.11,126.28,177.3,42.89,-180.36,27.9,3.9,Completed
SES-000408,2024-08-11,3,EV-028,Gurugram,Haryana,Partner,DC Fast,CCS2,Taxi/Ride-share,Wallet,0.25,12.02,15.52,186.55,75.86,189.13,9.66,-88.1,35.1,3.9,Completed
SES-003342,2024-01-27,7,EV-018,Bengaluru,Karnataka,Franchise,AC Level 2,CCS2,Taxi/Ride-share,Corporate Account,1.8,36.18,9.68,350.22,199.48,132.27,28.75,-10.28,52.3,4.4,Completed
SES-004890,2024-10-20,12,EV-044,Jaipur,Rajasthan,Own,AC Level 2,Type 2,Private,UPI,1.31,26.42,11.24,296.96,200.65,196.56,75.02,-175.27,56.4,4.8,Completed
SES-004508,2025-02-25,4,EV-047,Lucknow,Uttar Pradesh,Franchise,AC Level 2,Type 2,Fleet,Card,0.25,4.65,9.56,44.45,33.0,54.76,71.27,-114.58,38.5,4.2,Failed
SES-002601,2024-03-08,11,EV-097,Chennai,Tamil Nadu,Franchise,DC Fast,Type 2,Taxi/Ride-share,Wallet,1.66,89.72,13.27,1190.58,706.21,36.88,33.09,414.4,36.1,3.9,Completed
SES-004038,2025-05-05,10,EV-029,Jaipur,Rajasthan,Franchise,AC Level 2,CCS2,Private,UPI,0.47,9.21,11.85,109.14,72.24,161.48,47.48,-172.06,15.2,3.8,Completed
SES-001931,2024-01-12,13,EV-079,Ahmedabad,Gujarat,Own,AC Level 2,CHAdeMO,Private,UPI,1.33,24.34,9.89,240.72,146.41,198.38,58.45,-162.52,45.2,3.9,Failed
SES-004599,2024-02-12,8,EV-047,Chennai,Tamil Nadu,Franchise,AC Level 2,CCS2,Private,UPI,0.42,5.69,10.85,61.74,38.4,159.53,52.35,-188.54,11.8,5.0,Completed
SES-003298,2024-12-17,7,EV-006,Jaipur,Rajasthan,Own,DC Fast,CCS2,Corporate,UPI,0.69,21.06,15.01,316.11,115.98,132.37,32.13,35.63,24.8,4.6,Cancelled
SES-001416,2024-12-08,5,EV-097,Mumbai,Maharashtra,Partner,AC Level 2,Type 2,Private,Card,2.59,31.15,9.05,281.91,159.74,35.06,36.98,50.13,40.1,3.6,Completed
SES-003505,2025-08-12,19,EV-030,Pune,Maharashtra,Franchise,DC Ultra-Fast,Type 2,Private,UPI,0.44,45.47,17.18,781.17,338.95,154.99,65.03,222.2,4.0,3.2,Completed
SES-004503,2025-01-31,7,EV-026,Bengaluru,Karnataka,Own,AC Level 2,Type 2,Private,UPI,2.96,60.73,8.15,494.95,446.62,29.02,67.6,-48.29,65.9,4.0,Completed
SES-003509,2024-10-06,8,EV-026,Chennai,Tamil Nadu,Partner,AC Level 2,CCS2,Taxi/Ride-share,Wallet,0.83,15.1,9.22,139.22,104.32,33.45,28.88,-27.43,48.5,5.0,Completed
SES-001470,2024-05-22,18,EV-027,Hyderabad,Telangana,Own,DC Fast,CCS2,Taxi/Ride-share,Wallet,1.09,29.85,12.79,381.78,225.52,131.11,40.9,-15.75,28.1,3.5,Completed
SES-002823,2025-12-22,13,EV-062,Lucknow,Uttar Pradesh,Franchise,DC Fast,CCS2,Corporate,UPI,0.81,38.48,14.56,560.27,232.3,74.15,56.33,197.49,36.5,3.7,Completed
SES-001625,2025-02-09,0,EV-072,Ahmedabad,Gujarat,Own,AC Level 2,Type 2,Private,Corporate Account,2.48,42.45,9.26,393.09,294.8,214.07,59.0,-174.78,45.6,3.8,Completed
SES-002689,2024-06-24,16,EV-099,Chennai,Tamil Nadu,Own,DC Fast,CCS2,Corporate,UPI,1.82,80.47,13.68,1100.83,544.21,127.81,56.21,372.6,58.2,4.0,Completed
SES-001828,2024-03-02,19,EV-074,Gurugram,Haryana,Franchise,AC Level 2,CCS2,Taxi/Ride-share,UPI,2.77,35.21,11.79,415.13,282.26,165.01,78.77,-110.91,77.0,2.8,Completed
SES-002745,2025-10-15,20,EV-041,Bengaluru,Karnataka,Own,DC Ultra-Fast,CCS2,Private,UPI,1.97,180.0,14.02,2523.6,1452.56,88.65,57.37,925.02,50.5,3.6,Completed
SES-004133,2024-09-23,21,EV-024,Bengaluru,Karnataka,Own,DC Ultra-Fast,CCS2,Taxi/Ride-share,UPI,0.86,92.25,18.17,1676.18,508.73,196.76,68.38,902.31,46.9,4.1,Completed
SES-003665,2024-11-05,21,EV-010,Ahmedabad,Gujarat,Own,DC Fast,Type 2,Fleet,UPI,1.29,62.29,12.64,787.35,347.97,24.92,13.45,401.01,18.4,2.9,Completed
SES-001271,2025-06-18,6,EV-037,Bengaluru,Karnataka,Partner,DC Fast,Type 2,Private,UPI,0.68,35.84,12.63,452.66,291.65,164.22,76.53,-79.74,26.8,4.4,Completed
SES-003433,2025-03-02,17,EV-072,Gurugram,Haryana,Franchise,DC Ultra-Fast,CCS2,Private,UPI,0.22,18.38,14.22,261.36,150.97,71.77,38.29,0.33,33.4,4.2,Completed
SES-003047,2025-04-02,18,EV-068,Hyderabad,Telangana,Own,AC Level 2,CHAdeMO,Private,Wallet,1.04,20.29,9.25,187.68,118.93,157.56,25.76,-114.57,49.2,4.5,Completed
SES-000278,2024-12-05,1,EV-091,Bengaluru,Karnataka,Franchise,DC Fast,CCS2,Fleet,Corporate Account,1.28,48.38,11.86,573.79,365.27,152.07,6.28,50.17,42.8,4.6,Completed
SES-001585,2024-05-08,1,EV-034,Pune,Maharashtra,Partner,AC Level 2,CCS2,Corporate,Card,2.15,39.14,9.69,379.27,240.17,82.56,49.62,6.92,30.7,3.3,Completed
SES-002361,2025-06-24,21,EV-041,Pune,Maharashtra,Partner,AC Level 2,CHAdeMO,Taxi/Ride-share,UPI,0.58,10.14,11.96,121.27,63.82,31.01,15.86,10.58,25.0,4.7,Completed
SES-000137,2025-04-17,16,EV-038,Lucknow,Uttar Pradesh,Partner,AC Level 2,Type 2,Taxi/Ride-share,Wallet,2.95,61.26,10.61,649.97,358.76,64.99,62.37,163.85,70.5,4.0,Completed
SES-002383,2024-04-28,2,EV-031,Pune,Maharashtra,Own,AC Level 2,CCS2,Taxi/Ride-share,Corporate Account,1.04,16.03,8.0,128.24,96.15,50.78,74.79,-93.48,37.3,4.4,Completed
SES-002845,2024-12-02,10,EV-045,Bengaluru,Karnataka,Own,DC Ultra-Fast,Type 2,Private,Corporate Account,1.5,123.13,17.06,2100.6,717.41,197.41,61.16,1124.62,33.9,3.9,Completed
SES-002260,2025-04-01,14,EV-050,Jaipur,Rajasthan,Own,DC Ultra-Fast,CHAdeMO,Private,Wallet,2.88,180.0,19.65,3537.0,1193.81,118.02,36.05,2189.12,45.6,4.1,Completed
SES-003242,2025-01-13,19,EV-023,Bengaluru,Karnataka,Own,DC Fast,CCS2,Private,Wallet,1.76,93.0,13.35,1241.55,550.44,112.74,60.15,518.22,73.1,4.2,Completed
SES-000340,2025-01-07,10,EV-042,Gurugram,Haryana,Own,DC Fast,CCS2,Private,Card,1.76,62.36,15.63,974.69,528.29,176.83,31.05,238.52,38.1,4.2,Completed
SES-004995,2025-01-08,10,EV-076,Gurugram,Haryana,Partner,AC Level 2,Type 2,Fleet,UPI,1.83,24.28,9.88,239.89,187.43,177.29,42.56,-167.39,48.2,4.0,Completed
SES-002785,2024-07-06,2,EV-014,Hyderabad,Telangana,Own,DC Fast,CHAdeMO,Corporate,Wallet,0.59,28.83,13.63,392.95,230.28,119.84,31.5,11.33,28.2,4.3,Completed
SES-002049,2025-01-01,14,EV-030,Hyderabad,Telangana,Franchise,AC Level 2,Type 2,Taxi/Ride-share,UPI,0.15,2.78,11.02,30.64,20.47,72.62,71.65,-134.1,17.0,4.1,Completed
SES-004261,2025-09-26,12,EV-018,Ahmedabad,Gujarat,Own,DC Fast,CCS2,Corporate,UPI,0.47,26.59,12.01,319.35,156.48,165.92,71.04,-74.09,37.6,4.6,Completed
SES-004226,2025-02-26,15,EV-010,Chennai,Tamil Nadu,Franchise,DC Ultra-Fast,CCS2,Corporate,Corporate Account,2.5,180.0,14.38,2588.4,992.55,227.59,64.97,1303.29,53.1,4.6,Completed
SES-004436,2024-04-21,3,EV-074,Bengaluru,Karnataka,Own,DC Fast,Type 2,Fleet,UPI,0.27,14.95,13.96,208.7,126.19,96.11,51.2,-64.8,22.4,4.1,Completed
SES-004583,2024-12-30,20,EV-021,Pune,Maharashtra,Partner,AC Level 2,Type 2,Corporate,Card,1.19,23.06,8.96,206.62,127.03,152.71,19.81,-92.93,33.2,4.0,Completed
SES-003787,2025-10-31,0,EV-042,Jaipur,Rajasthan,Partner,AC Level 2,CHAdeMO,Private,Card,0.42,6.77,9.09,61.54,49.25,173.95,63.16,-224.82,33.0,5.0,Completed
SES-000792,2024-09-14,4,EV-040,Chennai,Tamil Nadu,Franchise,AC Level 2,CCS2,Private,Corporate Account,1.6,27.47,8.13,223.33,194.6,175.33,55.21,-201.81,49.5,4.4,Completed
SES-001846,2024-02-01,4,EV-011,Delhi,Delhi,Partner,DC Fast,CHAdeMO,Private,UPI,2.14,95.47,13.75,1312.71,538.77,172.34,49.11,552.49,36.0,4.1,Completed
SES-002936,2025-02-12,18,EV-083,Jaipur,Rajasthan,Own,DC Fast,CCS2,Corporate,UPI,1.27,63.81,13.38,853.78,493.1,149.06,32.6,179.02,43.1,4.4,Completed
SES-001908,2025-06-04,0,EV-018,Hyderabad,Telangana,Own,DC Fast,CCS2,Corporate,Corporate Account,1.0,37.32,11.12,415.0,206.55,38.9,17.61,151.94,15.9,5.0,Completed
SES-001791,2025-02-14,22,EV-008,Hyderabad,Telangana,Franchise,DC Fast,CCS2,Private,UPI,0.44,20.72,13.64,282.62,107.69,51.13,10.25,113.55,35.6,3.9,Completed
SES-001345,2024-08-28,22,EV-097,Ahmedabad,Gujarat,Own,AC Level 2,Type 2,Private,Card,0.66,11.57,11.5,133.06,68.5,209.66,53.15,-198.25,44.8,4.2,Completed
SES-001806,2025-05-31,5,EV-075,Hyderabad,Telangana,Franchise,AC Level 2,CCS2,Private,Corporate Account,1.01,11.5,11.15,128.22,84.56,41.01,34.92,-32.27,7.4,4.4,Completed
SES-001817,2024-05-01,10,EV-076,Pune,Maharashtra,Own,DC Fast,CCS2,Private,UPI,0.44,16.05,12.65,203.03,94.12,152.92,44.58,-88.59,8.2,5.0,Completed
SES-000825,2025-10-23,5,EV-001,Hyderabad,Telangana,Partner,DC Fast,CCS2,Fleet,UPI,1.92,84.05,13.24,1112.82,592.59,28.57,22.83,468.83,27.7,4.2,Completed
SES-000991,2025-08-09,10,EV-055,Jaipur,Rajasthan,Own,AC Level 2,Type 2,Fleet,UPI,0.71,8.28,8.32,68.89,66.84,43.31,72.09,-113.35,21.1,3.8,Completed
SES-000818,2025-08-09,18,EV-024,Jaipur,Rajasthan,Partner,DC Ultra-Fast,Type 2,Private,UPI,1.48,135.58,16.11,2184.19,875.38,44.94,14.6,1249.27,20.6,5.0,Completed
SES-001575,2025-01-29,21,EV-046,Ahmedabad,Gujarat,Own,DC Ultra-Fast,CCS2,Private,Corporate Account,0.85,82.57,15.01,1239.38,657.13,92.51,39.84,449.9,46.0,4.9,Completed
SES-001018,2024-10-25,21,EV-071,Ahmedabad,Gujarat,Partner,DC Fast,CCS2,Private,Wallet,2.27,93.45,13.28,1241.02,723.32,73.89,33.04,410.77,52.8,4.6,Completed
SES-004856,2024-02-14,13,EV-087,Chennai,Tamil Nadu,Own,AC Level 2,CCS2,Taxi/Ride-share,Wallet,0.87,16.19,10.35,167.57,129.64,213.98,45.72,-221.77,38.4,4.3,Completed
SES-002456,2024-01-16,15,EV-027,Bengaluru,Karnataka,Own,DC Ultra-Fast,CCS2,Taxi/Ride-share,Wallet,1.25,175.3,14.65,2568.15,993.36,50.27,50.58,1473.94,39.9,3.6,Completed
SES-000978,2024-07-15,20,EV-007,Jaipur,Rajasthan,Franchise,AC Level 2,CCS2,Corporate,UPI,0.75,11.02,10.78,118.8,90.26,121.7,15.72,-108.88,22.8,4.1,Cancelled
SES-000341,2025-01-23,2,EV-090,Ahmedabad,Gujarat,Own,DC Fast,Type 2,Fleet,UPI,0.55,21.22,11.59,245.94,116.59,65.08,55.76,8.51,30.2,3.5,Completed
SES-000332,2025-05-24,1,EV-092,Ahmedabad,Gujarat,Franchise,DC Fast,CCS2,Fleet,Corporate Account,0.77,22.36,14.78,330.48,139.02,126.12,46.31,19.03,46.4,4.8,Completed
SES-003343,2025-09-02,7,EV-037,Pune,Maharashtra,Franchise,DC Fast,CCS2,Private,UPI,0.39,15.53,14.33,222.54,114.18,64.24,56.24,-12.12,25.9,2.8,Completed
SES-002216,2025-01-13,10,EV-054,Mumbai,Maharashtra,Franchise,AC Level 2,Type 2,Corporate,UPI,2.08,21.17,9.44,199.84,122.6,83.02,14.46,-20.24,32.0,4.1,Completed
SES-004582,2024-03-09,2,EV-094,Pune,Maharashtra,Own,DC Ultra-Fast,CCS2,Private,UPI,1.27,145.46,16.27,2366.63,1072.95,114.79,18.16,1160.73,64.2,4.6,Completed
SES-000297,2024-04-26,17,EV-046,Pune,Maharashtra,Partner,AC Level 2,CCS2,Private,UPI,1.68,24.46,8.95,218.92,147.11,163.19,58.65,-150.03,34.1,4.1,Completed
SES-001214,2025-08-29,22,EV-076,Pune,Maharashtra,Own,AC Level 2,CHAdeMO,Private,Card,0.15,2.0,11.2,22.4,10.21,65.39,32.43,-85.63,13.8,4.3,Completed
SES-004688,2024-12-24,5,EV-095,Jaipur,Rajasthan,Franchise,DC Fast,Type 2,Fleet,Card,0.35,10.94,13.57,148.46,86.02,129.14,79.32,-146.02,8.2,4.1,Completed
SES-000320,2025-07-19,23,EV-073,Mumbai,Maharashtra,Own,AC Level 2,CHAdeMO,Private,Card,0.77,8.63,11.8,101.83,60.88,179.73,23.41,-162.19,26.6,3.7,Completed
SES-000758,2025-11-06,12,EV-087,Pune,Maharashtra,Franchise,AC Level 2,Type 2,Private,Wallet,0.66,13.35,8.01,106.93,72.88,90.87,39.15,-95.97,31.4,3.8,Failed
SES-000831,2024-07-17,19,EV-089,Lucknow,Uttar Pradesh,Own,AC Level 2,CCS2,Private,UPI,0.78,15.11,10.56,159.56,113.81,105.88,15.81,-75.94,49.3,4.2,Completed
SES-000663,2025-06-24,14,EV-063,Bengaluru,Karnataka,Own,DC Ultra-Fast,CHAdeMO,Fleet,UPI,0.59,52.05,14.57,758.37,348.25,212.77,79.84,117.51,38.5,3.4,Completed
SES-004274,2024-10-04,10,EV-037,Pune,Maharashtra,Own,DC Fast,CCS2,Fleet,Wallet,0.78,25.02,15.45,386.56,176.82,214.41,9.71,-14.38,22.6,3.4,Cancelled
SES-002615,2024-02-12,6,EV-093,Chennai,Tamil Nadu,Own,AC Level 2,CCS2,Private,UPI,1.37,20.43,11.06,225.96,107.63,76.77,69.29,-27.73,35.9,3.8,Completed
SES-004292,2024-07-11,20,EV-004,Chennai,Tamil Nadu,Own,DC Fast,Type 2,Private,UPI,0.99,50.6,15.91,805.05,297.71,209.28,39.48,258.58,27.4,3.7,Completed
SES-002831,2024-04-05,21,EV-057,Mumbai,Maharashtra,Own,DC Ultra-Fast,CHAdeMO,Fleet,Corporate Account,1.3,128.76,19.77,2545.59,757.71,48.74,31.65,1707.49,36.1,3.5,Completed
SES-000536,2024-05-22,3,EV-002,Mumbai,Maharashtra,Partner,AC Level 2,CCS2,Private,Wallet,0.38,7.35,9.23,67.84,43.01,47.03,49.19,-71.39,32.5,4.8,Completed
SES-002825,2024-01-31,22,EV-045,Bengaluru,Karnataka,Partner,AC Level 2,CCS2,Private,Card,1.5,23.86,8.01,191.12,176.33,23.55,45.81,-54.57,55.2,4.2,Completed
SES-001588,2024-12-12,23,EV-077,Jaipur,Rajasthan,Partner,DC Fast,Type 2,Private,UPI,1.28,42.76,12.27,524.67,284.78,187.83,9.71,42.35,32.9,3.0,Completed
SES-000333,2024-11-02,9,EV-052,Gurugram,Haryana,Franchise,AC Level 2,CCS2,Fleet,UPI,0.94,12.65,11.16,141.17,80.93,35.58,45.17,-20.51,13.8,4.8,Completed
SES-004012,2025-10-23,12,EV-017,Jaipur,Rajasthan,Franchise,AC Level 2,CCS2,Fleet,Corporate Account,1.33,26.32,10.04,264.25,160.75,170.45,20.25,-87.2,51.6,2.8,Completed
SES-001264,2025-12-27,4,EV-098,Gurugram,Haryana,Own,DC Fast,CCS2,Private,UPI,1.78,69.05,14.11,974.3,445.82,64.5,75.98,388.0,24.5,4.6,Completed
SES-004805,2024-12-02,7,EV-059,Chennai,Tamil Nadu,Partner,DC Fast,CCS2,Private,Card,2.11,81.49,14.53,1184.05,559.73,216.38,77.59,330.35,42.6,4.4,Completed
SES-001655,2024-01-05,16,EV-069,Gurugram,Haryana,Own,DC Fast,Type 2,Private,UPI,0.59,18.49,13.17,243.51,127.62,200.8,6.78,-91.69,23.1,5.0,Completed
SES-003572,2025-07-13,23,EV-076,Bengaluru,Karnataka,Own,AC Level 2,CCS2,Fleet,UPI,1.93,23.08,11.6,267.73,129.69,175.67,63.08,-100.71,29.8,4.0,Completed
SES-003463,2024-12-09,22,EV-027,Pune,Maharashtra,Franchise,DC Ultra-Fast,CHAdeMO,Private,UPI,0.78,90.54,18.94,1714.83,730.32,84.71,17.88,881.92,36.1,4.0,Completed
SES-004768,2025-11-28,3,EV-013,Mumbai,Maharashtra,Own,AC Level 2,CCS2,Private,Card,1.35,14.11,8.42,118.81,112.54,43.52,8.44,-45.69,35.8,4.5,Completed
SES-003794,2024-09-15,3,EV-096,Ahmedabad,Gujarat,Own,AC Level 2,CCS2,Taxi/Ride-share,UPI,0.2,2.8,11.05,30.94,23.6,152.13,78.45,-223.24,27.4,4.6,Completed
SES-002569,2024-01-24,0,EV-021,Ahmedabad,Gujarat,Own,DC Fast,Type 2,Fleet,Wallet,1.06,47.67,14.8,705.52,393.52,31.57,57.43,223.0,38.7,4.2,Completed
SES-000561,2025-08-18,12,EV-006,Hyderabad,Telangana,Partner,DC Ultra-Fast,Type 2,Private,Card,1.27,132.43,15.05,1993.07,799.82,81.88,65.26,1046.11,48.1,3.1,Completed
SES-003481,2025-03-01,22,EV-023,Hyderabad,Telangana,Franchise,DC Fast,CCS2,Private,UPI,0.49,17.15,11.27,193.28,111.46,196.53,53.33,-168.04,2.0,4.7,Completed
SES-003015,2024-12-06,4,EV-071,Bengaluru,Karnataka,Own,AC Level 2,CHAdeMO,Taxi/Ride-share,Card,0.41,6.04,8.1,48.92,37.22,70.16,5.18,-63.64,41.8,3.8,Completed
SES-000961,2025-10-07,14,EV-007,Lucknow,Uttar Pradesh,Partner,AC Level 2,CHAdeMO,Private,UPI,1.17,24.43,9.52,232.57,204.66,159.23,55.67,-186.99,49.6,5.0,Completed
SES-001161,2024-07-30,19,EV-004,Lucknow,Uttar Pradesh,Own,AC Level 2,Type 2,Corporate,Wallet,0.46,6.09,8.19,49.88,39.88,62.73,24.94,-77.67,30.2,3.9,Completed
SES-003376,2024-07-30,19,EV-004,Bengaluru,Karnataka,Partner,AC Level 2,CCS2,Taxi/Ride-share,UPI,1.07,11.95,9.05,108.15,79.27,218.46,63.03,-252.61,35.8,5.0,Completed
SES-001776,2025-03-08,4,EV-068,Lucknow,Uttar Pradesh,Own,AC Level 2,Type 2,Private,UPI,0.16,2.17,10.97,23.8,15.41,157.17,65.22,-214.0,26.8,3.7,Completed
SES-004013,2024-11-02,13,EV-086,Hyderabad,Telangana,Partner,DC Fast,CCS2,Private,Card,0.45,14.48,11.27,163.19,96.83,107.65,78.58,-119.87,18.3,4.2,Completed
SES-001442,2024-04-24,8,EV-058,Chennai,Tamil Nadu,Own,DC Ultra-Fast,Type 2,Taxi/Ride-share,UPI,1.06,116.46,18.57,2162.66,860.39,205.95,37.05,1059.27,38.9,3.8,Completed
SES-003402,2025-07-09,5,EV-039,Bengaluru,Karnataka,Partner,AC Level 2,CCS2,Private,Corporate Account,0.41,5.12,11.76,60.21,29.34,177.85,11.69,-158.67,2.1,4.3,Completed
SES-003964,2024-09-12,10,EV-066,Delhi,Delhi,Own,DC Fast,CCS2,Taxi/Ride-share,Card,0.89,48.59,13.78,669.57,346.47,82.14,36.61,204.35,54.5,3.7,Completed
SES-001332,2025-08-21,11,EV-027,Jaipur,Rajasthan,Own,DC Fast,CHAdeMO,Private,Wallet,0.67,20.29,15.36,311.65,152.61,219.66,45.55,-106.17,28.0,3.7,Completed
SES-004988,2025-05-27,22,EV-070,Jaipur,Rajasthan,Own,DC Ultra-Fast,CCS2,Private,UPI,1.79,180.0,17.3,3114.0,1303.91,36.37,13.56,1760.16,44.4,4.9,Completed
SES-000017,2024-09-28,23,EV-002,Mumbai,Maharashtra,Franchise,AC Level 2,CCS2,Private,UPI,0.36,6.59,11.87,78.22,39.17,216.79,44.97,-222.71,21.7,4.4,Completed
SES-003790,2025-04-24,8,EV-096,Gurugram,Haryana,Own,DC Ultra-Fast,CCS2,Corporate,Card,0.22,28.89,19.66,567.98,221.39,296.3,78.78,-28.49,23.4,4.5,Completed
SES-001132,2025-11-02,10,EV-069,Hyderabad,Telangana,Partner,DC Fast,CHAdeMO,Fleet,Wallet,0.15,5.71,14.07,80.34,31.93,191.32,47.18,-190.09,19.9,4.8,Completed
SES-004986,2024-03-15,0,EV-056,Hyderabad,Telangana,Own,DC Fast,CCS2,Corporate,UPI,1.09,33.15,14.92,494.6,175.17,175.93,10.18,133.32,39.1,4.1,Completed
SES-003033,2024-08-29,7,EV-003,Jaipur,Rajasthan,Own,DC Fast,Type 2,Private,Corporate Account,0.87,35.16,12.28,431.76,222.6,100.3,54.61,54.25,23.9,3.6,Completed
SES-000658,2024-01-06,17,EV-078,Chennai,Tamil Nadu,Franchise,DC Fast,CCS2,Private,UPI,0.61,29.37,15.84,465.22,188.63,140.81,62.68,73.1,42.1,4.5,Cancelled
SES-001656,2024-11-29,23,EV-019,Mumbai,Maharashtra,Own,DC Fast,CCS2,Fleet,UPI,2.64,113.74,14.09,1602.6,882.6,192.7,22.42,504.88,67.6,3.8,Completed
SES-000156,2025-02-17,15,EV-080,Pune,Maharashtra,Partner,DC Fast,CCS2,Fleet,UPI,0.15,4.8,14.98,71.9,27.98,81.65,50.14,-87.87,27.5,4.9,Completed
SES-004205,2025-10-05,3,EV-054,Pune,Maharashtra,Partner,DC Ultra-Fast,CCS2,Private,UPI,0.15,14.41,15.0,216.15,82.2,217.57,20.87,-104.49,34.3,4.9,Failed
SES-000393,2024-05-21,3,EV-013,Delhi,Delhi,Partner,DC Fast,CCS2,Private,Card,0.86,47.49,14.79,702.38,247.94,169.38,32.06,253.0,43.8,4.4,Completed
SES-001696,2024-08-29,6,EV-026,Bengaluru,Karnataka,Franchise,DC Fast,CCS2,Fleet,UPI,0.61,21.89,11.1,242.98,123.51,167.91,66.37,-114.81,10.0,4.3,Completed
SES-001296,2025-10-14,7,EV-071,Lucknow,Uttar Pradesh,Own,AC Level 2,CCS2,Taxi/Ride-share,Wallet,0.76,13.0,11.78,153.14,100.36,56.91,47.28,-51.41,10.3,,Completed
SES-002748,2025-09-25,22,EV-066,Mumbai,Maharashtra,Own,AC Level 2,CCS2,Private,UPI,1.38,25.95,11.52,298.94,207.09,190.66,34.38,-133.19,30.3,4.4,Completed
SES-001881,2024-03-05,12,EV-077,Gurugram,Haryana,Own,AC Level 2,CCS2,Private,UPI,0.63,10.53,11.27,118.67,68.82,180.69,30.06,-160.9,11.6,3.4,Completed
SES-001428,2024-06-20,7,EV-017,Lucknow,Uttar Pradesh,Franchise,DC Fast,CCS2,Fleet,Corporate Account,1.79,89.08,15.6,1389.65,623.24,34.21,68.01,664.19,48.8,3.1,Completed
SES-001590,2025-02-14,16,EV-100,Jaipur,Rajasthan,Own,AC Level 2,CCS2,Private,UPI,0.15,2.24,8.84,19.8,13.45,44.81,77.8,-116.26,14.6,4.4,Completed
SES-002523,2025-05-17,4,EV-031,Hyderabad,Telangana,Own,DC Fast,CCS2,Private,Card,0.15,6.31,12.71,80.2,38.77,127.6,49.97,-136.14,14.3,3.8,Completed
SES-004673,2024-01-20,6,EV-078,Jaipur,Rajasthan,Own,AC Level 2,CCS2,Private,UPI,0.65,7.38,11.31,83.47,60.32,35.18,23.31,-35.34,20.5,3.9,Completed
SES-001016,2025-08-24,18,EV-086,Lucknow,Uttar Pradesh,Franchise,AC Level 2,CCS2,Private,UPI,0.47,9.51,11.01,104.71,74.42,190.11,18.23,-178.05,13.1,3.2,Completed
SES-002770,2025-10-21,13,EV-097,Pune,Maharashtra,Own,AC Level 2,CHAdeMO,Private,UPI,0.85,9.05,9.71,87.88,58.04,39.79,23.66,-33.61,25.8,3.5,Completed
SES-004799,2025-10-13,10,EV-096,Chennai,Tamil Nadu,Partner,AC Level 2,CCS2,Private,Wallet,1.84,31.3,10.13,317.07,169.91,123.75,21.98,1.43,35.4,4.1,Completed
SES-000181,2025-03-18,20,EV-002,Ahmedabad,Gujarat,Own,AC Level 2,CCS2,Private,Card,0.94,15.03,9.19,138.13,83.5,158.7,56.18,-160.25,29.8,4.2,Completed
SES-002269,2024-10-13,19,EV-068,Pune,Maharashtra,Own,AC Level 2,Type 2,Fleet,Corporate Account,0.54,8.62,8.27,71.29,71.82,179.65,65.44,-245.62,36.0,4.8,Completed
SES-002762,2024-04-02,7,EV-073,Hyderabad,Telangana,Own,DC Fast,Type 2,Corporate,Wallet,1.29,61.95,14.85,919.96,449.29,167.92,50.41,252.34,36.1,4.4,Completed
SES-001632,2025-09-29,19,EV-014,Delhi,Delhi,Own,AC Level 2,Type 2,Fleet,Wallet,0.37,4.24,10.26,43.5,29.75,108.34,13.05,-107.64,26.6,4.4,Completed
SES-003057,2025-02-23,16,EV-041,Bengaluru,Karnataka,Own,AC Level 2,CCS2,Private,UPI,0.87,13.85,11.36,157.34,95.77,205.66,62.43,-206.52,11.2,4.3,Completed
SES-004222,2025-05-29,2,EV-028,Hyderabad,Telangana,Own,AC Level 2,Type 2,Private,Card,0.3,3.16,8.34,26.35,17.39,146.08,22.96,-160.08,44.1,4.4,Completed
SES-001293,2025-11-03,17,EV-007,Mumbai,Maharashtra,Own,AC Level 2,CCS2,Corporate,Card,1.21,23.82,11.12,264.88,135.88,98.14,41.75,-10.89,45.3,3.6,Completed
SES-004941,2025-03-24,15,EV-031,Lucknow,Uttar Pradesh,Own,AC Level 2,CHAdeMO,Corporate,UPI,0.92,17.17,9.77,167.75,96.52,138.6,30.62,-97.99,27.8,3.9,Completed
SES-003836,2025-08-30,4,EV-033,Chennai,Tamil Nadu,Own,AC Level 2,Type 2,Corporate,UPI,0.33,5.2,8.2,42.64,33.59,83.91,69.06,-143.92,13.3,4.1,Completed
SES-004268,2025-02-12,1,EV-048,Delhi,Delhi,Own,AC Level 2,CCS2,Fleet,Corporate Account,1.42,24.94,8.32,207.5,151.0,112.81,31.48,-87.79,37.0,3.3,Completed
SES-002607,2025-09-08,12,EV-029,Mumbai,Maharashtra,Franchise,DC Ultra-Fast,Type 2,Private,Wallet,0.61,61.77,15.38,950.02,383.66,280.37,10.95,275.04,20.2,4.1,Completed
SES-000555,2025-02-16,18,EV-098,Chennai,Tamil Nadu,Own,DC Fast,CCS2,Private,UPI,1.87,58.49,12.75,745.75,378.89,214.46,17.44,134.96,22.8,3.9,Completed
SES-000401,2024-05-16,4,EV-007,Pune,Maharashtra,Partner,AC Level 2,CCS2,Private,UPI,0.63,11.0,11.46,126.06,59.48,130.48,57.1,-121.0,37.3,5.0,Completed
SES-002790,2024-06-02,5,EV-032,Hyderabad,Telangana,Franchise,AC Level 2,CHAdeMO,Private,Card,0.33,3.44,10.49,36.09,23.94,83.56,36.67,-108.08,29.6,4.5,Completed
SES-004705,2024-05-09,4,EV-057,Pune,Maharashtra,Own,AC Level 2,CHAdeMO,Corporate,UPI,0.32,3.44,10.71,36.84,25.07,90.78,22.57,-101.58,13.5,3.6,Completed
SES-001854,2024-10-08,3,EV-040,Chennai,Tamil Nadu,Own,AC Level 2,CCS2,Fleet,Card,1.63,24.03,9.97,239.58,161.85,217.71,6.79,-146.77,47.6,4.1,Completed
SES-003965,2025-05-08,12,EV-041,Mumbai,Maharashtra,Own,AC Level 2,CCS2,Private,UPI,0.2,2.43,11.56,28.09,15.91,123.66,18.75,-130.23,29.6,3.7,Completed
SES-003845,2024-11-20,12,EV-056,Mumbai,Maharashtra,Franchise,AC Level 2,CCS2,Corporate,Corporate Account,2.14,37.52,11.48,430.73,190.26,96.26,5.28,138.93,44.1,5.0,Failed
SES-003788,2024-01-21,14,EV-048,Bengaluru,Karnataka,Own,DC Fast,CCS2,Corporate,UPI,1.04,36.99,15.97,590.73,285.08,72.46,55.61,177.58,41.9,4.1,Completed
SES-000993,2024-12-23,8,EV-046,Chennai,Tamil Nadu,Own,DC Fast,Type 2,Corporate,UPI,0.15,4.37,12.98,56.72,25.0,199.34,34.41,-202.03,27.4,4.1,Completed
SES-002618,2025-07-23,23,EV-007,Chennai,Tamil Nadu,Franchise,DC Fast,CHAdeMO,Private,Wallet,1.35,48.74,13.35,650.68,380.98,219.05,76.46,-25.81,46.9,4.4,Completed
SES-002911,2024-05-19,22,EV-011,Hyderabad,Telangana,Partner,AC Level 2,CCS2,Private,UPI,2.18,22.92,9.48,217.28,129.42,74.31,17.59,-4.04,40.8,4.3,Completed
SES-003558,2024-02-04,8,EV-019,Gurugram,Haryana,Own,DC Fast,CCS2,Private,UPI,0.86,45.51,15.34,698.12,249.9,154.53,7.5,286.19,35.5,3.8,Completed
SES-000171,2025-12-13,4,EV-048,Bengaluru,Karnataka,Franchise,AC Level 2,CCS2,Fleet,Wallet,0.8,11.87,8.04,95.43,85.69,130.04,44.1,-164.4,23.5,3.7,Completed
SES-000687,2025-06-22,23,EV-013,Chennai,Tamil Nadu,Own,AC Level 2,Type 2,Fleet,UPI,0.57,11.17,8.73,97.51,92.19,106.64,70.98,-172.3,16.2,4.0,Completed
SES-003151,2024-11-07,3,EV-085,Chennai,Tamil Nadu,Franchise,DC Ultra-Fast,Type 2,Private,UPI,2.72,180.0,18.67,3360.6,1184.78,212.15,19.89,1943.78,41.7,3.8,Completed
SES-003233,2024-01-18,10,EV-029,Mumbai,Maharashtra,Own,DC Fast,Type 2,Private,Card,4.02,156.19,12.8,1999.23,1153.42,22.98,74.43,748.4,56.3,4.4,Completed
SES-000061,2024-04-03,22,EV-034,Hyderabad,Telangana,Own,AC Level 2,CCS2,Private,UPI,0.65,11.64,9.08,105.69,89.24,40.74,29.07,-53.36,34.0,4.6,Completed
SES-004533,2024-12-29,19,EV-037,Ahmedabad,Gujarat,Own,DC Fast,CCS2,Private,Wallet,1.27,55.25,12.56,693.94,416.41,211.13,60.5,5.9,42.1,3.1,Completed
SES-004243,2025-09-05,14,EV-071,Mumbai,Maharashtra,Franchise,DC Fast,Type 2,Private,UPI,0.17,7.78,14.63,113.82,52.56,178.21,57.61,-174.56,2.0,3.2,Completed
SES-003757,2025-05-20,2,EV-091,Ahmedabad,Gujarat,Own,AC Level 2,CCS2,Corporate,Wallet,1.13,22.16,9.71,215.17,165.46,189.96,19.72,-159.97,45.5,5.0,Completed
SES-004118,2024-12-29,7,EV-011,Mumbai,Maharashtra,Own,DC Fast,CHAdeMO,Private,UPI,0.3,9.81,14.33,140.58,80.97,204.13,72.46,-216.98,15.3,3.9,Completed
SES-002315,2024-01-25,22,EV-024,Gurugram,Haryana,Own,DC Fast,CCS2,Fleet,Card,1.73,93.5,13.9,1299.65,693.33,200.74,40.53,365.05,62.5,3.5,Failed
SES-000720,2025-12-16,2,EV-092,Hyderabad,Telangana,Own,DC Fast,CCS2,Corporate,Card,0.5,27.17,12.8,347.78,148.72,215.01,44.06,-60.01,27.6,3.7,Completed
SES-002455,2025-07-21,5,EV-058,Delhi,Delhi,Franchise,DC Ultra-Fast,CHAdeMO,Fleet,Corporate Account,3.21,180.0,19.28,3470.4,1502.49,140.99,64.69,1762.23,18.9,4.5,Completed
SES-002707,2024-02-16,20,EV-048,Lucknow,Uttar Pradesh,Own,DC Fast,CCS2,Private,UPI,0.33,11.72,15.47,181.31,94.35,62.56,40.45,-16.05,25.6,4.2,Completed
SES-003450,2025-06-09,1,EV-081,Hyderabad,Telangana,Own,AC Level 2,Type 2,Taxi/Ride-share,Wallet,0.62,10.01,10.81,108.21,61.83,53.68,58.8,-66.1,22.5,4.3,Completed
SES-000526,2025-09-23,4,EV-094,Lucknow,Uttar Pradesh,Franchise,DC Fast,CHAdeMO,Private,UPI,0.97,29.2,15.46,451.43,226.21,53.78,29.12,142.32,26.7,3.9,Completed
SES-000670,2025-05-06,9,EV-009,Gurugram,Haryana,Own,DC Fast,Type 2,Taxi/Ride-share,Wallet,1.02,39.02,11.54,450.29,238.36,193.26,11.4,7.27,43.6,3.6,Completed
SES-001109,2024-10-16,7,EV-094,Ahmedabad,Gujarat,Own,DC Fast,CCS2,Private,Corporate Account,0.96,37.82,12.83,485.23,309.32,173.59,18.0,-15.68,40.1,4.2,Completed
SES-003552,2025-08-14,5,EV-079,Jaipur,Rajasthan,Own,AC Level 2,CCS2,Private,Card,1.24,12.81,8.61,110.29,105.59,78.46,46.5,-120.26,31.8,4.4,Completed
SES-000999,2025-04-13,11,EV-003,Mumbai,Maharashtra,Franchise,AC Level 2,CHAdeMO,Taxi/Ride-share,UPI,2.73,30.8,10.95,337.26,238.85,174.97,62.78,-139.34,52.6,3.7,Completed
SES-004307,2024-01-09,3,EV-035,Jaipur,Rajasthan,Own,AC Level 2,CCS2,Corporate,UPI,0.44,7.76,10.53,81.71,64.62,70.1,36.12,-89.13,27.0,4.5,Completed
SES-003377,2024-05-18,18,EV-086,Chennai,Tamil Nadu,Own,DC Fast,CCS2,Private,UPI,0.75,40.69,14.77,600.99,215.38,123.47,27.0,235.14,32.9,3.5,Failed
SES-004384,2024-09-19,8,EV-054,Mumbai,Maharashtra,Own,DC Fast,CCS2,Private,Wallet,0.2,7.9,14.14,111.71,63.69,152.61,70.15,-174.74,37.6,4.3,Completed
SES-000054,2025-04-21,2,EV-075,Mumbai,Maharashtra,Partner,DC Fast,CCS2,Fleet,UPI,0.51,21.88,14.78,323.39,177.73,23.55,33.93,88.18,23.2,3.8,Completed
SES-003426,2024-12-14,4,EV-072,Pune,Maharashtra,Own,DC Fast,CCS2,Corporate,UPI,1.86,85.28,15.78,1345.72,602.83,42.79,14.94,685.16,43.5,4.0,Completed
SES-003055,2024-09-05,10,EV-012,Jaipur,Rajasthan,Partner,AC Level 2,CCS2,Private,UPI,0.54,10.3,8.6,88.58,66.55,55.49,24.93,-58.39,20.2,4.0,Completed
SES-002243,2025-03-02,20,EV-022,Lucknow,Uttar Pradesh,Partner,,CCS2,Corporate,UPI,0.97,48.63,11.16,542.71,309.46,66.44,76.52,90.29,34.0,3.8,Completed
SES-001825,2025-08-01,18,EV-013,Mumbai,Maharashtra,Partner,DC Fast,CCS2,Taxi/Ride-share,UPI,0.46,21.55,11.73,252.78,171.58,45.22,55.23,-19.25,26.8,4.6,Completed
SES-004088,2024-02-29,21,EV-100,Chennai,Tamil Nadu,Own, DC Fast ,CHAdeMO,Fleet,UPI,2.21,82.53,11.96,987.06,638.55,217.67,66.49,64.35,24.8,4.0,Completed
SES-003540,2025-12-04,18,EV-058,Pune,Maharashtra,Franchise,DC Ultra-Fast,CCS2,Corporate,UPI,0.51,59.03,17.59,1038.34,335.65,184.37,6.46,511.86,5.3,3.6,Completed
SES-004469,2025-08-06,5,EV-057,Bengaluru,Karnataka,Franchise,DC Ultra-Fast,CCS2,Private,Card,0.15,13.32,14.69,195.67,80.86,212.35,15.26,-112.8,20.6,5.0,Completed
SES-000206,2024-01-06,8,EV-022,Hyderabad,Telangana,Own,DC Fast,CCS2,Private,UPI,1.94,90.68,15.37,1393.75,751.54,88.06,20.91,533.24,40.1,3.9,Completed
SES-004693,2025-10-09,18,EV-088,Hyderabad,Telangana,Own,DC Fast,CHAdeMO,Private,UPI,0.58,32.11,12.98,416.79,236.56,87.31,64.15,28.77,39.9,4.7,Completed
SES-001832,2024-10-11,4,EV-053,Jaipur,Rajasthan,Franchise,DC Fast,CCS2,Corporate,Wallet,0.98,39.86,15.51,618.23,330.34,95.04,35.99,156.86,22.4,4.0,Completed
SES-002337,2024-04-28,15,EV-017,Pune,Maharashtra,Franchise,DC Ultra-Fast,Type 2,Private,Corporate Account,0.46,56.2,16.15,907.63,421.98,288.82,78.22,118.61,12.1,4.7,Completed
SES-004191,2024-07-31,4,EV-024,Hyderabad,Telangana,Own,DC Ultra-Fast,Type 2,Corporate,UPI,0.68,53.35,17.14,914.42,330.7,191.76,19.88,372.08,27.9,3.8,Completed
SES-004020,2024-03-06,19,EV-006,Delhi,Delhi,Franchise,DC Fast,CHAdeMO,Fleet,UPI,0.38,10.75,14.22,152.86,90.24,33.51,37.42,-8.31,19.8,4.2,Completed
SES-001193,2025-11-21,9,EV-030,Pune,Maharashtra,Own,DC Ultra-Fast,CHAdeMO,Taxi/Ride-share,UPI,0.37,47.43,17.09,810.58,348.74,131.16,38.13,292.55,19.0,3.8,Completed
SES-002199,2025-11-16,22,EV-047,Chennai,Tamil Nadu,Own,AC Level 2,CCS2,Private,Card,0.59,8.77,9.34,81.91,56.22,102.68,69.03,-146.02,7.7,3.4,Completed
SES-003165,2024-02-01,20,EV-001,Bengaluru,Karnataka,Own,AC Level 2,CCS2,Fleet,Card,1.21,20.23,9.37,189.56,168.65,211.31,54.81,-245.21,39.1,4.4,Completed
SES-002880,2024-09-01,15,EV-096,Jaipur,Rajasthan,Partner,DC Fast,CHAdeMO,Taxi/Ride-share,UPI,0.78,42.68,11.31,482.71,273.47,56.27,17.33,135.64,12.5,3.8,Completed
SES-003924,2025-10-25,10,EV-068,Gurugram,Haryana,Franchise,AC Level 2,CCS2,Private,UPI,0.96,16.21,9.15,148.32,121.15,57.15,42.76,-72.74,31.5,4.8,Completed
SES-004404,2024-08-08,23,EV-061,Lucknow,Uttar Pradesh,Franchise,DC Fast,CCS2,Taxi/Ride-share,UPI,0.37,21.05,12.75,268.39,145.77,175.84,70.03,-123.25,27.2,4.8,Completed
SES-004641,2024-05-01,0,EV-024,Ahmedabad,Gujarat,Partner,DC Fast,CHAdeMO,Private,Card,1.94,93.52,13.71,1282.16,688.97,208.03,53.75,331.41,54.0,4.3,Completed
SES-001889,2024-04-08,7,EV-033,Gurugram,Haryana,Own,DC Fast,CCS2,Fleet,Wallet,2.02,95.03,12.32,1170.77,582.99,133.04,38.08,416.66,46.8,4.1,Completed
SES-003029,2025-02-11,16,EV-051,Pune,Maharashtra,Own,DC Ultra-Fast,CCS2,Corporate,UPI,0.99,97.93,15.1,1478.74,576.06,235.32,27.86,639.5,22.0,3.0,Completed
SES-002994,2024-06-14,17,EV-041,Ahmedabad,Gujarat,Own,AC Level 2,Type 2,Private,UPI,1.36,28.16,11.09,312.29,170.72,124.96,52.13,-35.52,18.5,3.6,Completed
SES-004636,2025-04-09,13,EV-084,Pune,Maharashtra,Own,DC Ultra-Fast,Type 2,Private,Card,1.02,122.53,18.18,2227.6,894.63,57.38,63.25,1212.34,51.8,3.6,Completed
SES-001336,2025-04-12,4,EV-036,Lucknow,Uttar Pradesh,Own,DC Ultra-Fast,CCS2,Private,UPI,2.1,180.0,16.9,3042.0,1434.58,193.16,67.09,1347.17,43.3,4.0,Cancelled
SES-003907,2025-10-23,16,EV-037,Chennai,Tamil Nadu,Own,AC Level 2,CCS2,Taxi/Ride-share,UPI,2.62,54.19,11.05,598.8,389.32,50.11,51.69,107.68,70.6,4.1,Completed
SES-004295,2024-05-04,14,EV-077,Bengaluru,Karnataka,Partner,DC Fast,Type 2,Taxi/Ride-share,UPI,0.77,31.96,12.53,400.46,243.57,133.51,16.5,6.88,24.1,5.0,Completed
SES-004112,2025-07-05,12,EV-060,Bengaluru,Karnataka,Own,AC Level 2,Type 2,Taxi/Ride-share,Wallet,0.91,15.39,9.7,149.28,102.12,190.65,52.54,-196.03,38.3,4.4,Completed
SES-001276,2025-07-24,1,EV-021,Delhi,Delhi,Franchise,AC Level 2,CHAdeMO,Private,UPI,0.31,5.13,11.24,57.66,35.36,34.51,46.66,-58.87,29.3,3.5,Completed
SES-000739,2024-05-30,18,EV-054,Hyderabad,Telangana,Franchise,AC Level 2,CCS2,Private,Card,0.96,12.95,8.39,108.65,75.61,185.87,57.7,-210.53,23.3,4.7,Completed
SES-004708,2024-11-05,19,EV-055,Ahmedabad,Gujarat,Own,AC Level 2,Type 2,Private,UPI,2.57,39.63,11.07,438.7,222.65,98.93,25.46,91.66,56.8,3.6,Completed
SES-004209,2024-08-24,5,EV-038,Delhi,Delhi,Partner,AC Level 2,CCS2,Fleet,UPI,0.65,6.68,9.62,64.26,53.95,81.2,55.37,-126.26,55.1,3.7,Completed
SES-000992,2025-04-28,17,EV-081,Chennai,Tamil Nadu,Own,AC Level 2,CCS2,Corporate,Card,2.4,30.19,8.85,267.18,181.98,146.8,38.68,-100.28,68.6,5.0,Completed
SES-002051,2024-03-11,6,EV-049,Chennai,Tamil Nadu,Franchise,DC Fast,Type 2,Private,Wallet,0.15,7.39,14.42,106.56,52.53,104.34,79.04,-129.35,28.2,3.8,Completed
SES-003025,2025-07-08,2,EV-002,Jaipur,Rajasthan,Own,AC Level 2,CHAdeMO,Corporate,Card,1.21,14.91,11.82,176.24,119.48,56.59,14.92,-14.75,31.0,3.8,Completed
SES-001177,2025-08-06,4,EV-088,Lucknow,Uttar Pradesh,Partner,DC Ultra-Fast,CCS2,Private,Card,0.15,11.29,18.63,210.33,77.77,95.96,15.27,21.33,10.4,4.9,Completed
SES-002908,2025-11-30,14,EV-076,Delhi,Delhi,Franchise,AC Level 2,Type 2,Corporate,UPI,0.95,13.6,10.78,146.61,107.78,34.68,14.07,-9.92,31.7,3.7,Completed
SES-000048,2025-12-03,15,EV-004,Hyderabad,Telangana,Own,AC Level 2,CCS2,Private,UPI,0.77,14.88,10.23,152.22,100.85,158.86,79.04,-186.53,23.8,4.5,Completed
SES-000606,2024-10-08,2,EV-067,Lucknow,Uttar Pradesh,Franchise,DC Ultra-Fast,CCS2,Fleet,UPI,0.48,60.21,17.71,1066.32,460.18,218.98,56.3,330.86,27.2,3.8,Completed
SES-003166,2025-06-23,15,EV-051,Lucknow,Uttar Pradesh,Franchise,AC Level 2,CCS2,Private,UPI,0.6,6.93,9.3,64.45,45.46,28.56,65.92,-75.49,19.6,4.5,Completed
SES-003087,2024-01-21,7,EV-038,Mumbai,Maharashtra,Partner,AC Level 2,CCS2,Taxi/Ride-share,UPI,1.25,19.08,10.43,199.0,109.08,150.15,39.37,-99.6,16.6,4.5,Completed
SES-004702,2025-04-19,2,EV-046,Delhi,Delhi,Own,AC Level 2,Type 2,Fleet,UPI,1.17,19.32,8.86,171.18,143.72,188.88,50.37,-211.79,37.6,3.0,Completed
SES-000673,2024-10-08,18,EV-092,Pune,Maharashtra,Franchise,DC Ultra-Fast,CCS2,Fleet,UPI,0.44,43.45,14.74,640.45,347.33,40.47,59.98,192.67,30.7,3.2,Completed
SES-000488,2024-10-11,5,EV-039,Bengaluru,Karnataka,Own,DC Fast,Type 2,Private,Card,1.23,45.53,13.34,607.37,249.57,172.92,72.94,111.94,35.9,4.4,Failed
SES-002878,2025-03-17,2,EV-047,Chennai,Tamil Nadu,Own,DC Fast,CCS2,Taxi/Ride-share,UPI,2.36,66.45,11.36,754.87,472.88,114.87,32.95,134.17,50.0,2.7,Completed
SES-002869,2025-08-29,23,EV-055,Hyderabad,Telangana,Franchise,AC Level 2,CCS2,Private,UPI,0.51,5.91,10.09,59.63,34.87,62.78,46.1,-84.12,36.7,4.8,Completed
SES-000300,2024-02-26,19,EV-058,Lucknow,Uttar Pradesh,Partner,DC Fast,CHAdeMO,,Corporate Account,1.0,42.38,12.62,534.84,258.57,119.03,36.62,120.62,41.3,5.0,Completed
SES-003885,2024-03-30,21,EV-082,Hyderabad,Telangana,Own,AC Level 2,CCS2,Private,Corporate Account,0.15,2.0,10.84,21.68,11.55,158.53,24.04,-172.44,7.7,4.7,Completed
SES-003094,2025-06-13,17,EV-048,Mumbai,Maharashtra,Own,AC Level 2,CHAdeMO,Fleet,Card,0.67,9.2,10.23,94.12,74.41,138.77,72.98,-192.04,5.9,4.2,Completed
SES-002912,2024-03-15,9,EV-098,Delhi,Delhi,Own,AC Level 2,CCS2,Private,Card,1.46,29.89,9.79,292.62,216.67,174.33,78.08,-176.46,52.9,3.8,Completed
SES-003629,2025-07-02,11,EV-054,Ahmedabad,Gujarat,Own,DC Ultra-Fast,CCS2,Taxi/Ride-share,UPI,0.6,69.91,14.27,997.62,352.26,52.76,6.98,585.62,12.1,3.6,Completed
SES-003266,2025-12-24,14,EV-091,Gurugram,Haryana,Franchise,DC Fast,CCS2,Fleet,UPI,1.63,82.86,12.53,1038.24,642.95,105.03,34.48,255.78,34.5,4.1,Completed
SES-001930,2025-08-15,19,EV-050,Ahmedabad,Gujarat,Own,AC Level 2,CCS2,Fleet,Card,0.43,5.88,9.97,58.62,31.4,185.03,27.98,-185.79,2.0,4.1,Completed
SES-004514,2025-01-08,8,EV-073,Bengaluru,Karnataka,Own,AC Level 2,CHAdeMO,Private,UPI,0.61,9.41,10.0,94.1,61.23,172.12,15.71,-154.96,12.5,5.0,Completed
SES-003903,2025-01-18,18,EV-001,Gurugram,Haryana,Own,DC Fast,CHAdeMO,Private,UPI,0.32,16.6,12.35,205.01,96.03,129.92,22.47,-43.41,31.7,4.7,Completed
SES-001648,2025-03-03,18,EV-042,Hyderabad,Telangana,Franchise,AC Level 2,CHAdeMO,Fleet,UPI,1.86,25.96,8.46,219.62,195.17,187.86,23.16,-186.57,19.0,3.1,Completed
SES-000107,2025-02-11,13,EV-092,Bengaluru,Karnataka,Partner,AC Level 2,CCS2,Private,Card,0.92,15.67,11.08,173.62,117.98,67.43,44.84,-56.63,20.9,4.4,Completed
SES-000607,2025-08-02,22,EV-008,Gurugram,Haryana,Franchise,DC Fast,CCS2,Taxi/Ride-share,Corporate Account,2.58,85.52,13.32,1139.13,705.52,111.12,67.91,254.58,37.8,3.8,Failed
SES-003469,2024-11-22,2,EV-047,Delhi,Delhi,Franchise,AC Level 2,CCS2,Private,UPI,0.77,12.85,10.11,129.91,90.5,145.17,55.83,-161.59,36.1,4.5,Completed
SES-001222,2025-04-30,7,EV-027,Chennai,Tamil Nadu,Partner,DC Fast,CCS2,Private,,0.66,24.61,13.79,339.37,142.36,42.91,78.79,75.31,29.2,4.1,Completed
SES-004686,2025-06-07,21,EV-075,Bengaluru,Karnataka,Own,DC Fast,CCS2,Private,Card,1.4,72.19,13.51,975.29,589.39,36.19,65.81,283.9,47.2,4.3,Completed
SES-003638,2024-08-04,10,EV-033,Gurugram,Haryana,Own,AC Level 2,CCS2,Private,Wallet,0.2,3.81,10.48,39.93,31.6,201.7,22.81,-216.18,47.8,4.8,Completed
SES-004335,2024-07-09,15,EV-060,Mumbai,Maharashtra,Franchise,DC Fast,CCS2,Private,Corporate Account,0.88,48.84,12.86,628.08,347.01,152.98,8.08,120.01,43.0,5.0,Completed
SES-000079,2024-08-30,3,EV-032,Delhi,Delhi,Partner,DC Ultra-Fast,CCS2,Private,Corporate Account,1.02,123.09,16.06,1976.83,939.59,284.94,36.84,715.46,45.9,4.0,Completed
SES-000032,2025-08-29,4,EV-062,Bengaluru,Karnataka,Own,DC Fast,Type 2,Private,UPI,0.39,17.04,13.55,230.89,88.63,103.16,53.29,-14.19,12.8,4.3,Completed
SES-002198,2025-05-21,5,EV-010,Pune,Maharashtra,Partner,DC Ultra-Fast,CCS2,,UPI,0.38,41.44,14.55,602.95,226.27,73.44,43.49,259.75,34.9,4.6,Completed
SES-003717,2024-06-26,15,EV-093,Delhi,Delhi,Partner,AC Level 2,CCS2,Private,Wallet,0.69,13.18,10.13,133.51,89.59,118.08,7.27,-81.43,48.2,3.8,Completed
SES-004666,2025-10-08,19,EV-030,Gurugram,Haryana,Franchise,AC Level 2,CHAdeMO,Private,UPI,0.78,13.11,11.26,147.62,69.06,93.35,16.33,-31.12,15.6,3.0,Completed
SES-004282,2024-09-10,16,EV-072,Jaipur,Rajasthan,Own,AC Level 2,Type 2,Private,Corporate Account,0.59,9.8,10.38,101.72,70.21,89.51,55.43,-113.43,30.0,4.9,Completed
SES-001735,2024-06-07,9,EV-025,Mumbai,Maharashtra,Partner,AC Level 2,CCS2,Private,UPI,1.74,20.33,10.08,204.93,154.28,37.93,34.79,-22.07,17.7,3.7,Completed
SES-000390,2024-02-26,2,EV-053,Ahmedabad,Gujarat,Own,AC Level 2,Type 2,Fleet,UPI,0.51,5.91,9.48,56.03,31.09,103.07,11.4,-89.53,30.8,4.2,Completed
SES-002136,2024-04-19,14,EV-027,Delhi,Delhi,Partner,AC Level 2,CHAdeMO,Private,UPI,0.86,12.76,11.65,148.65,77.29,86.14,63.21,-77.99,53.5,2.7,Completed
SES-004680,2025-09-13,15,EV-015,Lucknow,Uttar Pradesh,Own,DC Ultra-Fast,Type 2,Taxi/Ride-share,Card,0.15,12.98,19.57,254.02,96.82,308.59,72.53,-223.92,38.9,4.0,Completed
SES-000045,2024-12-10,16,EV-020,Gurugram,Haryana,Franchise,AC Level 2,CCS2,Private,Card,1.43,29.33,11.24,329.67,160.73,185.96,48.26,-65.28,40.3,3.4,Completed
SES-002771,2024-10-10,16,EV-099,Hyderabad,Telangana,Own,AC Level 2,Type 2,Private,Corporate Account,0.88,16.27,10.38,168.88,104.63,26.39,61.69,-23.83,35.3,4.3,Completed
SES-001988,2024-08-29,0,EV-086,Pune,Maharashtra,Own,DC Ultra-Fast,CCS2,Fleet,UPI,0.91,101.35,19.26,1952.0,778.9,64.0,7.95,1101.15,38.1,3.7,Completed
SES-004009,2025-06-23,22,EV-036,Chennai,Tamil Nadu,Own,DC Fast,Type 2,Taxi/Ride-share,Corporate Account,0.15,8.51,14.25,121.27,65.01,192.2,48.45,-184.39,11.8,3.6,Completed
SES-001960,2024-10-24,8,EV-071,Jaipur,Rajasthan,Own,AC Level 2,Type 2,Corporate,UPI,0.2,2.54,10.03,25.48,21.57,189.82,24.62,-210.53,40.6,3.9,Completed
SES-003192,2025-07-06,9,EV-088,Lucknow,Uttar Pradesh,Partner,AC Level 2,CCS2,Corporate,Wallet,0.37,5.95,8.71,51.82,48.92,40.66,76.71,-114.47,37.5,4.2,Completed
SES-000819,2024-07-09,1,EV-019,Delhi,Delhi,Franchise,DC Fast,CCS2,Taxi/Ride-share,Wallet,0.39,18.11,12.11,219.31,97.64,28.16,76.1,17.41,27.7,4.5,Cancelled
SES-003386,2025-08-23,5,EV-008,Lucknow,Uttar Pradesh,Own,AC Level 2,CCS2,Taxi/Ride-share,UPI,0.76,14.31,11.1,158.84,114.61,60.1,54.71,-70.58,19.3,3.8,Completed
SES-000708,2025-02-27,8,EV-044,Bengaluru,Karnataka,Franchise,AC Level 2,Type 2,Taxi/Ride-share,UPI,1.41,21.1,11.02,232.52,120.8,167.09,35.72,-91.09,47.1,4.3,Completed
SES-000811,2025-09-25,4,EV-075,Bengaluru,Karnataka,Own,DC Fast,CCS2,Private,Corporate Account,1.27,67.1,15.61,1047.43,562.77,50.94,20.58,413.14,37.3,3.6,Completed
SES-002197,2025-12-11,9,EV-001,Ahmedabad,Gujarat,Franchise,DC Fast,Type 2,Private,Corporate Account,0.84,36.6,12.49,457.13,213.17,153.58,32.72,57.66,43.9,4.2,Completed
SES-003601,2025-04-22,7,EV-042,Delhi,Delhi,Own,AC Level 2,CCS2,Private,Wallet,2.27,29.63,10.96,324.74,218.11,52.11,21.12,33.4,47.9,4.4,Completed
SES-002195,2025-06-26,13,EV-085,Ahmedabad,Gujarat,Own,DC Fast,CCS2,Taxi/Ride-share,Card,1.04,59.24,11.19,662.9,458.13,137.15,51.33,16.29,39.7,3.9,Completed
SES-004497,2024-09-01,10,EV-026,Mumbai,Maharashtra,Own,DC Ultra-Fast,CHAdeMO,Taxi/Ride-share,UPI,1.81,172.55,18.47,3187.0,1229.81,218.21,39.0,1699.98,47.4,4.2,Completed
SES-004189,2024-06-17,23,EV-030,Jaipur,Rajasthan,Partner,AC Level 2,CCS2,Fleet,Card,1.01,15.52,10.14,157.37,113.54,37.06,68.75,-61.98,50.4,4.2,Completed
SES-004225,2024-08-18,10,EV-003,Pune,Maharashtra,Partner,AC Level 2,CCS2,Private,Card,1.48,30.0,10.88,326.4,248.55,140.86,29.75,-92.76,39.0,4.9,Completed
SES-004169,2024-08-15,3,EV-042,Bengaluru,Karnataka,Partner,DC Fast,CCS2,Private,Card,0.18,8.51,13.02,110.8,46.06,23.39,42.89,-1.54,3.1,4.0,Cancelled
SES-004915,2025-06-22,9,EV-063,Jaipur,Rajasthan,Franchise,AC Level 2,Type 2,Private,Wallet,0.95,15.87,9.48,150.45,102.1,78.03,32.44,-62.12,33.3,4.0,Completed
SES-003538,2024-11-14,21,EV-034,Mumbai,Maharashtra,Own,DC Fast,CCS2,Private,Corporate Account,1.62,82.45,12.95,1067.73,467.55,73.28,79.85,447.05,37.3,3.8,Completed
SES-003713,2025-10-24,18,EV-017,Gurugram,Haryana,Franchise,DC Fast,CCS2,Private,Card,1.56,51.17,12.2,624.27,265.19,62.15,6.77,290.16,38.5,4.3,Completed
SES-000905,2024-03-30,1,EV-037,Pune,Maharashtra,Franchise,DC Ultra-Fast,CCS2,Fleet,UPI,0.38,47.98,18.53,889.07,293.9,104.26,79.24,411.67,29.4,4.3,Completed
SES-002488,2025-05-08,2,EV-075,Bengaluru,Karnataka,Own,DC Ultra-Fast,Type 2,Private,Wallet,2.77,180.0,14.55,2619.0,1253.65,224.59,48.17,1092.59,30.0,4.8,Completed
SES-000851,2025-03-30,8,EV-089,Mumbai,Maharashtra,Partner,DC Fast,CCS2,Taxi/Ride-share,UPI,0.15,5.51,11.88,65.46,36.7,188.74,76.48,-236.46,2.0,3.7,Completed
SES-001297,2024-06-22,17,EV-079,Gurugram,Haryana,Own,AC Level 2,CCS2,Corporate,UPI,2.31,43.51,8.75,380.71,246.94,181.75,14.68,-62.66,83.3,3.8,Failed
SES-003139,2025-10-19,17,EV-031,Lucknow,Uttar Pradesh,Own,AC Level 2,CCS2,Private,UPI,0.92,16.28,9.74,158.57,86.7,122.02,13.96,-64.11,44.1,4.4,Completed
SES-003957,2024-12-29,0,EV-081,Lucknow,Uttar Pradesh,Partner,DC Ultra-Fast,CHAdeMO,Corporate,UPI,1.57,135.55,14.32,1941.08,866.75,241.82,53.61,778.9,33.3,4.2,Completed
SES-002514,2025-09-13,16,EV-082,Bengaluru,Karnataka,Franchise,AC Level 2,CHAdeMO,Taxi/Ride-share,Card,0.86,13.38,10.94,146.38,102.37,117.58,77.61,-151.18,23.0,2.7,Completed
SES-004525,2025-11-30,16,EV-072,Pune,Maharashtra,Own,DC Ultra-Fast,CCS2,Private,Wallet,0.3,34.88,15.16,528.78,183.54,191.13,73.01,81.1,19.9,3.5,Completed
SES-001732,2024-03-17,4,EV-042,Ahmedabad,Gujarat,Own,DC Ultra-Fast,CCS2,Corporate,Corporate Account,0.85,111.81,17.27,1930.96,643.04,137.24,60.85,1089.83,27.9,4.6,Completed
SES-000258,2024-03-16,4,EV-092,Bengaluru,Karnataka,Franchise,AC Level 2,CCS2,Private,UPI,0.25,4.88,10.67,52.07,32.66,158.31,64.54,-203.44,20.0,3.8,Completed
SES-000242,2024-10-09,22,EV-044,Bengaluru,Karnataka,Partner,DC Ultra-Fast,CCS2,Private,Card,0.49,62.68,15.44,967.78,500.74,146.09,12.78,308.17,31.1,4.4,Completed
SES-004153,2024-03-25,21,EV-047,Chennai,Tamil Nadu,Own,AC Level 2,CCS2,Private,UPI,1.14,17.08,11.38,194.37,97.38,91.6,47.36,-41.97,31.1,3.5,Completed
SES-003853,2025-04-09,2,EV-044,Mumbai,Maharashtra,Own,DC Fast,CHAdeMO,Private,UPI,0.86,27.88,13.36,372.48,201.92,40.07,8.75,121.74,15.2,5.0,Completed
SES-001067,2024-04-02,19,EV-079,Delhi,Delhi,Own,AC Level 2,CCS2,Private,Corporate Account,0.26,4.36,10.65,46.43,36.66,173.17,19.78,-183.18,4.4,4.3,Completed
SES-004231,2024-04-23,9,EV-042,Jaipur,Rajasthan,Own,DC Fast,Type 2,Corporate,UPI,0.3,11.6,13.09,151.84,70.02,56.76,39.45,-14.39,20.6,4.4,Completed
SES-002287,2024-03-17,4,EV-003,Bengaluru,Karnataka,Franchise,DC Fast,CCS2,Private,Corporate Account,1.12,59.14,13.55,801.35,443.66,108.04,16.62,233.03,41.9,4.1,Completed
SES-001706,2025-03-25,17,EV-017,Chennai,Tamil Nadu,Franchise,DC Fast,CCS2,Private,UPI,1.08,55.0,12.11,666.05,336.61,204.48,39.15,85.81,28.6,2.9,Completed
SES-004050,2025-06-15,21,EV-082,Hyderabad,Telangana,Own,DC Fast,CCS2,Private,Card,1.75,48.79,12.08,589.38,270.91,101.74,34.85,181.88,26.0,3.3,Completed
SES-002265,2024-07-12,9,EV-074,Bengaluru,Karnataka,Own,AC Level 2,CCS2,Private,Wallet,1.26,15.76,10.46,164.85,108.34,47.3,34.21,-25.0,12.8,4.9,Completed
SES-004615,2025-02-25,11,EV-048,Delhi,Delhi,Franchise,AC Level 2,Type 2,Private,UPI,1.2,13.93,11.07,154.21,77.57,65.11,6.38,5.15,44.6,5.0,Completed
SES-001646,2025-04-01,21,EV-012,Ahmedabad,Gujarat,Franchise,AC Level 2,Type 2,Private,Wallet,0.27,4.27,8.89,37.96,21.48,208.16,37.14,-228.82,29.9,3.7,Completed
SES-002366,2025-10-29,20,EV-074,Jaipur,Rajasthan,Partner,AC Level 2,Type 2,Private,UPI,1.96,19.74,8.34,164.63,116.82,178.28,6.25,-136.72,36.1,4.0,Cancelled
SES-000324,2025-03-08,22,EV-091,Gurugram,Haryana,Own,DC Ultra-Fast,Type 2,Fleet,UPI,1.61,164.75,19.13,3151.67,1159.39,233.12,47.74,1711.42,45.6,4.3,Completed
SES-004094,2024-02-08,20,EV-058,Gurugram,Haryana,Own,DC Fast,CCS2,Fleet,Corporate Account,0.87,28.67,14.15,405.68,200.24,69.03,23.69,112.72,25.8,4.2,Completed
SES-003537,2025-02-25,8,EV-071,Bengaluru,Karnataka,Partner,AC Level 2,CCS2,Fleet,UPI,0.93,12.8,9.39,120.19,79.44,163.34,40.29,-162.88,28.7,3.1,Completed
SES-004194,2024-03-12,20,EV-069,Mumbai,Maharashtra,Franchise,AC Level 2,CCS2,Private,Corporate Account,0.33,5.16,9.3,47.99,36.84,199.6,63.3,-251.75,40.5,3.3,Completed
SES-000703,2024-10-12,22,EV-035,Mumbai,Maharashtra,Own,AC Level 2,Type 2,Private,UPI,0.5,6.38,9.01,57.48,48.72,53.66,43.38,-88.28,9.5,2.9,Completed
SES-000719,2025-03-07,15,EV-055,Pune,Maharashtra,Own,AC Level 2,CHAdeMO,Fleet,Corporate Account,1.72,24.48,10.36,253.61,202.02,24.21,68.43,-41.05,51.6,4.2,Completed
SES-004937,2025-05-20,23,EV-032,Ahmedabad,Gujarat,Own,DC Fast,CCS2,Fleet,Card,0.68,33.77,11.96,403.89,173.32,64.5,55.87,110.2,28.6,4.2,Completed
SES-003561,2025-09-28,1,EV-078,Gurugram,Haryana,Own,DC Ultra-Fast,CHAdeMO,Taxi/Ride-share,UPI,1.37,146.33,17.76,2598.82,915.33,191.88,61.51,1430.1,50.1,4.2,Completed
SES-004234,2025-06-25,4,EV-032,Mumbai,Maharashtra,Franchise,DC Ultra-Fast,CCS2,Corporate,UPI,2.56,180.0,15.06,2710.8,1523.71,179.03,9.7,998.36,31.7,5.0,Completed
SES-002472,2025-08-01,21,EV-048,Lucknow,Uttar Pradesh,Own,AC Level 2,CHAdeMO,Corporate,Wallet,0.24,3.28,9.68,31.75,19.13,34.67,17.22,-39.27,15.5,3.6,Completed
SES-003337,2024-10-29,16,EV-091,Lucknow,Uttar Pradesh,Own,DC Fast,CCS2,Fleet,Corporate Account,2.44,130.45,14.58,1901.96,1049.2,155.16,55.58,642.02,63.7,4.5,Completed
SES-003632,2025-03-14,3,EV-092,Gurugram,Haryana,Own,AC Level 2,CHAdeMO,Fleet,Wallet,1.19,,9.6,168.48,93.53,106.49,30.08,-61.62,26.6,5.0,Completed
SES-003931,2025-02-10,10,EV-039,Gurugram,Haryana,Partner,AC Level 2,CHAdeMO,Corporate,Card,0.48,7.39,11.91,88.01,55.27,139.97,35.85,-143.08,26.1,4.0,Completed
SES-003507,2025-05-16,8,EV-063,Chennai,Tamil Nadu,Franchise,AC Level 2,CCS2,Fleet,UPI,0.93,10.93,11.0,120.23,77.5,137.64,35.8,-130.71,35.1,4.3,Completed
SES-004675,2025-01-07,8,EV-097,Jaipur,Rajasthan,Own,DC Ultra-Fast,CCS2,Corporate,UPI,2.14,180.0,17.17,3090.6,1381.97,276.05,6.21,1426.37,68.2,3.9,Completed
SES-000205,2024-12-30,6,EV-036,Bengaluru,Karnataka,Own,DC Fast,CHAdeMO,Private,UPI,0.7,33.87,14.36,486.37,215.51,106.11,30.68,134.07,23.8,3.4,Completed
SES-004977,2024-08-16,8,EV-098,Mumbai,Maharashtra,Own,AC Level 2,CCS2,Fleet,UPI,0.27,5.55,9.84,54.61,33.84,203.16,41.59,-223.98,33.4,3.1,Completed
SES-002415,2025-08-02,5,EV-037,Bengaluru,Karnataka,Franchise,DC Fast,CCS2,Private,UPI,0.23,9.57,15.48,148.14,73.21,198.6,67.71,-191.38,45.8,4.6,Completed
SES-002703,2025-12-18,1,EV-007,Lucknow,Uttar Pradesh,Own,AC Level 2,CCS2,Taxi/Ride-share,Card,2.21,28.26,10.0,282.6,188.64,189.97,61.99,-158.0,30.5,3.7,Completed
SES-000972,2025-02-28,21,EV-083,Delhi,Delhi,Partner,AC Level 2,CCS2,Fleet,Card,0.95,12.23,10.58,129.39,97.33,176.57,79.55,-224.06,65.4,2.9,Completed
SES-001398,2024-06-26,19,EV-062,Delhi,Delhi,Own,AC Level 2,CHAdeMO,Fleet,UPI,0.15,2.7,11.11,30.0,22.54,24.54,26.61,-43.69,27.7,3.9,Completed
SES-002320,2025-03-27,10,EV-003,Chennai,Tamil Nadu,Own,DC Fast,CHAdeMO,Fleet,Card,0.58,18.6,13.13,244.22,100.37,36.35,21.28,86.22,21.3,4.7,Completed
SES-002189,2025-03-17,6,EV-086,Chennai,Tamil Nadu,Own,DC Fast,CCS2,Corporate,Wallet,0.47,20.48,13.74,281.4,134.59,170.33,37.08,-60.6,22.8,4.3,Completed
SES-002520,2025-04-25,0,EV-034,Lucknow,Uttar Pradesh,Own,DC Fast,Type 2,Corporate,Corporate Account,1.7,83.15,11.24,934.61,486.14,92.89,45.52,310.06,35.7,3.3,Completed
SES-004779,2024-12-26,23,EV-100,Gurugram,Haryana,Own,AC Level 2,CHAdeMO,Taxi/Ride-share,Card,0.37,7.66,8.96,68.63,52.79,196.8,22.33,-203.29,54.7,5.0,Completed
SES-000231,2025-07-07,17,EV-070,Hyderabad,Telangana,Own,DC Fast,CCS2,Fleet,UPI,0.16,4.44,11.92,52.92,28.98,217.9,14.1,-208.06,41.0,4.5,Completed
SES-003521,2024-06-16,21,EV-004,Bengaluru,Karnataka,Partner,DC Ultra-Fast,CCS2,Corporate,UPI,0.71,80.14,16.68,1336.74,643.39,157.89,43.89,491.57,17.9,3.8,Completed
SES-004450,2024-12-23,19,EV-072,Hyderabad,Telangana,Own,DC Fast,CCS2,Private,UPI,0.98,46.04,12.03,553.86,333.88,51.14,24.6,144.24,13.3,3.4,Completed
SES-003314,2025-05-25,14,EV-001,Bengaluru,Karnataka,Franchise,DC Fast,CCS2,Taxi/Ride-share,Wallet,0.74,28.79,15.5,446.24,168.87,97.51,37.33,142.53,15.8,4.9,Completed
SES-002635,2024-01-24,7,EV-067,,Uttar Pradesh,Own,AC Level 2,CCS2,Private,UPI,0.68,11.66,11.72,136.66,69.53,218.39,74.98,-226.24,33.4,4.0,Completed
SES-000954,2025-10-26,12,EV-055,Gurugram,Haryana,Own,DC Fast,CCS2,Fleet,Corporate Account,1.1,60.99,13.6,829.46,458.46,111.78,76.98,182.24,46.9,4.2,Completed
SES-003076,2025-12-20,7,EV-043,Mumbai,Maharashtra,Franchise,DC Ultra-Fast,CCS2,Corporate,UPI,2.04,164.68,19.69,3242.55,1269.37,246.71,44.11,1682.36,33.5,3.2,Completed
SES-004985,2024-06-22,13,EV-053,Jaipur,Rajasthan,Own,DC Fast,CCS2,Private,Wallet,1.91,84.23,11.73,988.02,630.72,200.23,19.22,137.85,34.8,4.3,Completed
SES-001543,2025-01-18,13,EV-026,Pune,Maharashtra,Franchise,AC Level 2,CCS2,Private,UPI,1.5,17.87,11.78,210.51,117.27,112.98,66.49,-86.23,31.9,3.8,Completed
SES-001216,2024-09-08,21,EV-051,Gurugram,Haryana,Own,DC Ultra-Fast,CHAdeMO,Private,Corporate Account,1.04,80.5,19.07,1535.14,451.06,126.64,61.31,896.13,29.5,4.7,Completed
SES-002143,2025-10-04,23,EV-017,Lucknow,Uttar Pradesh,Own,DC Fast,Type 2,Taxi/Ride-share,Card,0.15,5.58,15.31,85.43,38.55,46.0,5.45,-4.57,14.3,4.7,Completed
SES-002646,2024-03-25,9,EV-022,Gurugram,Haryana,Partner,DC Fast,CCS2,Fleet,Card,2.23,108.09,15.6,1686.2,903.71,175.87,58.62,548.0,61.2,4.4,Completed
SES-002542,2024-05-08,15,EV-016,Jaipur,Rajasthan,Franchise,AC Level 2,CCS2,Private,Wallet,0.7,7.25,8.17,59.23,47.56,22.16,9.86,-20.35,5.7,4.9,Completed
SES-001621,2025-06-22,11,EV-070,Chennai,Tamil Nadu,Own,AC Level 2,CHAdeMO,Private,Card,1.3,20.73,9.91,205.43,123.23,46.37,53.24,-17.41,32.7,3.9,Completed
SES-002887,2025-09-24,5,EV-056,Chennai,Tamil Nadu,Own,DC Fast,CCS2,Taxi/Ride-share,Wallet,0.21,7.6,12.61,95.84,47.69,85.44,27.1,-64.39,34.3,4.0,Completed
SES-004866,2025-08-06,16,EV-059,Jaipur,Rajasthan,Franchise,AC Level 2,CHAdeMO,Private,UPI,0.78,9.35,8.49,79.38,51.97,108.74,29.31,-110.64,24.1,3.3,Completed
SES-004251,2025-08-12,16,EV-073,Pune,Maharashtra,Franchise,AC Level 2,Type 2,Private,UPI,1.02,14.83,8.5,126.06,82.73,89.49,27.37,-73.53,35.7,4.2,Completed
SES-000437,2025-10-07,20,EV-089,Jaipur,Rajasthan,Franchise,AC Level 2,CCS2,Private,Card,0.16,2.0,10.33,20.66,12.23,178.23,19.1,-188.9,13.3,4.6,Completed
SES-001604,2025-10-28,22,EV-053,Delhi,Delhi,Franchise,AC Level 2,CHAdeMO,Corporate,Wallet,2.58,25.67,9.36,240.27,159.46,205.65,52.54,-177.38,46.2,4.4,Completed
SES-002636,2024-12-28,19,EV-006,Jaipur,Rajasthan,Own,AC Level 2,CHAdeMO,Corporate,Card,0.31,5.55,11.74,65.16,31.12,92.17,33.74,-91.87,32.3,3.5,Completed
SES-000821,2024-03-08,19,EV-064,Gurugram,Haryana,Partner,DC Ultra-Fast,Type 2,Taxi/Ride-share,UPI,1.83,139.53,18.65,2602.23,1133.42,69.41,64.86,1334.54,41.3,3.4,Completed
SES-001341,2024-04-27,8,EV-069,Ahmedabad,Gujarat,Partner,AC Level 2,CCS2,Private,Wallet,1.41,20.28,8.63,175.02,125.86,35.31,51.4,-37.55,29.3,4.4,Completed
SES-000282,2025-09-05,18,EV-084,Chennai,Tamil Nadu,Own,AC Level 2,CCS2,Corporate,Card,1.23,18.78,10.38,194.94,110.46,31.39,73.29,-20.2,49.7,4.1,Failed
SES-001982,2024-12-17,10,EV-080,Mumbai,Maharashtra,Own,DC Fast,Type 2,Private,UPI,1.42,64.23,13.24,850.41,482.28,197.26,38.83,132.04,42.3,4.4,Completed
SES-001249,2025-08-14,22,EV-030,Bengaluru,Karnataka,Own,DC Ultra-Fast,CCS2,Corporate,UPI,0.16,15.5,14.81,229.56,95.91,123.64,54.24,-44.23,11.9,4.5,Completed
SES-002679,2024-09-14,9,EV-016,Jaipur,Rajasthan,Partner,DC Fast,CCS2,Private,Wallet,1.06,33.75,15.18,512.33,244.94,88.0,76.78,102.61,17.8,4.3,Completed
SES-001494,2025-08-28,10,EV-049,Chennai,Tamil Nadu,Own,DC Fast,CCS2,Private,Wallet,2.82,160.72,15.75,2531.34,1255.32,179.13,10.89,1086.0,59.8,4.3,Completed
SES-004043,2024-10-20,16,EV-089,Gurugram,Haryana,Franchise,AC Level 2,CCS2,Private,UPI,1.16,21.88,9.16,200.42,173.29,40.31,65.32,-78.5,36.2,3.5,Completed
SES-003300,2025-02-13,22,EV-027,Jaipur,Rajasthan,Own,AC Level 2,CCS2,Taxi/Ride-share,Card,0.41,5.63,11.33,63.79,47.5,49.67,55.53,-88.91,2.0,3.9,Completed
SES-002815,2024-05-12,11,EV-082,Pune,Maharashtra,Franchise,AC Level 2,CCS2,Private,UPI,0.5,5.27,10.34,54.49,38.2,165.2,36.45,-185.36,16.8,4.5,Completed
SES-002652,2024-08-09,11,EV-065,Ahmedabad,Gujarat,Franchise,DC Ultra-Fast,CCS2,Taxi/Ride-share,UPI,0.8,106.15,14.79,1569.96,578.27,286.49,37.36,667.84,34.5,4.1,Completed
SES-001027,2024-04-03,2,EV-003,Delhi,Delhi,Own,AC Level 2,CCS2,Private,UPI,1.75,25.52,11.41,291.18,140.83,156.43,67.01,-73.09,43.1,4.6,Completed
SES-004321,2024-06-14,7,EV-087,Bengaluru,Karnataka,Partner,AC Level 2,Type 2,Private,Card,1.37,14.96,10.91,163.21,88.29,124.05,7.08,-56.21,19.1,5.0,Completed
SES-001210,2025-07-25,0,EV-090,Chennai,Tamil Nadu,Franchise,DC Fast,CCS2,Fleet,Card,1.16,36.91,13.15,485.37,272.7,182.02,13.18,17.47,24.0,3.8,Completed
SES-002458,2024-06-27,3,EV-007,Jaipur,Rajasthan,Partner,DC Fast,CHAdeMO,Corporate,UPI,1.07,44.84,15.65,701.75,283.63,213.57,7.73,196.82,27.9,3.1,Completed
SES-001100,2025-03-19,19,EV-014,Ahmedabad,Gujarat,Own,DC Ultra-Fast,CCS2,Private,Card,0.43,58.41,16.78,980.12,345.5,143.17,57.46,433.99,34.4,3.6,Completed
SES-002327,2025-01-19,13,EV-056,Ahmedabad,Gujarat,Own,AC Level 2,CCS2,Fleet,UPI,0.64,10.82,11.06,119.67,85.89,48.05,58.14,-72.41,30.7,4.1,Completed
SES-001136,2024-10-10,14,EV-051,Ahmedabad,Gujarat,Franchise,DC Fast,CCS2,Private,UPI,1.23,62.97,14.05,884.73,529.15,38.33,25.11,292.14,67.2,4.5,Completed
SES-003160,2025-02-18,7,EV-026,Pune,Maharashtra,Partner,AC Level 2,CCS2,Private,Corporate Account,1.22,13.51,10.65,143.88,104.05,180.64,28.07,-168.88,40.5,3.9,Completed
SES-004331,2024-06-15,9,EV-060,Pune,Maharashtra,Own,AC Level 2,Type 2,Fleet,UPI,0.72,8.79,8.13,71.46,71.92,184.78,76.95,-262.19,2.0,3.7,Failed
SES-000302,2025-01-19,16,EV-001,Jaipur,Rajasthan,Partner,DC Ultra-Fast,CCS2,Private,Card,0.59,49.79,16.58,825.52,377.74,98.28,21.66,327.84,35.3,4.7,Completed
SES-004898,2025-03-18,23,EV-010,Gurugram,Haryana,Own,AC Level 2,CCS2,Fleet,Corporate Account,2.71,46.39,11.36,,260.22,191.03,72.94,2.8,47.3,4.0,Completed
SES-001753,2024-02-09,5,EV-084,Gurugram,Haryana,Own,DC Fast,CHAdeMO,Taxi/Ride-share,Card,1.06,39.62,13.9,550.72,264.69,161.81,72.24,51.98,29.4,4.8,Completed
SES-003191,2024-04-13,1,EV-072,Jaipur,Rajasthan,Own,AC Level 2,Type 2,Taxi/Ride-share,UPI,0.83,8.44,11.4,96.22,58.72,23.15,67.57,-53.22,28.4,5.0,Completed
SES-003105,2025-10-29,11,EV-021,Bengaluru,Karnataka,Own,DC Fast,CCS2,Fleet,Wallet,0.83,33.42,14.88,497.29,262.11,45.7,72.98,116.5,36.4,3.8,Completed
SES-003662,2025-04-12,5,EV-067,Mumbai,Maharashtra,Own,AC Level 2,CHAdeMO,Taxi/Ride-share,Corporate Account,0.54,6.9,8.44,58.24,42.41,44.97,41.84,-70.98,25.4,3.7,Completed
SES-004412,2024-03-21,2,EV-077,Lucknow,Uttar Pradesh,Own,AC Level 2,CCS2,Corporate,Card,0.29,4.28,8.95,38.31,27.66,41.27,5.49,-36.11,15.3,5.0,Completed
SES-002673,2025-10-04,14,EV-080,Chennai,Tamil Nadu,Franchise,AC Level 2,CCS2,Private,UPI,0.84,16.69,10.71,178.75,95.34,205.3,35.37,-157.26,38.1,3.6,Completed
SES-000852,2024-04-20,11,EV-045,Hyderabad,Telangana,Own,AC Level 2,CCS2,Corporate,UPI,0.38,4.32,9.28,40.09,27.51,60.23,7.28,-54.93,31.7,4.7,Completed
SES-004981,2025-03-31,12,EV-092,Ahmedabad,Gujarat,Own,AC Level 2,CCS2,Private,UPI,1.37,13.77,9.52,131.09,74.1,20.64,60.71,-24.36,24.7,3.6,Completed
SES-003733,2024-11-06,2,EV-091,Delhi,Delhi,Own,DC Fast,CHAdeMO,Fleet,UPI,0.68,29.12,13.3,387.3,198.25,107.46,72.69,8.9,31.6,3.6,Completed
SES-004634,2024-05-14,23,EV-097,Jaipur,Rajasthan,Own,DC Fast,CCS2,Private,Card,0.58,23.39,11.52,269.45,158.77,206.73,79.49,-175.54,36.5,4.4,Completed
SES-000081,2025-05-30,11,EV-059,Ahmedabad,Gujarat,Partner,AC Level 2,CHAdeMO,Taxi/Ride-share,UPI,0.21,4.31,11.14,48.01,27.42,113.35,33.84,-126.6,18.9,4.2,Completed
SES-000884,2024-06-18,20,EV-018,Jaipur,Rajasthan,Franchise,DC Fast,CCS2,Fleet,Corporate Account,0.89,30.79,13.59,418.44,164.86,37.42,23.25,192.91,42.6,3.8,Completed
SES-001962,2025-07-14,9,EV-002,Gurugram,Haryana,Own,DC Fast,CCS2,Fleet,UPI,0.9,39.78,14.98,595.9,300.39,66.3,42.59,186.62,12.9,4.6,Completed
SES-001465,2025-11-20,20,EV-020,Delhi,Delhi,Franchise,DC Ultra-Fast,CCS2,Fleet,Corporate Account,1.91,180.0,14.15,2547.0,1234.19,165.63,46.88,1100.3,65.5,4.6,Cancelled
SES-000319,2025-04-30,11,EV-020,Jaipur,Rajasthan,Own,AC Level 2,CCS2,Private,UPI,0.27,5.28,8.86,46.78,33.25,49.26,49.37,-85.1,20.6,3.5,Completed
SES-000980,2024-01-10,18,EV-010,Pune,Maharashtra,Franchise,AC Level 2,CCS2,Private,UPI,2.6,48.81,10.49,512.02,302.87,44.88,43.8,120.47,63.7,4.0,Failed
SES-003592,2024-07-21,19,EV-027,Ahmedabad,Gujarat,Own,DC Fast,CCS2,Corporate,Wallet,0.98,36.19,15.86,573.97,274.63,114.75,9.14,175.45,21.1,4.0,Completed
SES-003494,2025-08-18,12,EV-024,Pune,Maharashtra,Own,AC Level 2,CHAdeMO,Fleet,Card,1.09,20.27,10.31,208.98,134.5,41.22,73.96,-40.7,37.4,3.6,Completed
SES-002667,2024-12-17,8,EV-024,Ahmedabad,Gujarat,Franchise,DC Fast,CHAdeMO,Private,UPI,0.97,42.06,13.24,556.87,248.79,195.38,50.07,62.63,23.8,4.4,Completed
SES-002781,2024-12-27,16,EV-004,Ahmedabad,Gujarat,Own,AC Level 2,Type 2,Taxi/Ride-share,UPI,0.51,9.58,10.55,101.07,73.97,208.85,46.17,-227.92,36.8,3.8,Completed
SES-000216,2024-11-11,15,EV-036,Delhi,Delhi,Franchise,DC Fast,CCS2,Private,UPI,1.65,88.76,11.96,1061.57,550.67,163.72,46.54,300.64,40.1,4.7,Completed
SES-004603,2025-01-28,12,EV-091,Lucknow,Uttar Pradesh,Franchise,AC Level 2,CCS2,Taxi/Ride-share,UPI,1.41,21.95,9.11,199.96,152.76,172.32,10.78,-135.9,37.4,4.4,Completed
SES-000839,2024-06-29,23,EV-016,Hyderabad,Telangana,Partner,AC Level 2,CCS2,Fleet,Card,1.07,17.13,11.79,201.96,122.42,29.05,6.78,43.71,37.8,4.2,Completed
SES-003910,2025-07-23,10,EV-025,Jaipur,Rajasthan,Partner,AC Level 2,Type 2,Private,UPI,0.58,10.43,11.43,119.21,77.08,21.61,53.63,-33.11,14.7,4.1,Completed
SES-004694,2025-06-15,7,EV-057,Jaipur,Rajasthan,Own,DC Fast,CCS2,Private,Card,0.87,34.55,15.21,525.51,201.36,116.86,16.62,190.67,39.0,3.7,Completed
SES-001915,2025-12-12,1,EV-036,Hyderabad,Telangana,Partner,AC Level 2,CCS2,Private,UPI,1.2,13.95,11.24,156.8,99.54,164.85,24.68,-132.27,8.9,3.4,Cancelled
SES-004555,2024-07-25,17,EV-020,Hyderabad,Telangana,Own,AC Level 2,CCS2,Private,Card,0.43,6.49,9.45,61.33,49.44,128.49,74.52,-191.12,23.6,3.0,Completed
SES-004270,2025-05-16,17,EV-080,Delhi,Delhi,Own,DC Fast,CCS2,Taxi/Ride-share,UPI,1.73,63.98,11.37,727.45,416.32,79.27,15.56,216.3,66.6,3.6,Completed
SES-001687,2025-02-27,3,EV-050,Gurugram,Haryana,Own,AC Level 2,Type 2,Private,Wallet,0.59,6.51,8.6,55.99,40.05,177.92,6.42,-168.4,28.6,4.7,Completed
SES-001530,2025-09-01,21,EV-043,Hyderabad,Telangana,Partner,DC Fast,CCS2,Fleet,Card,3.02,85.29,12.46,1062.71,624.83,126.0,48.72,263.16,36.1,3.8,Completed
SES-000635,2025-09-10,7,EV-080,Gurugram,Haryana,Own,dc fast,CCS2,Taxi/Ride-share,UPI,0.73,35.02,13.15,460.51,289.31,31.87,64.51,74.82,47.6,3.3,Completed
SES-003719,2025-11-19,1,EV-060,Chennai,Tamil Nadu,Own,DC Fast,CCS2,Private,UPI,0.99,45.43,12.66,575.14,346.52,66.6,17.16,144.86,35.8,3.9,Completed
SES-003899,2025-10-20,13,EV-012,Mumbai,Maharashtra,Franchise,DC Ultra-Fast,CHAdeMO,Private,UPI,1.22,156.75,16.12,2526.81,1030.14,241.5,29.66,1225.51,23.9,3.9,Completed
SES-004523,2025-08-06,3,EV-054,Chennai,Tamil Nadu,Own,AC Level 2,CCS2,Private,Card,0.73,11.06,11.42,126.31,67.84,158.49,73.81,-173.83,35.9,4.5,Completed
SES-004877,2024-12-14,2,EV-017,Lucknow,Uttar Pradesh,Own,DC Fast,CCS2,Taxi/Ride-share,UPI,0.47,24.99,15.15,378.6,199.71,206.51,73.77,-101.39,22.4,4.4,Completed
SES-004482,2025-07-21,3,EV-078,Chennai,Tamil Nadu,Franchise,AC Level 2,CCS2,Taxi/Ride-share,UPI,0.86,10.09,9.8,98.88,72.14,84.22,63.59,-121.07,19.8,4.6,Completed
SES-000449,2025-10-04,15,EV-052,Delhi,Delhi,Franchise,DC Fast,CHAdeMO,Corporate,UPI,0.15,6.1,15.35,93.64,49.15,141.56,53.31,-150.38,15.1,4.4,Completed
SES-001539,2025-12-21,6,EV-063,Chennai,Tamil Nadu,Franchise,DC Fast,CCS2,Private,Card,0.58,30.35,11.9,361.16,190.78,126.33,10.9,33.15,32.9,4.3,Completed
SES-003524,2024-08-17,11,EV-007,Lucknow,Uttar Pradesh,Own,DC Fast,CCS2,Corporate,Card,0.75,32.89,11.81,388.43,237.41,38.82,57.88,54.32,45.1,3.1,Completed
SES-002359,2024-04-02,1,EV-039,Mumbai,Maharashtra,Own,AC Level 2,CHAdeMO,Corporate,Card,0.98,19.21,10.54,202.47,138.07,44.03,14.05,6.32,28.6,4.5,Completed
SES-001254,2024-01-17,4,EV-087,Gurugram,Haryana,Own,AC Level 2,CCS2,Private,UPI,1.49,20.89,11.32,236.47,113.57,204.55,9.78,-91.43,34.5,4.4,Completed
SES-004907,2025-10-09,19,EV-085,Delhi,Delhi,Franchise,DC Fast,CCS2,Private,UPI,2.36,86.73,13.55,1175.19,583.59,52.26,74.8,464.54,45.5,3.3,Completed
SES-002698,2025-11-21,6,EV-071,Hyderabad,Telangana,Partner,DC Fast,CCS2,Taxi/Ride-share,Card,1.27,64.52,14.22,917.47,398.01,136.79,19.59,363.08,37.6,4.1,Completed
SES-000426,2024-03-22,22,EV-093,Gurugram,Haryana,Own,AC Level 2,CHAdeMO,Taxi/Ride-share,UPI,0.17,3.0,11.08,33.24,19.82,117.61,18.58,-122.77,16.8,4.8,Completed
SES-004695,2024-09-20,20,EV-083,Gurugram,Haryana,Partner,DC Fast,CCS2,Private,Wallet,0.59,21.51,11.54,248.23,137.64,40.14,20.25,50.2,34.1,3.9,Completed
SES-002039,2024-07-30,10,EV-010,Chennai,Tamil Nadu,Own,AC Level 2,Type 2,Private,UPI,1.66,33.26,9.26,307.99,213.27,139.7,77.48,-122.46,56.6,3.9,Completed
SES-000230,2024-06-15,1,EV-078,Lucknow,Uttar Pradesh,Own,DC Fast,CCS2,Fleet,UPI,1.02,32.39,12.96,419.77,204.35,178.27,14.38,22.77,33.7,3.6,Completed
SES-002563,2024-10-04,5,EV-011,Pune,Maharashtra,Own,DC Fast,CCS2,Fleet,Card,2.1,78.82,13.59,1071.16,653.72,69.53,16.88,331.03,36.9,3.7,Completed
SES-002955,2025-05-21,14,EV-016,Hyderabad,Telangana,Franchise,DC Fast,CHAdeMO,Corporate,UPI,0.71,26.03,14.92,388.37,144.86,50.46,42.35,150.7,25.1,3.5,Completed
SES-003182,2025-06-30,5,EV-047,Bengaluru,Karnataka,Partner,DC Fast,CCS2,Corporate,UPI,1.73,71.45,15.75,1125.34,466.64,32.58,52.03,574.09,13.0,4.2,Completed
SES-002773,2025-06-03,4,EV-058,Delhi,Delhi,Own,AC Level 2,CCS2,Taxi/Ride-share,Corporate Account,0.88,13.22,11.95,157.98,101.85,160.46,34.34,-138.67,25.4,3.8,Completed
SES-004403,2025-06-25,12,EV-099,Jaipur,Rajasthan,Franchise,DC Ultra-Fast,CHAdeMO,Taxi/Ride-share,Card,0.48,40.52,15.74,637.78,285.66,220.35,63.27,68.5,27.0,3.1,Failed
SES-004147,2024-04-06,3,EV-063,Chennai,Tamil Nadu,Own,DC Ultra-Fast,Type 2,Private,UPI,0.26,35.46,14.31,507.43,229.06,192.96,29.22,56.19,19.2,3.9,Completed
SES-002152,2024-12-09,8,EV-045,Lucknow,Uttar Pradesh,Franchise,DC Ultra-Fast,CCS2,Private,UPI,0.15,11.87,16.79,199.3,89.37,218.9,16.26,-125.23,30.6,4.2,Completed
SES-001327,2025-10-30,18,EV-026,Jaipur,Rajasthan,Franchise,DC Fast,CCS2,Private,Card,1.09,40.05,15.97,639.6,310.75,206.87,39.25,82.73,23.8,3.3,Completed
SES-001206,2024-10-19,12,EV-049,Gurugram,Haryana,Own,AC Level 2,CCS2,Private,Wallet,3.07,38.67,9.69,374.71,297.29,207.79,67.55,-197.92,43.0,4.1,Completed
SES-004513,2024-05-17,19,EV-016,Chennai,Tamil Nadu,Own,DC Fast,Type 2,Fleet,Corporate Account,0.54,22.24,12.24,272.22,150.99,122.38,6.86,-8.01,23.3,2.9,Completed
SES-004740,2024-07-28,22,EV-030,Chennai,Tamil Nadu,Partner,DC Fast,CCS2,Private,Wallet,2.55,120.75,14.58,1760.54,624.03,208.02,31.57,896.92,71.2,4.0,Completed
SES-004435,2024-01-26,4,EV-076,Hyderabad,Telangana,Franchise,AC Level 2,CCS2,Private,Card,0.16,2.24,9.34,20.92,18.24,143.44,67.17,-207.93,14.8,3.9,Completed
SES-004895,2024-12-28,20,EV-031,Gurugram,Haryana,Partner,DC Fast,CCS2,Fleet,Wallet,0.94,25.88,12.71,328.93,175.04,71.68,74.04,8.17,28.3,3.1,Completed
SES-002290,2024-05-19,9,EV-074,Bengaluru,Karnataka,Own,DC Fast,Type 2,Fleet,UPI,0.42,12.69,11.5,145.94,86.5,42.89,59.68,-43.13,28.4,3.5,Completed
SES-000475,2025-09-14,4,EV-032,Mumbai,Maharashtra,Own,DC Fast,Type 2,Private,Corporate Account,0.69,36.14,11.84,427.9,297.62,210.35,23.48,-103.55,37.1,4.4,Completed
SES-001480,2025-01-11,5,EV-046,Pune,Maharashtra,Own,AC Level 2,CCS2,Private,Card,0.78,12.96,11.5,149.04,103.36,28.8,24.12,-7.24,21.4,4.7,Completed
SES-004149,2025-07-03,15,EV-015,Jaipur,Rajasthan,Own,DC Fast,CCS2,Fleet,UPI,1.16,34.63,14.57,504.56,200.93,88.65,31.97,183.01,19.1,4.6,Completed
SES-001053,2024-06-13,2,EV-062,Chennai,Tamil Nadu,Own,DC Ultra-Fast,CCS2,Private,Wallet,0.43,56.8,19.95,1133.16,449.86,185.72,75.16,422.42,32.0,3.3,Completed
SES-000570,2025-08-10,20,EV-039,Bengaluru,Karnataka,Franchise,DC Ultra-Fast,CCS2,Private,UPI,0.76,102.64,19.0,1950.16,696.35,237.15,19.18,997.48,20.8,4.6,Completed
SES-000106,2025-08-17,15,EV-075,Pune,Maharashtra,Own,DC Fast,CHAdeMO,Taxi/Ride-share,Wallet,0.61,25.21,11.15,281.09,150.4,29.07,5.35,96.27,30.0,3.8,Completed
SES-002202,2025-12-08,13,EV-062,Mumbai,Maharashtra,Partner,DC Fast,CCS2,Private,Wallet,0.25,,15.56,115.61,52.84,135.75,15.69,-88.67,16.9,4.7,Completed
SES-003121,2024-05-17,8,EV-030,Jaipur,Rajasthan,Partner,DC Fast,CCS2,Taxi/Ride-share,Corporate Account,0.33,17.79,14.02,249.42,118.46,159.41,37.86,-66.31,15.2,3.7,Completed
SES-003817,2024-07-11,3,EV-023,Delhi,Delhi,Own,AC Level 2,CCS2,Fleet,Card,0.68,8.46,8.27,69.96,59.52,56.51,79.71,-125.78,29.4,3.3,Completed
SES-000254,2024-10-20,6,EV-097,Jaipur,Rajasthan,Partner,AC Level 2,CCS2,Taxi/Ride-share,Corporate Account,2.8,32.17,11.48,369.31,193.92,59.63,63.18,52.58,42.1,3.6,Completed
SES-001972,2025-05-18,4,EV-055,Mumbai,Maharashtra,Own,AC Level 2,CCS2,Fleet,Corporate Account,1.6,31.8,11.2,356.16,163.28,210.39,5.84,-23.35,49.3,3.9,Completed
SES-001423,2024-09-19,15,EV-041,Lucknow,Uttar Pradesh,Own,AC Level 2,CHAdeMO,Private,UPI,0.54,6.98,9.71,67.78,47.92,150.56,10.81,-141.51,39.6,3.8,Completed
SES-001287,2024-02-08,19,EV-074,Ahmedabad,Gujarat,Own, DC Fast ,CCS2,Taxi/Ride-share,Card,1.93,98.76,12.43,1227.59,736.84,164.39,56.45,269.91,52.7,4.9,Completed
SES-002502,2025-05-01,13,EV-099,Hyderabad,Telangana,Partner,AC Level 2,CCS2,Private,UPI,1.54,26.09,11.02,287.51,143.2,51.88,55.82,36.61,43.2,4.0,Completed
SES-002503,2025-03-17,23,EV-035,Delhi,Delhi,Own,DC Fast,CCS2,Private,Corporate Account,0.16,8.62,15.6,134.47,70.75,162.41,39.88,-138.57,20.3,4.2,Completed
SES-002535,2025-10-20,17,EV-061,Gurugram,Haryana,Own,DC Fast,Type 2,Fleet,Wallet,0.59,24.85,11.1,275.83,205.61,59.66,53.77,-43.21,57.4,3.6,Completed
SES-002196,2024-01-23,7,EV-049,Chennai,Tamil Nadu,Own,AC Level 2,Type 2,Private,UPI,0.4,5.2,9.11,47.37,26.59,26.29,43.17,-48.68,29.3,3.9,Completed
SES-004719,2024-02-05,17,EV-054,Bengaluru,Karnataka,Own,AC Level 2,CHAdeMO,Fleet,Corporate Account,0.24,2.97,10.14,30.12,21.47,92.92,24.38,-108.65,8.9,4.5,Cancelled
SES-004370,2025-01-12,19,EV-065,Mumbai,Maharashtra,Own,DC Fast,Type 2,Taxi/Ride-share,Wallet,1.53,64.97,13.78,895.29,452.14,195.51,57.06,190.58,38.2,3.8,Completed
SES-002306,2024-07-07,4,EV-083,Delhi,Delhi,Own,DC Fast,Type 2,Private,Card,0.87,45.96,12.51,574.96,286.04,166.47,52.15,70.3,29.4,4.2,Completed
SES-004181,2025-06-17,6,EV-021,Mumbai,Maharashtra,Franchise,AC Level 2,CCS2,Fleet,UPI,0.37,5.84,9.87,57.64,41.85,149.78,6.02,-140.01,18.5,3.9,Completed
SES-001764,2025-06-09,6,EV-052,Lucknow,Uttar Pradesh,Partner,DC Fast,CCS2,Taxi/Ride-share,UPI,0.35,14.23,15.94,226.83,82.8,91.78,70.18,-17.93,8.5,4.0,Completed
SES-003316,2024-01-26,12,EV-045,Chennai,Tamil Nadu,Own,AC Level 2,CCS2,Corporate,UPI,0.95,11.63,8.08,93.97,79.33,125.72,26.55,-137.63,28.9,4.7,Completed
SES-001313,2025-12-24,17,EV-022,Ahmedabad,Gujarat,Own,DC Fast,CCS2,Private,Corporate Account,2.18,60.92,11.98,729.82,485.79,150.86,29.31,63.86,16.3,3.7,Completed
SES-004505,2025-01-21,3,EV-041,Ahmedabad,Gujarat,Partner,AC Level 2,CCS2,Fleet,UPI,0.33,6.83,11.16,76.22,50.04,115.08,37.62,-126.52,32.5,4.6,Cancelled
SES-004554,2024-05-09,8,EV-018,Hyderabad,Telangana,Partner,DC Fast,Type 2,Private,Card,0.57,26.71,15.56,415.61,215.69,61.7,14.34,123.88,22.3,3.4,Completed
SES-004432,2025-07-05,16,EV-009,Gurugram,Haryana,Franchise,DC Fast,CHAdeMO,Corporate,Card,0.71,25.29,11.51,291.09,152.78,69.86,54.31,14.14,33.3,4.4,Completed
SES-003653,2024-11-27,18,EV-006,Jaipur,Rajasthan,Partner,AC Level 2,CCS2,Taxi/Ride-share,Corporate Account,0.47,5.81,9.17,53.28,49.08,32.59,50.27,-78.66,26.5,3.9,Completed
SES-004665,2025-03-05,16,EV-033,Bengaluru,Karnataka,Own,AC Level 2,CCS2,Taxi/Ride-share,Corporate Account,1.22,12.76,8.84,112.8,77.95,212.23,75.75,-253.13,21.6,3.8,Completed
SES-004696,2025-11-01,22,EV-066,Bengaluru,Karnataka,Own,DC Fast,CCS2,Private,UPI,0.37,11.84,11.25,133.2,69.91,204.41,51.42,-192.54,25.2,4.1,Completed
SES-004739,2025-09-12,11,EV-076,Pune,Maharashtra,Partner,DC Ultra-Fast,CCS2,Private,Card,0.89,114.49,16.01,1832.98,872.71,89.98,5.06,865.23,36.4,4.4,Completed
SES-003299,2024-01-10,15,EV-088,Mumbai,Maharashtra,Own,DC Fast,CHAdeMO,Private,UPI,1.17,36.27,15.55,564.0,229.93,174.62,69.95,89.5,36.0,4.7,Completed
SES-000391,2025-03-01,17,EV-088,Lucknow,Uttar Pradesh,Own,AC Level 2,CHAdeMO,Private,Corporate Account,0.88,17.76,10.31,183.11,122.55,207.35,78.48,-225.27,18.0,4.9,Completed
SES-003359,2025-02-04,10,EV-031,Mumbai,Maharashtra,Own,AC Level 2,CCS2,Taxi/Ride-share,Wallet,1.09,10.88,9.77,106.3,81.01,69.23,9.69,-53.63,22.2,4.0,Completed
SES-002441,2024-08-01,16,EV-094,Hyderabad,Telangana,Franchise,DC Ultra-Fast,CCS2,Private,Wallet,0.48,38.37,18.93,726.34,233.77,212.96,40.05,239.56,23.2,4.9,Completed
SES-003912,2024-08-06,12,EV-081,Hyderabad,Telangana,Franchise,DC Fast,CCS2,Private,UPI,0.7,27.14,13.88,376.7,185.78,116.92,79.45,-5.45,19.8,3.7,Completed
SES-001683,2025-09-03,19,EV-054,Delhi,Delhi,Own,AC Level 2,CCS2,Taxi/Ride-share,UPI,0.15,3.11,10.31,32.06,17.62,194.79,71.58,-251.93,21.8,3.5,Completed
SES-000007,2024-05-28,6,EV-064,Bengaluru,Karnataka,Own,DC Ultra-Fast,Type 2,Private,Corporate Account,0.84,85.04,18.13,1541.78,546.37,43.44,38.99,912.98,31.3,4.0,Completed
SES-002298,2025-06-24,9,EV-013,Delhi,Delhi,Own,AC Level 2,CCS2,Private,Wallet,2.66,55.48,10.03,556.46,463.73,140.95,22.22,-70.44,59.9,4.3,Completed
SES-000463,2025-12-23,20,EV-094,Gurugram,Haryana,Own,AC Level 2,Type 2,Private,Corporate Account,1.5,15.65,8.22,128.64,111.65,91.32,29.72,-104.05,46.3,3.2,Completed
SES-002917,2025-04-21,16,EV-052,Delhi,Delhi,Partner,AC Level 2,CCS2,Corporate,Wallet,0.39,5.71,8.69,49.62,40.78,127.63,56.34,-175.13,63.9,3.5,Completed
SES-000661,2025-09-22,0,EV-059,Pune,Maharashtra,Own,DC Fast,CCS2,Private,Wallet,0.19,9.62,12.78,122.94,73.93,105.53,41.6,-98.12,21.5,4.5,Completed
SES-004668,2024-12-10,2,EV-076,Jaipur,Rajasthan,Partner,AC Level 2,Type 2,Taxi/Ride-share,Card,0.89,18.23,8.17,148.94,137.39,143.72,6.25,-138.42,30.7,4.6,Completed
SES-003227,2024-11-19,8,EV-060,Bengaluru,Karnataka,Partner,DC Ultra-Fast,CCS2,Taxi/Ride-share,Card,0.61,52.31,17.89,935.83,401.81,236.43,52.37,245.22,33.7,3.9,Completed
SES-000185,2024-04-17,6,EV-066,Bengaluru,Karnataka,Franchise,DC Fast,CCS2,Taxi/Ride-share,Card,2.15,89.48,13.32,1191.87,560.71,35.33,66.31,529.52,62.8,3.6,Completed
SES-003490,2024-03-16,20,EV-082,Mumbai,Maharashtra,Partner,DC Fast,CCS2,Private,Card,0.44,19.34,15.65,302.67,159.95,83.17,63.7,-4.15,21.5,3.9,Completed
SES-003225,2025-04-12,2,EV-090,Bengaluru,Karnataka,Franchise,DC Fast,CCS2,Taxi/Ride-share,Corporate Account,0.79,41.64,11.78,490.52,269.47,70.57,29.4,121.08,41.2,5.0,Completed
SES-001202,2025-02-09,20,EV-070,Chennai,Tamil Nadu,Own,AC Level 2,Type 2,Corporate,Corporate Account,0.9,16.72,8.34,139.44,140.93,135.75,6.2,-143.44,39.0,4.5,Completed
SES-000519,2025-10-25,13,EV-018,Bengaluru,Karnataka,Own,DC Ultra-Fast,CCS2,Corporate,UPI,1.48,175.27,15.58,2730.71,1414.91,256.53,70.84,988.43,24.1,5.0,Completed
SES-002984,2024-09-23,10,EV-065,Pune,Maharashtra,Own,AC Level 2,CCS2,Taxi/Ride-share,UPI,0.95,13.44,9.54,128.22,105.97,37.59,48.58,-63.92,22.8,5.0,Completed
SES-000274,2025-12-14,23,EV-022,Ahmedabad,Gujarat,Partner,AC Level 2,CCS2,Private,Card,0.25,5.21,10.69,55.69,36.11,68.07,8.99,-57.48,56.8,5.0,Completed
SES-004190,2024-03-10,0,EV-097,Ahmedabad,Gujarat,Own,DC Fast,CHAdeMO,Private,UPI,1.38,44.72,15.1,675.27,342.97,195.52,28.03,108.75,34.6,4.5,Cancelled
SES-001689,2025-01-22,19,EV-039,Hyderabad,Telangana,Own,DC Fast,Type 2,Corporate,UPI,0.5,24.09,15.34,369.54,142.53,182.18,66.98,-22.15,17.5,4.1,Completed
SES-004935,2024-12-22,1,EV-030,Pune,Maharashtra,Own,DC Ultra-Fast,CCS2,Fleet,Wallet,1.86,180.0,19.2,3456.0,1337.68,191.36,13.95,1913.01,38.7,5.0,Completed
SES-001424,2024-03-10,5,EV-045,Lucknow,Uttar Pradesh,Partner,AC Level 2,CCS2,Taxi/Ride-share,Card,1.06,14.53,10.29,149.51,114.49,114.82,14.48,-94.28,25.2,4.8,Completed
SES-003766,2024-07-15,7,EV-093,Bengaluru,Karnataka,Own,AC Level 2,CHAdeMO,Corporate,Wallet,0.44,8.66,8.51,73.7,49.88,27.94,35.97,-40.09,22.7,3.8,Completed
SES-002165,2024-01-05,3,EV-014,,Uttar Pradesh,Partner,DC Fast,CCS2,Private,Wallet,3.68,155.52,15.41,2396.56,823.68,62.6,55.25,1455.03,57.8,3.7,Completed
SES-001284,2025-05-09,18,EV-092,Jaipur,Rajasthan,Partner,DC Fast,CCS2,Corporate,UPI,0.92,34.27,11.61,397.87,252.12,107.19,39.97,-1.41,22.5,3.7,Completed
SES-003317,2024-07-11,15,EV-098,Jaipur,Rajasthan,Partner,AC Level 2,CHAdeMO,Taxi/Ride-share,UPI,0.68,7.0,9.69,67.83,50.03,141.43,40.39,-164.02,26.1,3.9,Completed
SES-001768,2025-11-11,5,EV-058,Delhi,Delhi,Own,AC Level 2,Type 2,Private,UPI,0.47,7.88,10.15,79.98,59.32,138.33,39.81,-157.48,33.7,4.6,Completed
SES-003994,2025-02-08,11,EV-011,Pune,Maharashtra,Franchise,AC Level 2,CCS2,Private,Card,1.93,29.66,9.93,294.52,227.67,162.09,34.87,-130.11,36.2,3.4,Completed
SES-003941,2025-11-10,6,EV-062,Gurugram,Haryana,Own,AC Level 2,CCS2,Fleet,UPI,1.15,13.6,11.73,159.53,105.84,28.55,49.39,-24.25,33.7,4.4,Completed
SES-004589,2025-04-23,20,EV-035,Lucknow,Uttar Pradesh,Own,DC Ultra-Fast,CCS2,Private,Card,1.44,109.68,14.01,1536.62,864.44,216.41,79.09,376.68,47.5,3.3,Completed
SES-000828,2024-05-10,12,EV-045,Jaipur,Rajasthan,Own,AC Level 2,Type 2,Private,UPI,1.2,16.54,9.69,160.27,95.34,30.82,16.44,17.67,13.4,3.8,Completed
SES-002169,2024-04-14,9,EV-057,Lucknow,Uttar Pradesh,Own,DC Fast,Type 2,Fleet,UPI,0.15,6.89,14.75,101.63,42.17,35.08,30.6,-6.22,22.5,3.8,Completed
SES-002309,2024-06-29,5,EV-074,Lucknow,Uttar Pradesh,Partner,AC Level 2,CCS2,Corporate,Corporate Account,0.3,4.59,11.26,51.68,31.41,86.88,21.16,-87.77,34.5,5.0,Completed
SES-001056,2024-04-07,16,EV-063,Ahmedabad,Gujarat,Franchise,AC Level 2,Type 2,Private,UPI,1.17,13.6,10.04,136.54,113.54,153.94,51.82,-182.76,29.0,4.1,Completed
SES-002724,2024-06-07,17,EV-036,Mumbai,Maharashtra,Own,ac level 2,CCS2,Fleet,UPI,0.37,4.73,10.98,51.94,30.54,143.91,16.54,-139.05,7.6,4.6,Completed
SES-003136,2025-10-26,11,EV-037,Delhi,Delhi,Own,AC Level 2,CCS2,Taxi/Ride-share,UPI,0.39,6.3,10.51,66.21,46.13,139.09,20.21,-139.22,29.5,4.7,Completed
SES-000981,2025-06-02,9,EV-034,Hyderabad,Telangana,Franchise,DC Fast,CCS2,Corporate,UPI,1.49,80.82,15.75,1272.92,431.66,193.12,56.47,591.67,60.7,4.6,Completed
SES-004080,2024-09-21,3,EV-084,Delhi,Delhi,Own,AC Level 2,CCS2,Fleet,Wallet,0.85,11.39,8.94,101.83,80.97,97.05,28.91,-105.1,28.5,4.7,Completed
SES-004565,2025-01-15,0,EV-030,Mumbai,Maharashtra,Partner,DC Ultra-Fast,Type 2,Taxi/Ride-share,UPI,1.84,162.36,19.72,3201.74,1218.41,193.86,7.54,1781.93,29.3,4.8,Completed
SES-003623,2024-12-21,7,EV-039,Bengaluru,Karnataka,Own,AC Level 2,Type 2,Private,Card,0.34,4.01,11.99,48.08,27.47,143.78,9.05,-132.22,28.6,3.7,Completed
SES-003814,2025-05-02,13,EV-070,Delhi,Delhi,Franchise,DC Fast,CHAdeMO,Fleet,Wallet,1.03,44.89,11.46,514.44,295.75,105.75,48.27,64.67,33.9,2.2,Completed
SES-002341,2024-10-16,7,EV-002,Pune,Maharashtra,Own,AC Level 2,Type 2,Private,Corporate Account,1.77,17.7,11.6,205.32,143.94,127.98,34.53,-101.13,46.1,4.4,Completed
SES-000721,2025-11-26,8,EV-092,Gurugram,Haryana,Franchise,DC Fast,CCS2,Fleet,Corporate Account,1.02,31.5,11.91,375.16,251.63,71.07,38.68,13.78,18.4,4.9,Completed
SES-000469,2024-07-11,13,EV-024,Bengaluru,Karnataka,Own,AC Level 2,CCS2,Private,Card,1.31,20.92,11.56,241.84,142.47,120.67,72.55,-93.85,18.5,3.8,Completed
SES-001859,2025-03-22,0,EV-061,Mumbai,Maharashtra,Own,DC Fast,CCS2,Taxi/Ride-share,Wallet,1.93,88.32,13.55,1196.74,672.92,41.75,40.1,441.97,29.5,4.8,Completed
SES-002093,2025-03-10,8,EV-028,Mumbai,Maharashtra,Franchise,DC Fast,Type 2,Private,Wallet,1.48,73.25,14.12,1034.29,548.44,95.18,39.63,351.04,18.3,5.0,Completed
SES-003081,2024-07-17,19,EV-032,Chennai,Tamil Nadu,Franchise,DC Fast,Type 2,Fleet,UPI,0.78,33.86,15.12,511.96,254.05,129.53,30.07,98.31,39.4,4.0,Completed
SES-001778,2024-02-21,20,EV-019,Hyderabad,Telangana,Own,AC Level 2,CCS2,Private,Corporate Account,0.5,5.84,8.38,48.94,48.66,38.17,59.21,-97.1,38.1,4.6,Completed
SES-004117,2025-10-01,5,EV-038,Mumbai,Maharashtra,Own,DC Ultra-Fast,Type 2,Private,UPI,0.81,90.36,16.99,1535.22,534.43,107.57,33.16,860.06,41.1,4.8,Completed
SES-000127,2025-06-23,1,EV-027,Hyderabad,Telangana,Own,DC Fast,CCS2,Private,UPI,0.35,12.89,13.0,167.57,98.0,158.73,74.86,-164.02,42.3,2.9,Completed
SES-002958,2024-08-09,16,EV-026,Mumbai,Maharashtra,Partner,AC Level 2,Type 2,Private,Card,0.99,15.41,11.09,170.9,125.68,57.73,30.55,-43.06,43.0,4.2,Completed
SES-004520,2024-12-11,0,EV-031,Jaipur,Rajasthan,Franchise,DC Ultra-Fast,CCS2,Private,UPI,0.99,95.97,14.82,1422.28,596.48,175.56,50.41,599.83,25.7,3.6,Completed
SES-003625,2025-11-02,21,EV-049,Bengaluru,Karnataka,Partner,DC Fast,CCS2,Taxi/Ride-share,Card,0.74,38.46,15.09,580.36,290.4,116.78,16.32,156.86,20.1,4.0,Completed
SES-001987,2024-10-29,7,EV-067,Chennai,Tamil Nadu,Own,AC Level 2,CHAdeMO,Private,Wallet,0.42,7.83,8.08,63.27,48.4,126.24,30.92,-142.29,44.0,3.9,Completed
SES-000652,2025-09-20,10,EV-043,Mumbai,Maharashtra,Partner,DC Ultra-Fast,CCS2,Private,Corporate Account,0.66,60.96,19.86,1210.67,357.57,219.57,74.21,559.32,33.1,4.5,Completed
SES-000235,2024-06-19,8,EV-087,Pune,Maharashtra,Franchise,AC Level 2,CCS2,Private,Corporate Account,1.56,28.38,9.96,282.66,230.56,77.48,33.32,-58.7,39.0,2.7,Completed
SES-001405,2025-06-21,20,EV-002,Chennai,Tamil Nadu,Partner,AC Level 2,CCS2,Taxi/Ride-share,UPI,0.92,11.51,11.95,137.54,87.34,197.85,40.47,-188.12,41.5,4.7,Completed
SES-000289,2024-05-24,3,EV-088,Delhi,Delhi,Franchise,AC Level 2,CHAdeMO,Private,Card,1.75,20.66,10.3,212.8,132.38,86.45,74.14,-80.17,14.2,4.4,Completed
SES-002842,2025-03-22,18,EV-005,Pune,Maharashtra,Own,AC Level 2,CHAdeMO,Corporate,Corporate Account,0.4,5.76,9.42,54.26,29.26,73.16,9.26,-57.42,32.4,4.3,Completed
SES-002509,2024-09-09,21,EV-084,Gurugram,Haryana,Own,DC Ultra-Fast,CCS2,Taxi/Ride-share,Corporate Account,2.04,180.0,18.36,3304.8,1406.03,34.61,75.25,1788.91,45.0,3.4,Completed
SES-003901,2025-11-17,8,EV-071,Delhi,Delhi,Own,DC Fast,CCS2,Taxi/Ride-share,Corporate Account,0.55,30.76,13.84,425.72,195.23,101.79,43.23,85.47,10.8,4.1,Completed
SES-000199,2025-01-16,2,EV-058,Mumbai,Maharashtra,Franchise,AC Level 2,CCS2,Private,UPI,0.27,4.87,9.33,45.44,38.47,92.4,22.7,-108.13,12.1,3.9,Failed
SES-001813,2025-09-09,21,EV-007,Delhi,Delhi,Own,DC Fast,Type 2,Private,Card,1.09,,15.57,557.41,195.88,119.46,32.68,209.39,45.2,3.8,Completed
SES-002763,2025-09-20,11,EV-095,Gurugram,Haryana,Franchise,DC Fast,Type 2,Taxi/Ride-share,Card,0.53,18.58,15.26,283.53,152.72,56.78,55.56,18.47,17.9,3.5,Completed
SES-002095,2024-03-02,13,EV-021,Lucknow,Uttar Pradesh,Partner,AC Level 2,CCS2,Private,UPI,1.31,19.67,9.7,190.8,140.1,65.01,16.99,-31.3,40.1,3.5,Completed
SES-001643,2024-05-31,2,EV-062,Jaipur,Rajasthan,Own,DC Fast,CCS2,Private,UPI,1.05,52.65,11.19,589.15,339.68,75.56,24.36,149.55,27.6,4.7,Completed
SES-004193,2025-12-19,16,EV-036,Gurugram,Haryana,Own,DC Fast,Type 2,Corporate,UPI,0.71,38.53,13.23,509.75,286.64,176.16,18.58,28.37,50.4,4.7,Completed
SES-000775,2025-07-28,21,EV-088,Delhi,Delhi,Partner,DC Fast,CCS2,Private,UPI,0.61,32.22,12.05,388.25,212.1,143.15,47.33,-14.33,42.3,5.0,Completed
SES-001098,2024-03-17,22,EV-025,Delhi,Delhi,Partner,DC Fast,Type 2,Fleet,Corporate Account,1.4,42.46,11.18,474.7,216.5,192.37,79.02,-13.19,37.9,4.5,Completed
SES-002186,2025-01-23,19,EV-024,Hyderabad,Telangana,Partner,AC Level 2,CCS2,Private,UPI,1.32,25.32,8.44,213.7,147.08,147.52,50.41,-131.31,64.8,3.8,Completed
SES-003368,2024-09-01,14,EV-043,Ahmedabad,Gujarat,Franchise,AC Level 2,CCS2,Fleet,UPI,0.59,8.08,9.93,80.23,50.8,70.23,68.34,-109.14,25.6,4.2,Completed
SES-004959,2025-07-21,18,EV-085,Delhi,Delhi,Partner,AC Level 2,CCS2,Private,Card,0.15,3.07,9.98,30.64,22.34,204.46,57.75,-253.91,11.0,4.7,Completed
SES-004474,2024-03-20,20,EV-030,Gurugram,Haryana,Franchise,DC Fast,CCS2,Fleet,UPI,1.86,66.46,14.53,965.66,538.19,63.73,29.99,333.75,53.6,3.8,Completed
SES-000694,2024-12-04,4,EV-074,Lucknow,Uttar Pradesh,Own,DC Ultra-Fast,CCS2,Fleet,UPI,0.32,44.71,15.01,671.1,241.21,173.02,75.26,181.61,24.6,4.6,Completed
SES-001628,2025-04-24,14,EV-038,Mumbai,Maharashtra,Franchise,AC Level 2,CCS2,Private,UPI,2.27,47.28,10.88,514.41,326.69,130.63,73.8,-16.71,64.3,3.9,Completed
SES-000043,2025-07-12,3,EV-079,Gurugram,Haryana,Own,AC Level 2,CCS2,Corporate,UPI,1.04,19.82,8.52,168.87,156.15,22.94,76.61,-86.83,32.1,3.5,Completed
SES-004121,2025-10-19,10,EV-039,Delhi,Delhi,Own,AC Level 2,Type 2,Fleet,UPI,0.9,12.33,8.02,98.89,82.23,83.32,35.34,-102.0,25.4,3.9,Failed
SES-003210,2024-01-24,3,EV-096,Jaipur,Rajasthan,Own,AC Level 2,CCS2,Private,UPI,0.42,7.12,9.61,68.42,57.63,151.97,36.43,-177.61,29.3,3.7,Completed
SES-001095,2024-02-27,7,EV-093,Chennai,Tamil Nadu,Own,DC Fast,Type 2,Taxi/Ride-share,Card,0.15,5.94,11.28,67.0,47.09,97.67,7.43,-85.19,14.5,3.8,Completed
SES-002808,2024-06-10,13,EV-015,Lucknow,Uttar Pradesh,Own,DC Fast,CCS2,Taxi/Ride-share,Card,1.08,29.48,13.63,401.81,210.43,33.28,68.36,89.74,51.9,4.3,Completed
SES-001448,2025-03-31,17,EV-029,Pune,Maharashtra,Partner,DC Fast,Type 2,Private,UPI,0.15,5.66,13.25,75.0,46.73,95.71,65.69,-133.13,35.8,4.4,Completed
SES-003244,2024-12-18,22,EV-081,Ahmedabad,Gujarat,Partner,AC Level 2,CCS2,Private,Corporate Account,2.24,42.71,8.49,362.61,271.29,169.68,78.09,-156.45,53.4,5.0,Completed
SES-004875,2024-05-24,10,EV-028,Ahmedabad,Gujarat,Franchise,AC Level 2,CCS2,Fleet,UPI,0.73,14.29,11.58,165.48,94.52,115.5,14.86,-59.4,21.2,4.0,Completed
SES-000249,2025-11-17,16,EV-027,Hyderabad,Telangana,Own,DC Fast,CHAdeMO,Corporate,Corporate Account,1.06,30.55,11.82,361.1,236.48,78.93,42.8,2.89,29.1,4.2,Completed
SES-000709,2024-07-11,2,EV-088,Mumbai,Maharashtra,Own,DC Fast,Type 2,Corporate,UPI,1.09,35.81,11.91,426.5,284.39,203.29,7.26,-68.44,36.2,4.6,Completed
SES-003180,2024-07-25,11,EV-077,Chennai,Tamil Nadu,Franchise,DC Fast,CHAdeMO,Private,UPI,1.92,56.6,13.84,783.34,306.76,47.29,34.15,395.14,52.3,3.5,Completed
SES-002468,2024-10-25,7,EV-053,Delhi,Delhi,Own,DC Fast,CCS2,Private,UPI,0.55,22.74,13.36,303.81,188.13,78.08,6.69,30.91,10.2,3.9,Completed
SES-001180,2024-11-03,21,EV-056,Lucknow,Uttar Pradesh,Own,DC Fast,CCS2,Private,UPI,0.83,44.03,14.93,657.37,262.21,92.48,77.18,225.5,43.1,3.6,Completed
SES-000162,2025-08-29,10,EV-012,Jaipur,Rajasthan,Own,DC Fast,Type 2,Taxi/Ride-share,UPI,0.88,41.39,11.85,490.47,217.68,132.52,52.82,87.45,43.9,4.7,Failed
SES-002127,2024-03-17,12,EV-083,Bengaluru,Karnataka,Own,DC Fast,CCS2,Private,UPI,0.35,12.99,12.11,157.31,107.86,106.26,75.22,-132.03,39.3,4.5,Completed
SES-003007,2025-08-27,0,EV-039,Hyderabad,Telangana,Own,AC Level 2,CCS2,Private,UPI,1.05,13.74,9.74,133.83,91.47,153.74,22.39,-133.77,18.3,3.8,Completed
SES-001450,2025-03-19,4,EV-074,Delhi,Delhi,Own,DC Fast,Type 2,Fleet,UPI,0.24,6.56,12.64,82.92,52.91,196.4,69.69,-236.08,10.8,5.0,Completed
SES-004559,2024-09-02,11,EV-054,Delhi,Delhi,Own,DC Fast,CCS2,Fleet,UPI,0.43,18.2,12.18,221.68,147.54,121.89,36.6,-84.35,35.8,4.3,Completed
SES-004831,2025-07-01,12,EV-024,Chennai,Tamil Nadu,Own,AC Level 2,CCS2,Corporate,UPI,0.53,6.1,8.11,49.47,38.57,171.7,65.18,-225.98,11.6,3.7,Completed
SES-000224,2024-11-03,3,EV-059,Mumbai,Maharashtra,Partner,AC Level 2,CCS2,Private,UPI,0.15,2.0,11.36,22.72,15.15,193.67,24.27,-210.37,24.8,3.6,Completed
SES-000702,2024-11-12,2,EV-019,Chennai,Tamil Nadu,Own,AC Level 2,CCS2,Private,UPI,2.89,44.93,8.0,359.44,240.84,27.58,50.34,40.68,41.5,3.8,Completed
SES-000690,2025-03-16,1,EV-020,Mumbai,Maharashtra,Partner,AC Level 2,CCS2,Private,UPI,1.1,19.73,9.21,181.71,113.8,147.64,35.95,-115.68,43.6,4.9,Completed
SES-000665,2024-03-05,13,EV-092,Ahmedabad,Gujarat,Own,DC Fast,CCS2,Private,UPI,3.7,176.9,14.21,2513.75,1279.16,75.35,53.87,1105.37,58.0,4.0,Completed
SES-004718,2024-03-21,21,EV-003,Mumbai,Maharashtra,Franchise,AC Level 2,Type 2,Fleet,Card,1.4,15.64,8.68,135.76,85.84,174.35,15.89,-140.32,35.4,,Completed
SES-001877,2025-10-03,18,EV-099,Delhi,Delhi,Own,AC Level 2,CCS2,Taxi/Ride-share,Card,0.15,2.9,10.07,29.2,23.01,154.81,9.29,-157.91,2.0,4.5,Completed
SES-003990,2025-02-12,0,EV-006,Pune,Maharashtra,Own,DC Fast,CCS2,Fleet,Corporate Account,0.43,19.44,15.76,306.37,139.43,145.49,14.65,6.8,49.9,4.4,Completed
SES-003854,2025-09-11,23,EV-030,Chennai,Tamil Nadu,Franchise,AC Level 2,CCS2,Taxi/Ride-share,Wallet,0.73,14.06,9.23,129.77,103.09,59.73,61.71,-94.76,36.0,4.2,Completed
SES-001437,2025-01-04,5,EV-081,Jaipur,Rajasthan,Partner,AC Level 2,CCS2,Taxi/Ride-share,UPI,1.19,20.78,9.39,195.12,154.81,92.92,7.06,-59.67,46.3,3.7,Completed
SES-004083,2025-08-11,10,EV-057,Pune,Maharashtra,Own,AC Level 2,CCS2,Private,Card,1.16,17.03,8.33,141.86,141.05,35.69,35.94,-70.82,30.1,4.6,Completed
SES-001740,2025-06-27,10,EV-052,Lucknow,Uttar Pradesh,Own,AC Level 2,CCS2,Taxi/Ride-share,UPI,0.63,6.68,11.17,74.62,48.05,171.13,58.44,-203.0,49.3,3.5,Completed
SES-003734,2024-04-12,23,EV-025,Lucknow,Uttar Pradesh,Own,DC Ultra-Fast,CCS2,Private,Wallet,1.58,180.0,17.16,3088.8,1277.81,192.39,59.62,1558.98,30.8,4.5,Completed
SES-004475,2024-10-12,6,EV-073,Lucknow,Uttar Pradesh,Own,AC Level 2,CCS2,Fleet,Corporate Account,0.19,2.3,8.12,18.68,15.33,69.32,42.71,-108.68,34.3,3.8,Completed
SES-004804,2025-09-21,1,EV-025,Delhi,Delhi,Partner,DC Fast,CCS2,Private,Card,1.42,40.24,15.49,623.32,307.88,21.9,55.56,237.98,26.6,4.0,Completed
SES-004786,2024-07-12,2,EV-063,Delhi,Delhi,Franchise,AC Level 2,CCS2,Fleet,UPI,0.76,11.63,11.56,134.44,87.27,156.06,59.5,-168.39,23.1,4.8,Completed
SES-003894,2025-05-13,11,EV-052,Lucknow,Uttar Pradesh,Own,AC Level 2,CCS2,Private,Wallet,1.77,26.2,9.46,247.85,159.46,204.41,61.02,-177.04,24.6,4.6,Completed
SES-000429,2025-01-08,16,EV-089,Hyderabad,Telangana,Own,AC Level 2,CCS2,Private,Corporate Account,0.75,11.46,10.07,115.4,95.09,218.0,42.96,-240.65,41.2,4.0,Completed
SES-004290,2024-04-05,12,EV-074,Delhi,Delhi,Own,AC Level 2,CCS2,Taxi/Ride-share,UPI,1.19,15.51,11.19,173.56,122.85,145.6,15.62,-110.51,40.1,3.7,Completed
SES-003325,2025-02-03,12,EV-031,Lucknow,Uttar Pradesh,Partner,DC Fast,CCS2,Corporate,UPI,0.88,41.39,15.81,654.38,266.64,,61.15,204.01,40.8,3.8,Completed
SES-002794,2024-11-10,8,EV-069,Jaipur,Rajasthan,Partner,AC Level 2,CHAdeMO,Private,UPI,1.23,20.22,11.96,241.83,105.66,104.35,29.63,2.19,52.6,3.8,Failed
SES-002074,2024-06-05,4,EV-043,Pune,Maharashtra,Franchise,AC Level 2,CCS2,Taxi/Ride-share,UPI,0.37,6.26,8.66,54.21,46.86,166.25,20.19,-179.09,26.1,3.8,Completed
SES-003810,2024-10-01,4,EV-010,Mumbai,Maharashtra,Franchise,AC Level 2,CHAdeMO,Private,Wallet,1.16,23.24,9.51,221.01,126.89,148.56,77.85,-132.29,47.2,4.4,Completed
SES-003586,2024-11-07,1,EV-072,Hyderabad,Telangana,Franchise,AC Level 2,CHAdeMO,Private,UPI,2.52,45.26,11.98,542.21,236.48,180.52,28.81,96.4,50.2,3.0,Completed
SES-003138,2025-05-27,1,EV-060,Hyderabad,Telangana,Own,DC Ultra-Fast,CCS2,Fleet,Card,1.47,129.73,14.21,1843.46,1000.21,277.21,43.95,522.09,24.4,3.8,Completed
SES-001963,2025-11-27,3,EV-049,Pune,Maharashtra,Own,DC Fast,CCS2,Fleet,Corporate Account,1.21,35.21,12.03,423.58,266.88,86.68,23.76,46.26,6.6,3.4,Completed
SES-002140,2024-05-17,6,EV-062,Hyderabad,Telangana,Partner,DC Ultra-Fast,CHAdeMO,Taxi/Ride-share,Wallet,2.58,180.0,15.51,2791.8,1059.14,327.23,21.44,1383.99,44.3,3.3,Completed
SES-001017,2024-09-20,4,EV-059,Chennai,Tamil Nadu,Own,AC Level 2,CCS2,Private,UPI,1.56,19.28,9.38,180.85,112.56,94.13,9.88,-35.72,46.9,3.4,Completed
SES-001728,2025-02-22,1,EV-042,Chennai,Tamil Nadu,Partner,AC Level 2,CCS2,Taxi/Ride-share,UPI,2.03,24.13,8.14,196.42,161.09,86.85,10.71,-62.23,29.4,3.6,Completed
SES-002277,2025-09-24,6,EV-058,Bengaluru,Karnataka,Own,DC Ultra-Fast,CCS2,Taxi/Ride-share,Wallet,0.41,34.06,17.63,600.48,187.12,216.08,38.75,158.53,21.1,3.9,Completed
SES-003565,2025-03-03,2,EV-030,Jaipur,Rajasthan,Own,DC Fast,Type 2,Private,Card,0.89,29.07,12.36,359.31,244.51,143.75,59.06,-88.01,51.2,3.4,Cancelled
SES-004305,2025-10-18,6,EV-073,Chennai,Tamil Nadu,Own,DC Fast,CCS2,Fleet,UPI,0.89,44.43,12.99,577.15,287.19,62.7,67.44,159.82,30.7,4.9,Completed
SES-001124,2025-08-27,3,EV-085,Bengaluru,Karnataka,Franchise,DC Fast,Type 2,Private,UPI,2.75,129.31,12.8,1655.17,785.8,35.13,28.15,806.09,57.5,4.2,Completed
SES-002839,2025-08-30,8,EV-008,Mumbai,Maharashtra,Own,DC Fast,CCS2,Private,Card,1.88,70.82,13.05,924.2,458.2,203.8,44.94,217.26,42.9,3.2,Completed
SES-003976,2025-04-14,23,EV-019,Delhi,Delhi,Partner,DC Fast,Type 2,Private,UPI,0.57,25.88,12.52,324.02,213.54,140.39,65.05,-94.96,18.5,4.2,Completed
SES-001478,2024-03-21,10,EV-026,Gurugram,Haryana,Own,DC Ultra-Fast,Type 2,Taxi/Ride-share,Card,0.66,48.07,17.17,825.36,366.54,307.19,77.67,73.96,38.3,4.1,Completed
SES-000598,2025-12-22,4,EV-079,Lucknow,Uttar Pradesh,Partner,DC Ultra-Fast,CHAdeMO,Private,UPI,0.29,20.6,15.87,326.92,123.64,192.69,38.18,-27.59,11.4,3.4,Completed
SES-003247,2024-07-26,7,EV-093,Chennai,Tamil Nadu,Partner,AC Level 2,Type 2,Private,Corporate Account,0.16,2.64,8.34,22.02,20.36,172.71,65.91,-236.96,18.1,4.3,Completed
SES-003124,2024-05-16,11,EV-085,Pune,Maharashtra,Franchise,AC Level 2,Type 2,Private,Card,1.44,14.39,10.86,156.28,73.45,73.17,72.97,-63.31,37.6,3.8,Completed
SES-001726,2024-12-11,16,EV-076,Pune,Maharashtra,Franchise,AC Level 2,CCS2,Taxi/Ride-share,Card,0.24,3.53,11.24,39.68,25.14,160.21,50.44,-196.11,20.7,4.0,Completed
SES-004300,2025-06-19,23,EV-066,Pune,Maharashtra,Franchise,DC Fast,CCS2,Private,Card,0.56,18.22,14.31,260.73,129.96,182.35,67.11,-118.69,22.5,4.5,Completed
SES-004110,2024-10-09,12,EV-099,Delhi,Delhi,Franchise,DC Fast,CCS2,Taxi/Ride-share,Wallet,0.86,29.81,11.34,338.05,190.77,213.97,44.93,-111.62,29.1,4.3,Completed
SES-004389,2024-09-13,23,EV-005,Jaipur,Rajasthan,Franchise,AC Level 2,CCS2,Private,UPI,1.09,13.61,8.61,117.18,109.31,139.26,74.84,-206.23,29.8,4.5,Completed
SES-000588,2024-04-04,19,EV-074,Pune,Maharashtra,Own,DC Fast,CCS2,Taxi/Ride-share,Wallet,0.23,7.88,13.32,104.96,46.34,27.14,27.59,3.89,19.8,3.8,Completed
SES-000667,2024-04-05,6,EV-056,Pune,Maharashtra,Own,AC Level 2,CCS2,Private,Card,0.2,2.13,8.68,18.49,15.62,27.03,50.77,-74.93,10.6,3.9,Completed
SES-002467,2025-01-07,7,EV-098,Ahmedabad,Gujarat,Own,AC Level 2,CCS2,Private,Corporate Account,0.41,7.03,10.45,,44.19,142.95,59.52,-173.2,27.8,3.8,Completed
SES-003173,2024-03-10,20,EV-057,Jaipur,Rajasthan,Own,AC Level 2,CCS2,Private,Wallet,0.59,12.07,8.3,100.18,87.75,53.49,57.2,-98.26,26.1,3.2,Completed
SES-000018,2025-03-04,5,EV-022,Jaipur,Rajasthan,Partner,DC Fast,CCS2,Private,UPI,1.0,33.63,15.31,514.88,182.17,176.9,6.18,149.63,20.1,4.6,Completed
SES-003709,2025-03-06,19,EV-036,Pune,Maharashtra,Partner,AC Level 2,CCS2,Corporate,Card,0.91,12.42,9.67,120.1,72.82,65.68,33.22,-51.62,13.9,4.4,Completed
SES-003286,2024-12-19,6,EV-099,Mumbai,Maharashtra,Franchise,AC Level 2,CHAdeMO,Fleet,Corporate Account,1.57,16.23,8.97,145.58,110.88,149.45,19.7,-134.45,26.9,3.8,Completed
SES-003365,2025-02-23,15,EV-012,Chennai,Tamil Nadu,Partner,DC Fast,Type 2,Taxi/Ride-share,Card,1.46,53.81,15.03,808.76,426.38,138.94,27.82,215.62,37.2,3.9,Completed
SES-001956,2024-04-19,13,EV-049,Gurugram,Haryana,Own,AC Level 2,Type 2,Private,Corporate Account,0.74,12.41,8.71,108.09,62.8,208.96,44.5,-208.17,18.3,5.0,Completed
SES-004047,2024-12-21,13,EV-079,Ahmedabad,Gujarat,Own,AC Level 2,CHAdeMO,Private,Wallet,1.29,17.72,9.02,159.83,117.93,147.42,69.53,-175.05,30.3,3.6,Completed
SES-003594,2024-03-22,8,EV-033,Delhi,Delhi,Partner,DC Ultra-Fast,CHAdeMO,Fleet,Card,0.71,92.41,18.85,1741.93,757.6,168.78,62.91,752.64,13.3,4.5,Cancelled
SES-002654,2024-02-04,1,EV-001,Mumbai,Maharashtra,Franchise,AC Level 2,Type 2,Private,UPI,0.41,5.72,8.83,50.51,41.91,174.22,33.51,-199.13,13.6,4.3,Completed
SES-002113,2025-04-11,22,EV-052,Chennai,Tamil Nadu,Partner,DC Fast,CCS2,Taxi/Ride-share,UPI,0.58,25.84,12.13,313.44,185.78,70.6,21.21,35.85,47.5,3.7,Completed
SES-001255,2024-09-05,12,EV-089,Mumbai,Maharashtra,Own,DC Ultra-Fast,CHAdeMO,Taxi/Ride-share,Card,2.49,180.0,19.92,3585.6,914.63,185.71,34.3,2450.96,55.3,4.1,Completed
SES-002288,2025-05-24,3,EV-086,Ahmedabad,Gujarat,Own,AC Level 2,CCS2,Taxi/Ride-share,Card,1.09,13.19,11.85,156.3,96.41,145.6,26.06,-111.77,14.6,4.8,Completed
SES-004120,2025-02-28,1,EV-042,Chennai,Tamil Nadu,Partner,DC Ultra-Fast,CCS2,Fleet,UPI,0.17,20.22,18.98,383.78,106.69,198.39,75.24,3.46,16.0,4.2,Completed
SES-002205,2024-05-21,3,EV-046,Chennai,Tamil Nadu,Own,AC Level 2,CCS2,Private,UPI,0.65,7.32,11.67,85.42,45.97,108.88,32.38,-101.81,27.5,3.8,Completed
SES-001498,2025-06-18,23,EV-049,Lucknow,Uttar Pradesh,Own,DC Fast,Type 2,Private,UPI,1.03,36.34,14.36,521.84,305.76,50.84,14.77,150.47,15.4,3.9,Completed
SES-004005,2024-10-17,23,EV-091,Chennai,Tamil Nadu,Own,AC Level 2,CCS2,Corporate,UPI,0.58,9.86,9.17,90.42,75.2,94.2,14.68,-93.66,2.0,3.1,Completed
SES-002688,2024-06-09,10,EV-069,Chennai,Tamil Nadu,Own,DC Fast,CCS2,Private,Wallet,1.17,63.26,12.49,790.12,420.73,113.87,17.74,237.78,47.1,3.6,Completed
SES-001344,2024-09-11,17,EV-055,Mumbai,Maharashtra,Own,AC Level 2,Type 2,Private,Corporate Account,2.54,48.6,9.69,470.93,399.04,85.94,58.09,-72.14,65.0,3.9,Completed
SES-003229,2025-07-12,23,EV-016,Mumbai,Maharashtra,Franchise,AC Level 2,Type 2,Corporate,UPI,1.19,12.84,10.91,140.08,75.99,208.35,9.07,-153.33,34.0,4.0,Completed
SES-001770,2025-11-06,10,EV-036,Jaipur,Rajasthan,Own,DC Fast,CHAdeMO,Fleet,Corporate Account,1.44,73.96,12.51,925.24,579.23,188.83,16.09,141.09,42.5,4.4,Completed
SES-002414,2024-08-26,18,EV-072,Jaipur,Rajasthan,Partner,DC Fast,Type 2,Private,Wallet,0.82,28.36,11.36,322.17,222.54,97.24,51.0,-48.61,13.5,4.3,Completed
SES-003339,2024-04-14,3,EV-059,Pune,Maharashtra,Own,DC Fast,CHAdeMO,Private,UPI,1.42,79.96,13.69,1094.65,629.75,133.89,23.3,307.71,37.0,5.0,Completed
SES-002530,2025-05-08,10,EV-049,Chennai,Tamil Nadu,Own,DC Ultra-Fast,CCS2,Fleet,Wallet,0.84,72.96,16.29,1188.52,424.08,265.72,76.19,422.53,34.2,3.7,Completed
SES-000646,2025-12-24,5,EV-041,Pune,Maharashtra,Own,DC Fast,CCS2,Private,Card,0.62,26.01,14.3,371.94,172.89,54.51,72.84,71.7,2.0,4.2,Completed
SES-000457,2024-07-15,14,EV-004,Mumbai,Maharashtra,Own,AC Level 2,CCS2,Private,UPI,0.51,7.88,8.65,68.16,47.76,116.76,73.95,-170.31,39.2,3.9,Completed
SES-002034,2024-02-14,23,EV-042,Mumbai,Maharashtra,Own,DC Ultra-Fast,CCS2,Private,Card,0.15,18.86,15.88,299.5,94.63,208.7,36.38,-40.21,2.0,4.1,Completed
SES-001319,2025-09-22,1,EV-070,,Haryana,Own,DC Ultra-Fast,CHAdeMO,Private,Card,0.47,55.82,14.64,817.2,350.74,271.93,12.02,182.51,6.0,4.6,Completed
SES-002645,2025-03-12,14,EV-076,Delhi,Delhi,Franchise,AC Level 2,CCS2,Private,Card,0.55,7.48,10.52,78.69,61.8,87.06,9.65,-79.82,21.2,3.3,Completed
SES-001334,2025-11-14,12,EV-097,Hyderabad,Telangana,Partner,AC Level 2,CHAdeMO,Private,Card,1.82,32.43,8.78,284.74,258.85,189.36,38.53,-202.0,55.4,4.2,Failed
SES-000813,2024-06-02,19,EV-066,Mumbai,Maharashtra,Own,DC Fast,Type 2,Private,UPI,0.27,14.41,11.75,169.32,111.26,126.8,23.39,-92.13,37.3,3.8,Completed
SES-000309,2025-04-09,16,EV-029,Ahmedabad,Gujarat,Own,AC Level 2,CCS2,Fleet,Card,2.05,42.12,8.16,343.7,243.82,197.46,74.94,-172.52,84.3,3.3,Completed
SES-001007,2024-05-04,20,EV-021,Pune,Maharashtra,Partner,AC Level 2,CCS2,Corporate,UPI,0.72,12.12,9.81,118.9,77.24,37.81,74.61,-70.76,26.7,3.7,Completed
SES-000065,2025-08-08,4,EV-095,Mumbai,Maharashtra,Partner,DC Fast,Type 2,Fleet,UPI,1.5,63.82,12.83,818.81,323.42,48.17,49.31,397.91,57.6,3.9,Completed
SES-004747,2024-03-03,1,EV-026,Chennai,Tamil Nadu,Partner,DC Fast,Type 2,Corporate,UPI,0.2,9.73,12.41,120.75,51.84,183.41,41.77,-156.27,22.6,4.1,Completed
SES-003826,2024-05-29,14,EV-064,Mumbai,Maharashtra,Own,DC Fast,Type 2,Private,UPI,1.56,66.58,13.71,912.81,386.08,98.58,42.76,385.39,7.9,4.7,Completed
SES-001218,2024-06-28,21,EV-051,Gurugram,Haryana,Franchise,DC Ultra-Fast,CCS2,Fleet,Corporate Account,1.71,130.2,14.5,1887.9,796.68,273.35,65.26,752.61,34.1,4.3,Completed
SES-003600,2024-12-05,17,EV-057,Hyderabad,Telangana,Partner,DC Ultra-Fast,Type 2,Corporate,Wallet,0.61,72.31,17.19,1243.01,431.64,171.69,38.17,601.51,15.7,4.1,Completed
SES-004216,2025-01-24,22,EV-037,Gurugram,Haryana,Partner,AC Level 2,CCS2,Private,Card,1.03,13.08,10.87,142.18,89.37,188.53,61.93,-197.65,42.5,3.8,Completed
SES-001578,2025-01-22,23,EV-012, Hyderabad ,Telangana,Own,AC Level 2,CHAdeMO,Corporate,UPI,0.18,3.27,8.28,27.08,18.07,67.03,20.75,-78.77,6.2,2.8,Completed
SES-004841,2024-10-23,22,EV-087,Delhi,Delhi,Franchise,AC Level 2,CHAdeMO,Taxi/Ride-share,Wallet,1.6,19.01,9.79,186.11,150.13,86.15,50.89,-101.06,34.8,4.5,Completed
SES-002491,2025-09-24,13,EV-021,Chennai,Tamil Nadu,Franchise,AC Level 2,CCS2,Corporate,UPI,1.12,22.59,9.29,209.86,185.91,147.73,70.6,-194.38,58.5,3.9,Completed
SES-003658,2025-01-26,23,EV-046,Jaipur,Rajasthan,Own,AC Level 2,CCS2,Fleet,Card,1.41,14.21,10.01,142.24,98.04,71.09,68.0,-94.89,30.6,3.0,Failed
SES-001886,2024-02-11,0,EV-038,Lucknow,Uttar Pradesh,Franchise,DC Fast,Type 2,Private,Wallet,0.83,45.11,12.4,559.36,290.57,63.51,47.88,157.4,30.8,3.2,Completed
SES-004107,2025-06-09,5,EV-088,Jaipur,Rajasthan,Own,AC Level 2,Type 2,Private,UPI,0.72,9.74,9.62,93.7,76.98,23.22,36.8,-43.3,35.0,5.0,Completed
SES-004016,2024-07-17,22,EV-086,Bengaluru,Karnataka,Franchise,DC Fast,CCS2,Taxi/Ride-share,Card,1.07,59.83,13.75,822.66,377.88,156.02,47.31,241.45,11.6,3.7,Completed
SES-002355,2025-04-30,0,EV-012,Chennai,Tamil Nadu,Franchise,AC Level 2,CHAdeMO,Taxi/Ride-share,UPI,1.17,13.96,8.95,124.94,71.83,166.21,77.66,-190.76,22.8,4.1,Completed
SES-001238,2024-12-07,4,EV-030,Ahmedabad,Gujarat,Own,DC Ultra-Fast,Type 2,Private,Wallet,1.37,107.88,14.71,1586.91,735.06,259.02,70.16,522.67,24.9,4.4,Completed
SES-001226,2025-09-16,21,EV-054,Hyderabad,Telangana,Own,AC Level 2,CCS2,Private,Wallet,0.46,6.32,8.75,55.3,45.36,50.69,31.98,-72.73,30.4,4.9,Completed
SES-003200,2025-07-10,19,EV-046,Ahmedabad,Gujarat,Own,AC Level 2,Type 2,Private,Wallet,1.37,22.01,11.6,255.32,173.47,90.36,8.58,-17.09,46.5,4.8,Completed
SES-003621,2025-07-16,20,EV-048,Pune,Maharashtra,Franchise,AC Level 2,CCS2,Taxi/Ride-share,Wallet,0.18,2.38,8.14,19.37,19.08,139.59,45.81,-185.11,24.2,3.7,Completed
SES-002385,2025-08-04,2,EV-071,Delhi,Delhi,Own,DC Fast,CCS2,Corporate,Card,0.32,12.13,13.15,159.51,101.87,90.78,9.87,-43.01,22.3,4.4,Completed
SES-000920,2024-02-08,0,EV-090,Pune,Maharashtra,Own,AC Level 2,Type 2,Corporate,UPI,1.53,26.8,9.15,245.22,137.14,128.95,58.88,-79.75,32.1,4.7,Completed
SES-001929,2025-01-04,7,EV-045,Gurugram,Haryana,Franchise,AC Level 2,CCS2,Corporate,UPI,2.42,31.92,11.81,376.98,230.01,56.79,21.52,68.66,54.9,5.0,Completed
SES-001619,2024-02-12,11,EV-003,Hyderabad,Telangana,Partner,DC Fast,Type 2,Fleet,UPI,1.01,33.09,15.53,513.89,218.82,60.75,65.23,169.09,35.6,3.8,Completed
SES-000085,2025-12-04,20,EV-060,Jaipur,Rajasthan,Own,DC Ultra-Fast,CCS2,Private,UPI,2.25,180.0,16.18,2912.4,1011.58,161.06,5.07,1734.69,58.5,4.2,Completed
SES-003355,2025-08-23,19,EV-092,Lucknow,Uttar Pradesh,Partner,DC Ultra-Fast,Type 2,Private,UPI,1.21,123.77,18.2,2252.61,980.17,48.36,44.64,1179.44,18.6,3.9,Completed
SES-003370,2025-06-27,10,EV-079,Lucknow,Uttar Pradesh,Own,AC Level 2,CHAdeMO,Private,UPI,0.49,9.82,8.56,84.06,59.67,45.34,12.57,-33.52,23.7,3.8,Completed
SES-003035,2025-07-23,23,EV-070,Delhi,Delhi,Own,DC Fast,CCS2,Fleet,UPI,1.42,51.94,11.29,586.4,346.3,198.64,10.24,31.22,29.7,3.8,Completed
SES-000674,2025-12-21,3,EV-097,Lucknow,Uttar Pradesh,Own,AC Level 2,CCS2,Fleet,UPI,1.6,21.36,11.09,236.88,154.97,177.95,55.32,-151.36,28.2,3.8,Completed
SES-000187,2024-03-20,1,EV-015,Pune,Maharashtra,Franchise,AC Level 2,CCS2,Taxi/Ride-share,UPI,0.64,12.28,8.01,98.36,64.94,85.07,36.77,-88.42,16.2,4.2,Completed
SES-001434,2024-01-10,14,EV-088,Mumbai,Maharashtra,Own,DC Fast,CCS2,Private,UPI,0.15,6.34,14.06,89.14,38.05,149.32,27.51,-125.74,17.7,5.0,Completed
SES-004934,2025-04-29,18,EV-070,Bengaluru,Karnataka,Own,,CCS2,Fleet,Card,3.48,56.11,11.74,658.73,355.38,59.9,69.71,173.74,88.1,4.2,Completed
SES-003251,2025-07-12,1,EV-053,Delhi,Delhi,Partner,AC Level 2,CHAdeMO,Fleet,Card,1.34,17.49,10.63,185.92,138.52,159.35,68.1,-180.05,46.0,4.5,Completed
SES-002940,2024-04-28,0,EV-096,Pune,Maharashtra,Own,DC Fast,CCS2,Corporate,Corporate Account,0.4,16.7,13.74,229.46,86.46,92.43,9.77,40.8,16.6,3.6,Completed
SES-003742,2025-10-28,12,EV-043,Gurugram,Haryana,Own,DC Fast,CCS2,Fleet,UPI,2.09,84.94,15.55,1320.82,683.3,85.4,67.41,484.71,55.1,4.4,Completed
SES-004756,2024-08-28,17,EV-027,Delhi,Delhi,Franchise,DC Fast,CCS2,Private,UPI,0.67,36.84,13.74,506.18,205.36,123.75,41.28,135.79,37.1,4.2,Completed
SES-001089,2025-04-25,1,EV-079,Bengaluru,Karnataka,Own,DC Ultra-Fast,CCS2,Private,UPI,0.67,47.26,18.59,878.56,259.23,75.1,9.72,534.51,36.4,4.1,Completed
SES-003148,2024-04-16,8,EV-005,Ahmedabad,Gujarat,Own,AC Level 2,CCS2,Fleet,UPI,2.33,23.21,11.25,261.11,170.5,174.48,55.13,-139.0,43.7,3.5,Completed
SES-000620,2024-05-09,6,EV-067,Lucknow,Uttar Pradesh,Own,DC Ultra-Fast,CCS2,Private,UPI,0.25,21.93,14.33,314.26,130.37,49.85,66.07,67.97,15.0,4.0,Completed
SES-004174,2024-12-30,10,EV-001,Lucknow,Uttar Pradesh,Partner,DC Fast,CCS2,Private,Card,0.42,15.56,15.74,244.91,124.5,206.31,24.68,-110.58,6.6,4.0,Completed
SES-004323,2024-05-26,22,EV-056,Gurugram,Haryana,Own,DC Fast,CHAdeMO,Corporate,Card,1.12,62.89,14.71,925.11,484.49,73.87,35.04,331.71,43.7,4.3,Completed
SES-001215,2024-11-03,16,EV-042,Ahmedabad,Gujarat,Own,DC Fast,CHAdeMO,Fleet,UPI,0.15,4.64,11.51,53.41,34.21,58.78,73.69,-113.27,27.6,3.6,Completed
SES-001703,2024-10-24,15,EV-074,Mumbai,Maharashtra,Own,DC Fast,Type 2,Fleet,UPI,2.2,75.19,11.32,851.15,428.94,20.44,7.43,394.34,53.1,3.8,Completed
SES-003265,2025-12-24,1,EV-019,Gurugram,Haryana,Own,AC Level 2,Type 2,Fleet,Corporate Account,1.25,12.95,10.0,129.5,64.91,115.83,52.96,-104.2,33.4,4.3,Completed
SES-002066,2025-11-27,5,EV-100,Jaipur,Rajasthan,Own,AC Level 2,CCS2,Taxi/Ride-share,Card,0.37,3.75,10.09,37.84,19.3,167.65,30.23,-179.34,43.0,4.2,Completed
SES-000784,2025-01-15,22,EV-091,Gurugram,Haryana,Own,DC Ultra-Fast,CCS2,Private,UPI,2.2,180.0,17.05,3069.0,907.67,139.25,75.09,1946.99,41.8,3.5,Completed
SES-004263,2024-03-04,7,EV-043,Jaipur,Rajasthan,Partner,AC Level 2,CHAdeMO,Taxi/Ride-share,UPI,0.88,17.71,9.28,164.35,111.28,153.46,68.52,-168.91,41.8,3.6,Completed
SES-003883,2024-11-11,7,EV-019,Hyderabad,Telangana,Own,AC Level 2,CCS2,Private,UPI,0.37,7.39,9.22,68.14,54.5,122.94,70.39,-179.69,26.5,5.0,Completed
SES-003553,2024-05-30,7,EV-080,Mumbai,Maharashtra,Own,DC Fast,Type 2,Fleet,UPI,0.37,13.15,15.79,207.64,102.5,113.44,67.8,-76.1,14.9,4.6,Completed
SES-001580,2024-05-24,17,EV-066,Chennai,Tamil Nadu,Franchise,DC Fast,CCS2,Private,UPI,1.06,51.56,12.4,639.34,375.5,90.05,77.94,95.85,21.6,3.8,Completed
SES-004219,2025-08-04,14,EV-054,Bengaluru,Karnataka,Own,DC Ultra-Fast,CCS2,Corporate,Card,0.59,63.35,14.47,916.67,446.77,123.29,75.28,271.33,21.6,4.0,Completed
SES-004773,2025-02-04,9,EV-044,Gurugram,Haryana,Own,AC Level 2,Type 2,Private,Wallet,0.24,4.3,10.41,44.76,32.29,212.86,14.16,-214.55,9.6,4.8,Completed
SES-004613,2025-06-08,17,EV-073,Ahmedabad,Gujarat,Franchise,DC Fast,CCS2,Fleet,Wallet,2.4,106.45,15.37,1636.14,875.64,95.76,15.64,649.1,56.4,4.0,Completed
SES-004074,2024-07-04,4,EV-017,Chennai,Tamil Nadu,Partner,AC Level 2,Type 2,Private,UPI,0.98,13.31,9.32,124.05,101.45,119.71,57.27,-154.38,35.0,4.3,Completed
SES-002396,2025-08-18,16,EV-025,Lucknow,Uttar Pradesh,Partner,AC Level 2,CCS2,Corporate,UPI,1.74,30.49,9.27,282.64,202.29,164.12,50.73,-134.5,35.6,4.1,Completed
SES-003270,2025-11-23,2,EV-084,Hyderabad,Telangana,Partner,AC Level 2,Type 2,Taxi/Ride-share,Corporate Account,1.39,27.91,9.91,276.59,153.7,31.82,19.66,71.41,21.4,4.8,Completed
SES-000625,2024-05-12,18,EV-071,Delhi,Delhi,Partner,AC Level 2,CCS2,Private,UPI,0.15,2.0,11.5,23.0,12.61,22.28,16.23,-28.12,37.0,3.8,Completed
SES-003898,2024-06-08,17,EV-049,Hyderabad,Telangana,Franchise,DC Ultra-Fast,CCS2,Corporate,UPI,1.52,102.75,19.03,1955.33,649.13,234.64,78.85,992.71,52.7,3.9,Completed
SES-001366,2025-07-10,2,EV-032,Mumbai,Maharashtra,Own,DC Fast,CCS2,Private,UPI,1.56,46.5,14.73,684.94,363.44,99.49,44.86,177.15,46.8,3.9,Completed
SES-002895,2025-04-13,10,EV-067,Jaipur,Rajasthan,Own,DC Ultra-Fast,CCS2,Private,UPI,0.8,59.39,16.33,969.84,377.93,316.91,29.87,245.13,26.6,3.8,Completed
SES-003004,2025-06-07,21,EV-022,Pune,Maharashtra,Franchise,DC Fast,Type 2,Private,UPI,0.88,36.95,12.57,464.46,258.32,130.31,64.61,11.22,29.0,3.8,Completed
SES-004530,2024-10-05,23,EV-054,Chennai,Tamil Nadu,Own,DC Fast,CCS2,Private,Corporate Account,1.56,61.03,14.94,911.79,325.06,80.32,71.48,434.93,46.5,4.4,Completed
SES-002221,2025-08-07,0,EV-018,Hyderabad,Telangana,Own,AC Level 2,CCS2,Fleet,UPI,0.83,14.39,8.59,123.61,102.0,157.61,11.03,-147.03,22.4,3.9,Completed
SES-002182,2024-07-16,15,EV-032,Jaipur,Rajasthan,Franchise,DC Fast,CCS2,Private,Card,0.23,12.15,11.53,140.09,62.03,182.23,7.91,-112.08,24.2,5.0,Completed
SES-003424,2024-04-14,14,EV-092,Lucknow,Uttar Pradesh,Franchise,DC Fast,CCS2,Private,Card,1.99,59.48,12.54,745.88,409.19,135.31,71.17,130.21,28.9,5.0,Completed
SES-001001,2024-12-03,8,EV-038,Delhi,Delhi,Own,DC Ultra-Fast,CCS2,Private,Corporate Account,1.14,100.18,16.4,1642.95,606.0,316.87,66.13,653.95,40.9,4.5,Completed
SES-004592,2024-04-28,6,EV-075,pune,Maharashtra,Own,DC Fast,CCS2,Private,Wallet,1.27,60.36,12.66,764.16,444.31,93.86,30.74,195.25,57.3,4.4,Completed
SES-003946,2025-03-13,0,EV-057,Lucknow,Uttar Pradesh,Own,AC Level 2,Type 2,Private,Wallet,0.85,9.81,9.65,94.67,59.68,126.85,9.78,-101.64,5.2,3.8,Completed
SES-001085,2024-09-25,0,EV-013,Jaipur,Rajasthan,Own,AC Level 2,CCS2,Taxi/Ride-share,UPI,0.77,13.05,10.14,132.33,70.05,65.06,22.3,-25.08,47.5,2.9,Failed
SES-000355,2025-05-14,3,EV-095,Gurugram,Haryana,Own,AC Level 2,CCS2,Corporate,Card,1.07,22.25,10.57,235.18,141.75,60.97,43.75,-11.29,38.0,5.0,Completed
SES-004184,2024-02-06,9,EV-012,Gurugram,Haryana,Own,DC Ultra-Fast,CCS2,Private,Card,1.69,114.64,19.9,2281.34,668.47,289.15,43.83,1279.89,46.1,4.0,Completed
SES-003797,2025-06-02,0,EV-035,Chennai,Tamil Nadu,Franchise,AC Level 2,CCS2,Corporate,Corporate Account,0.48,5.34,9.19,49.07,34.17,152.8,69.13,-207.03,8.2,3.4,Failed
SES-003489,2024-05-28,8,EV-028,Lucknow,Uttar Pradesh,Own,DC Fast,CHAdeMO,Private,UPI,1.99,76.82,13.37,1027.08,613.5,36.59,35.29,341.7,38.5,4.5,Completed
SES-001268,2025-10-21,3,EV-085,Bengaluru,Karnataka,Own,AC Level 2,CCS2,Private,Wallet,0.48,7.38,11.56,85.31,57.76,190.26,56.72,-219.43,18.8,3.4,Completed
SES-004186,2025-04-18,18,EV-020,Bengaluru,Karnataka,Partner,AC Level 2,Type 2,Corporate,UPI,0.79,8.96,10.94,98.02,66.22,204.97,60.63,-233.8,30.4,4.4,Completed
SES-002919,2024-02-15,8,EV-044,Chennai,Tamil Nadu,Own,DC Fast,CHAdeMO,Private,Corporate Account,0.29,14.76,15.87,234.24,93.11,114.3,35.06,-8.23,16.2,3.9,Completed
SES-000459,2025-07-09,7,EV-090,Mumbai,Maharashtra,Partner,DC Ultra-Fast,CCS2,Private,Card,0.77,89.89,15.74,1414.87,501.24,301.89,61.73,550.01,44.3,3.9,Completed
SES-003216,2024-10-04,4,EV-080,Mumbai,Maharashtra,Franchise,AC Level 2,CHAdeMO,Fleet,UPI,0.62,9.25,9.75,90.19,61.13,212.1,26.2,-209.24,31.8,3.5,Completed
SES-000009,2024-09-07,6,EV-027,Jaipur,Rajasthan,Own,AC Level 2,CHAdeMO,Private,Wallet,1.02,17.58,10.55,185.47,95.17,154.21,25.55,-89.46,23.7,3.9,Completed
SES-002167,2024-08-23,15,EV-018,Mumbai,Maharashtra,Partner,DC Fast,CCS2,Private,Corporate Account,0.15,7.35,12.67,93.12,56.72,82.62,71.47,-117.69,14.8,4.2,Completed
SES-001205,2025-03-03,19,EV-068,Pune,Maharashtra,Own,AC Level 2,Type 2,Fleet,UPI,1.87,21.28,10.99,233.87,125.39,102.79,27.79,-22.1,28.1,3.7,Completed
SES-003282,2025-06-19,21,EV-094,Ahmedabad,Gujarat,Own,AC Level 2,CCS2,Taxi/Ride-share,UPI,0.44,6.51,10.44,67.96,36.59,134.65,5.18,-108.46,36.4,4.3,Completed
SES-003749,2025-12-21,23,EV-067,Chennai,Tamil Nadu,Own,AC Level 2,CCS2,Fleet,UPI,1.16,18.27,9.09,166.07,153.08,170.47,40.31,-197.79,37.6,4.2,Completed
SES-003791,2025-09-18,16,EV-089,Lucknow,Uttar Pradesh,Own,AC Level 2,CCS2,Corporate,UPI,1.5,24.48,8.08,197.8,206.61,60.92,45.65,-115.38,54.8,4.5,Completed
SES-002512,2025-03-23,12,EV-051,Ahmedabad,Gujarat,Partner,DC Fast,CCS2,Private,Wallet,1.11,48.93,12.69,620.92,251.17,62.7,30.02,277.03,32.5,3.8,Completed
SES-004006,2024-12-05,1,EV-017,Gurugram,Haryana,Partner,AC Level 2,CCS2,Taxi/Ride-share,UPI,0.4,6.6,10.64,70.22,44.51,103.43,41.82,-119.54,28.0,4.6,Completed
SES-004536,2025-06-21,8,EV-055,Chennai,Tamil Nadu,Own,AC Level 2,CCS2,Taxi/Ride-share,Card,0.85,13.75,11.48,157.85,103.57,115.22,39.2,-100.14,26.5,3.7,Completed
SES-001542,2024-07-23,6,EV-068,Jaipur,Rajasthan,Own,AC Level 2,CCS2,Private,UPI,2.13,38.28,10.65,407.68,214.92,51.93,27.01,113.82,53.1,4.8,Completed
SES-002431,2024-12-25,17,EV-044,Ahmedabad,Gujarat,Own,AC Level 2,CCS2,Private,UPI,0.45,5.65,10.3,58.2,41.88,30.85,27.48,-42.01,40.6,3.8,Completed
SES-002586,2024-10-27,23,EV-080,Ahmedabad,Gujarat,Franchise,DC Ultra-Fast,CCS2,Private,UPI,0.49,67.66,19.2,1299.07,426.32,255.26,74.81,542.68,25.2,4.8,Completed
SES-000716,2024-07-10,8,EV-019,Gurugram,Haryana,Own,DC Fast,CCS2,Private,Corporate Account,0.66,31.2,14.98,467.38,226.15,33.27,79.1,128.86,39.7,3.7,Completed
SES-000444,2024-08-15,21,EV-010,Hyderabad,Telangana,Franchise,DC Ultra-Fast,CCS2,Private,UPI,0.26,33.27,15.32,509.7,240.06,275.64,75.86,-81.86,31.8,4.8,Completed
SES-002939,2025-12-22,20,EV-040,Jaipur,Rajasthan,Franchise,AC Level 2,CCS2,Taxi/Ride-share,Corporate Account,1.77,35.72,10.8,385.78,258.79,64.54,69.97,-7.52,51.3,4.3,Completed
SES-003851,2024-12-19,12,EV-084,Gurugram,Haryana,Own,AC Level 2,CHAdeMO,Corporate,UPI,0.86,11.02,8.16,89.92,91.81,91.17,38.45,-131.51,28.9,4.3,Completed
SES-003471,2025-07-09,17,EV-075,Ahmedabad,Gujarat,Franchise,AC Level 2,CCS2,Taxi/Ride-share,Card,0.6,10.86,9.4,102.08,81.03,203.45,11.95,-194.35,31.2,3.5,Completed
SES-002059,2025-02-26,1,EV-052,Ahmedabad,Gujarat,Own,AC Level 2,CCS2,Corporate,UPI,0.55,11.01,10.12,111.42,86.69,61.43,70.49,-107.19,17.7,3.7,Completed
SES-002063,2025-06-06,23,EV-043,Bengaluru,Karnataka,Own,DC Fast,CCS2,Private,UPI,1.4,46.99,14.15,664.91,258.48,100.57,14.89,290.97,28.3,4.5,Completed
SES-000192,2025-09-11,11,EV-021,Ahmedabad,Gujarat,Own,AC Level 2,CCS2,Private,UPI,0.69,11.66,9.58,111.7,62.08,55.9,26.92,-33.2,32.0,4.8,Completed
SES-002097,2025-05-04,1,EV-047,Bengaluru,Karnataka,Partner,DC Fast,CCS2,Corporate,UPI,1.63,47.61,13.84,658.92,374.68,47.15,79.27,157.82,48.1,4.1,Completed
SES-000425,2025-09-23,7,EV-030,Gurugram,Haryana,Partner,DC Fast,Type 2,Taxi/Ride-share,UPI,0.72,33.33,14.03,467.62,245.37,81.86,36.4,103.99,14.9,3.9,Completed
SES-001073,2025-06-05,20,EV-008,Hyderabad,Telangana,Own,DC Fast,CHAdeMO,Private,UPI,0.71,30.48,11.28,343.81,201.54,129.99,75.96,-63.68,27.9,5.0,Completed
SES-001644,2024-07-05,3,EV-095,Mumbai,Maharashtra,Own,AC Level 2,CCS2,Private,UPI,0.7,8.0,8.61,68.88,55.52,63.23,18.32,-68.19,39.8,4.7,Failed
SES-002695,2024-09-24,5,EV-041,Pune,Maharashtra,Franchise,AC Level 2,Type 2,Taxi/Ride-share,Wallet,0.2,2.63,11.22,29.51,20.36,214.24,43.62,-248.71,14.9,3.9,Completed
SES-001390,2024-09-24,16,EV-051,Chennai,Tamil Nadu,Partner,DC Fast,CCS2,Fleet,Wallet,0.36,16.98,13.34,226.51,131.7,83.63,38.2,-27.02,37.7,3.6,Completed
SES-000182,2024-07-04,6,EV-031,Pune,Maharashtra,Franchise,DC Fast,CCS2,Corporate,UPI,0.93,40.36,15.86,640.11,262.74,157.08,52.27,168.02,30.4,2.8,Completed
SES-001681,2024-10-10,11,EV-076,Bengaluru,Karnataka,Own,AC Level 2,CCS2,Taxi/Ride-share,Card,1.06,20.26,8.54,173.02,169.85,201.58,60.41,-258.82,46.1,4.0,Completed
SES-003820,2024-11-13,9,EV-059,Pune,Maharashtra,Own,DC Fast,Type 2,Private,Wallet,0.63,32.23,11.44,368.71,229.9,191.31,46.08,-98.58,19.3,3.9,Completed
SES-002428,2025-11-06,13,EV-079,Pune,Maharashtra,Own,DC Fast,Type 2, Corporate ,UPI,1.3,38.83,15.0,582.45,252.48,146.74,66.28,116.95,5.2,4.0,Completed
SES-000788,2025-11-29,6,EV-057,Bengaluru,Karnataka,Partner,AC Level 2,CCS2,Private,UPI,0.88,17.18,8.33,143.11,130.54,172.25,26.7,-186.38,38.5,3.9,Completed
SES-002629,2024-07-18,13,EV-087,Chennai,Tamil Nadu,Own,DC Fast,Type 2,Fleet,Wallet,0.91,27.84,13.71,381.69,141.96,196.89,67.03,-24.19,25.4,4.1,Completed
SES-001351,2025-12-02,11,EV-029,Pune,Maharashtra,Partner,DC Fast,CHAdeMO,Taxi/Ride-share,Card,0.39,20.1,15.8,317.58,118.77,200.38,26.31,-27.88,12.7,4.1,Completed
SES-001491,2025-07-03,16,EV-017,Mumbai,Maharashtra,Own,DC Ultra-Fast,CCS2,Fleet,UPI,0.66,52.75,19.14,1009.64,401.82,171.96,11.57,424.29,34.7,4.3,Completed
SES-004487,2024-07-12,3,EV-051,Delhi,Delhi,Own,DC Fast,Type 2,Taxi/Ride-share,Card,0.66,18.45,12.83,236.71,139.44,205.07,29.68,-137.48,13.9,3.9,Completed
SES-004830,2025-08-13,23,EV-093,Chennai,Tamil Nadu,Franchise,AC Level 2,CCS2,Taxi/Ride-share,UPI,0.98,14.74,11.38,167.74,102.62,154.22,32.08,-121.18,43.9,3.6,Completed
SES-001601,2025-02-24,2,EV-006,Bengaluru,Karnataka,Franchise,DC Fast,CCS2,Private,Card,0.75,21.24,13.61,289.08,112.36,156.83,16.56,3.33,36.9,4.0,Completed
SES-004848,2024-10-08,18,EV-093,Jaipur,Rajasthan,Own,DC Fast,Type 2,Taxi/Ride-share,Card,0.76,35.18,15.54,546.7,221.74,217.71,18.85,88.4,37.7,3.8,Completed
SES-003477,2025-01-09,23,EV-076,Bengaluru,Karnataka,Own,AC Level 2,CCS2,Private,Card,1.33,19.56,9.29,181.71,165.47,154.03,72.25,-210.04,33.6,4.9,Completed
SES-004879,2024-02-13,7,EV-044,Gurugram,Haryana,Own,DC Ultra-Fast,CCS2,Private,Corporate Account,2.17,180.0,15.8,2844.0,944.5,326.6,71.16,1501.74,35.5,3.9,Completed
SES-004086,2024-12-07,23,EV-074,Chennai,Tamil Nadu,Franchise,AC Level 2,CCS2,Private,UPI,1.46,16.87,8.03,135.47,100.13,152.17,73.71,-190.54,31.6,3.6,Completed
SES-002432,2025-06-07,7,EV-082,Pune,Maharashtra,Franchise,DC Fast,CCS2,Taxi/Ride-share,UPI,0.15,7.78,15.84,123.24,41.81,211.04,31.86,-161.47,43.1,5.0,Completed
SES-000059,2025-07-13,2,EV-093,Chennai,Tamil Nadu,Own,AC Level 2,CCS2,Taxi/Ride-share,Card,1.47,25.03,8.23,206.0,212.53,120.07,74.17,-200.77,71.4,4.6,Completed
SES-000523,2024-07-28,11,EV-033,Hyderabad,Telangana,Own,DC Fast,CCS2,Corporate,UPI,0.5,15.99,11.03,176.37,135.3,75.37,75.85,-110.15,28.9,3.8,Completed
SES-001901,2025-03-28,17,EV-083,Chennai,Tamil Nadu,Own,DC Fast,Type 2,Fleet,Card,1.89,98.68,12.79,1262.12,664.43,69.91,44.74,483.04,39.6,3.6,Completed
SES-002986,2024-03-26,2,EV-002, Chennai ,Tamil Nadu,Partner,DC Fast,CHAdeMO,Corporate,Card,1.94,53.28,15.23,811.45,301.89,54.42,43.36,411.78,29.1,4.2,Completed
SES-004863,2025-05-30,3,EV-024,Mumbai,Maharashtra,Own,DC Fast,CCS2,Private,Card,0.72,27.87,15.94,444.25,206.11,187.71,45.49,4.94,33.3,3.5,Completed
SES-004423,2024-08-29,8,EV-073,Mumbai,Maharashtra,Franchise,AC Level 2,Type 2,Corporate,UPI,0.37,6.64,11.14,73.97,52.87,37.21,74.85,-90.96,12.1,4.0,Completed
SES-004386,2024-02-23,13,EV-065,Chennai,Tamil Nadu,Partner,AC Level 2,CCS2,Private,Card,1.1,21.48,9.12,195.9,176.11,65.49,37.55,-83.25,36.8,4.3,Completed
SES-002275,2024-09-10,1,EV-070,Bengaluru,Karnataka,Own,AC Level 2,CCS2,Fleet,UPI,0.26,2.58,9.84,25.39,18.13,111.35,16.3,-120.39,27.7,4.1,Failed
SES-002602,2024-01-28,22,EV-073,Mumbai,Maharashtra,Franchise,DC Fast,Type 2,Private,Wallet,1.73,49.21,13.48,663.35,272.44,93.39,11.27,286.25,46.9,3.9,Completed
SES-000123,2024-03-03,12,EV-075,Bengaluru,Karnataka,Own,DC Fast,CCS2,Private,Card,2.01,78.48,11.8,926.06,593.79,54.33,66.26,211.68,56.9,3.9,Completed
SES-001002,2024-02-20,14,EV-061,Jaipur,Rajasthan,Own,DC Ultra-Fast,CCS2,Taxi/Ride-share,Card,0.74,100.58,14.51,1459.42,568.96,298.22,6.21,586.03,29.2,4.6,Completed
SES-001374,2025-08-26,19,EV-052,Jaipur,Rajasthan,Own,DC Fast,Type 2,Private,UPI,0.48,21.25,11.74,249.48,108.81,25.82,42.57,72.28,37.4,4.6,Completed
SES-000917,2025-04-10,14,EV-023,Bengaluru,Karnataka,Own,AC Level 2,CCS2,Corporate,Card,0.92,16.32,9.72,158.63,128.06,163.11,45.74,-178.28,40.9,4.1,Completed
SES-000827,2024-09-11,0,EV-025,Mumbai,Maharashtra,Partner,AC Level 2,CHAdeMO,Fleet,Card,0.15,2.94,11.21,32.96,20.49,146.7,30.66,-164.89,18.8,4.3,Completed
SES-000527,2024-06-28,18,EV-027,Ahmedabad,Gujarat,Franchise,AC Level 2,CCS2,Fleet,UPI,0.46,6.83,11.24,76.77,39.41,26.24,27.08,-15.96,36.0,5.0,Completed
SES-002423,2025-06-11,21,EV-037,Chennai,Tamil Nadu,Franchise,AC Level 2,CCS2,Fleet,Card,1.25,20.45,10.37,212.07,105.02,196.43,28.3,-117.68,29.0,4.3,Completed
SES-002002,2024-05-12,4,EV-084,Chennai,Tamil Nadu,Own,DC Fast,CCS2,Private,UPI,1.25,35.54,14.19,504.31,241.31,45.06,40.63,177.31,12.8,2.7,Completed
SES-001547,2025-09-01,15,EV-030,Bengaluru,Karnataka,Own,DC Fast,CCS2,Private,UPI,0.48,15.51,13.34,206.9,92.62,63.49,75.32,-24.53,46.3,4.6,Completed
SES-002945,2024-08-19,11,EV-050,Pune,Maharashtra,Own,DC Ultra-Fast,CCS2,Corporate,UPI,0.79,64.46,19.95,1285.98,505.72,110.17,76.64,593.45,44.1,5.0,Completed
SES-003651,2024-12-07,12,EV-069,Delhi,Delhi,Partner,DC Fast,Type 2,Private,UPI,0.59,30.41,11.74,357.01,179.47,161.63,69.16,-53.25,42.9,3.9,Completed
SES-001137,2024-12-20,7,EV-037,Mumbai,Maharashtra,Own,DC Ultra-Fast,CHAdeMO,Private,Card,1.27,88.61,19.64,1740.3,597.63,136.49,56.13,950.05,33.3,4.1,Completed
SES-003680,2024-09-30,1,EV-004,Jaipur,Rajasthan,Own,AC Level 2,CCS2,Private,Wallet,0.95,13.89,9.46,131.4,99.78,64.93,72.67,-105.98,27.4,4.3,Completed
SES-003633,2025-10-03,18,EV-040,Jaipur,Rajasthan,Own,AC Level 2,Type 2,Fleet,UPI,0.7,13.13,8.86,116.33,88.83,192.26,14.84,-179.6,41.5,4.6,Completed
SES-000279,2025-10-29,8,EV-089,chennai,Tamil Nadu,Franchise,DC Fast,CCS2,Private,Wallet,0.84,44.93,14.05,631.27,348.31,163.79,65.53,53.64,44.3,3.2,Completed
SES-003498,2025-04-22,5,EV-004,Jaipur,Rajasthan,Own,DC Fast,CCS2,Fleet,UPI,0.97,49.67,14.89,739.59,395.7,165.79,76.52,101.58,23.7,3.5,Completed
SES-000883,2025-04-26,16,EV-079,Mumbai,Maharashtra,Own,AC Level 2,CCS2,Private,Corporate Account,0.68,12.19,11.65,142.01,82.39,125.28,8.61,-74.27,21.1,3.3,Completed
SES-000738,2025-07-19,2,EV-087,Jaipur,Rajasthan,Own,DC Fast,CCS2,Private,UPI,1.82,87.48,12.41,1085.63,547.84,201.15,32.4,304.24,56.9,3.8,Completed
SES-002927,2025-01-19,21,EV-057,Jaipur,Rajasthan,Own,DC Fast,Type 2,Taxi/Ride-share,Card,1.52,79.3,13.7,1086.41,554.4,125.06,69.61,337.34,38.5,4.6,Completed
SES-003878,2024-09-30,13,EV-017,Ahmedabad,Gujarat,Own,DC Fast,CCS2,Private,UPI,1.02,28.99,12.33,357.45,235.61,73.54,11.64,36.66,14.2,4.7,Completed
SES-003569,2024-04-29,1,EV-075,Chennai,Tamil Nadu,Own,DC Fast,CHAdeMO,Fleet,Card,0.23,12.4,12.63,156.61,90.52,82.67,48.6,-65.18,14.1,4.4,Completed
SES-000295,2024-02-16,5,EV-099,Delhi,Delhi,Own,DC Fast,Type 2,Corporate,UPI,0.89,36.07,12.68,457.37,282.18,170.23,26.93,-21.97,43.3,4.5,Completed
SES-000505,2025-05-16,6,EV-053,Lucknow,Uttar Pradesh,Own,AC Level 2,CCS2,Fleet,UPI,0.29,2.91,9.09,26.45,20.3,63.58,77.98,-135.41,29.4,4.1,Completed
SES-001660,2025-10-23,16,EV-074,Bengaluru,Karnataka,Partner,DC Fast,CHAdeMO,Private,Card,1.57,53.19,12.69,674.98,445.11,186.51,70.92,-27.56,30.1,4.0,Completed
SES-002120,2025-12-16,21,EV-070,Ahmedabad,Gujarat,Franchise,AC Level 2,CCS2,Fleet,Corporate Account,0.61,11.29,11.99,135.37,69.75,103.35,6.95,-44.68,35.5,4.5,Completed
SES-001718,2024-07-12,20,EV-088,Bengaluru,Karnataka,Own,AC Level 2,CHAdeMO,Corporate,Wallet,0.72,11.58,11.35,131.43,59.46,88.81,74.53,-91.37,24.0,4.7,Completed
SES-004745,2025-05-03,16,EV-041, Pune ,Maharashtra,Own,AC Level 2,CCS2,Fleet,UPI,0.83,16.18,10.72,173.45,115.01,190.41,15.77,-147.74,42.3,4.3,Completed
SES-003739,2024-08-11,22,EV-005,Chennai,Tamil Nadu,Franchise,AC Level 2,CCS2,Private,Card,1.79,32.13,9.86,316.8,250.75,186.36,58.2,-178.51,37.9,4.0,Completed
SES-001183,2025-01-07,14,EV-077,Chennai,Tamil Nadu,Partner,DC Ultra-Fast,CCS2,Corporate,UPI,1.31,165.87,17.87,2964.1,911.07,53.29,50.27,1949.47,31.2,4.7,Completed
SES-003202,2025-06-03,4,EV-088,Bengaluru,Karnataka,Franchise,DC Fast,CCS2,Fleet,UPI,0.2,6.74,12.23,82.43,39.86,40.46,68.82,-66.71,15.8,4.5,Completed
SES-003774,2024-10-02,21,EV-038,Hyderabad,Telangana,Franchise,DC Ultra-Fast,Type 2,Corporate,,0.93,92.47,15.74,1455.48,520.09,203.46,47.88,684.05,41.7,3.6,Cancelled
SES-000548,2024-07-19,18,EV-033,Mumbai,Maharashtra,Partner,AC Level 2,CCS2,Taxi/Ride-share,Corporate Account,0.4,4.35,10.36,45.07,34.02,158.74,68.06,-215.75,15.1,4.0,Failed
SES-002757,2025-02-07,6,EV-085,Delhi,Delhi,Own,DC Fast,CCS2,Private,UPI,0.21,9.27,14.48,134.23,47.19,31.78,27.32,27.94,10.6,3.8,Completed
SES-000004,2024-05-30,10,EV-019,Pune,Maharashtra,Own,DC Fast,CCS2,Taxi/Ride-share,Corporate Account,2.65,143.8,11.36,1633.57,1148.69,180.6,44.1,260.18,66.5,3.5,Completed
SES-000979,2024-04-26,4,EV-027,Jaipur,Rajasthan,Own,DC Ultra-Fast,CCS2,Private,Wallet,0.44,31.85,18.04,574.57,214.45,319.74,67.15,-26.77,22.3,4.1,Completed
SES-001144,2025-08-15,7,EV-100,Bengaluru,Karnataka,Franchise,AC Level 2,CCS2,Taxi/Ride-share,UPI,1.36,21.64,9.25,200.17,132.09,89.81,72.35,-94.08,24.1,4.6,Completed
SES-004785,2024-02-15,13,EV-094,Lucknow,Uttar Pradesh,Own,AC Level 2,CCS2,Private,UPI,0.15,2.7,10.64,28.73,18.53,54.07,52.09,-95.96,2.0,4.2,Completed
SES-001878,2025-01-14,12,EV-069,Delhi,Delhi,Franchise,AC Level 2,CCS2,Private,Wallet,0.76,7.92,11.85,93.85,46.65,74.94,58.81,-86.55,15.5,4.3,Completed
SES-001574,2025-04-11,7,EV-059,Lucknow,Uttar Pradesh,Own,DC Fast,Type 2,Taxi/Ride-share,Card,0.81,40.47,11.73,474.71,312.25,134.39,67.12,-39.05,64.1,3.9,Completed
SES-003522,2025-06-18,10,EV-082,Jaipur,Rajasthan,Partner,AC Level 2,CHAdeMO,Private,,1.92,32.05,9.94,318.58,221.83,200.95,79.81,-184.01,37.5,4.5,Completed
SES-002609,2024-03-12,6,EV-049,Lucknow,Uttar Pradesh,Own,AC Level 2,CCS2,Private,Card,1.27,25.31,9.2,232.85,131.5,68.1,8.36,24.89,39.3,3.8,Completed
SES-004223,2024-12-31,11,EV-029,Gurugram,Haryana,Partner,DC Fast,CCS2,Fleet,Card,0.27,7.37,11.64,85.79,58.69,93.41,56.32,-122.63,58.7,4.6,Completed
SES-000836,2024-05-24,10,EV-023,Chennai,Tamil Nadu,Own,AC Level 2,CHAdeMO,Fleet,Card,0.15,2.52,11.55,29.11,14.82,35.52,42.76,-63.99,27.7,4.4,Completed
SES-003147,2025-03-22,0,EV-058,Chennai,Tamil Nadu,Own,DC Fast,CHAdeMO,Private,UPI,1.48,74.66,12.6,940.72,603.62,126.1,58.27,152.73,26.9,4.0,Cancelled
SES-003255,2024-04-29,0,EV-023,Pune,Maharashtra,Own,AC Level 2,Type 2,Private,Corporate Account,0.6,7.21,11.85,85.44,36.55,92.93,72.08,-116.12,15.8,3.6,Completed
SES-002893,2025-08-15,14,EV-070,Chennai,Tamil Nadu,Own,DC Ultra-Fast,CHAdeMO,Taxi/Ride-share,UPI,1.76,180.0,14.45,2601.0,1367.05,224.47,57.43,952.05,53.7,4.0,Completed
SES-003115,2024-04-24,22,EV-076,Jaipur,Rajasthan,Franchise,DC Fast,Type 2,Corporate,UPI,0.52,15.47,14.52,224.62,115.47,35.61,43.12,30.42,59.6,3.5,Completed
SES-003019,2025-08-08,11,EV-085,Jaipur,Rajasthan,Franchise,DC Fast,CCS2,Fleet,Card,1.02,45.62,11.47,523.26,352.53,143.73,23.25,3.75,18.8,2.9,Completed
SES-003415,2024-02-13,20,EV-086,Delhi,Delhi,Own,DC Ultra-Fast,CCS2,Fleet,UPI,0.6,81.65,17.55,1432.96,517.57,80.23,21.59,813.57,58.0,3.9,Completed
SES-000198,2025-08-30,23,EV-034,Hyderabad,Telangana,Partner,AC Level 2,Type 2,Taxi/Ride-share,UPI,1.2,12.39,8.15,100.98,103.18,189.02,66.66,-257.88,38.7,3.0,Completed
SES-000612,2024-06-23,13,EV-051,Jaipur,Rajasthan,Own,AC Level 2,CHAdeMO,Taxi/Ride-share,Card,3.55,49.62,11.25,558.22,364.57,204.58,73.25,-84.18,64.6,4.1,Completed
SES-003220,2024-12-21,18,EV-082,Mumbai,Maharashtra,Partner,DC Ultra-Fast,CCS2,Private,UPI,0.72,79.55,16.94,1347.58,554.65,80.26,11.59,701.08,31.4,4.7,Completed
SES-002525,2024-04-26,22,EV-076,Lucknow,Uttar Pradesh,Own,AC Level 2,Type 2,Private,UPI,1.46,20.0,10.97,219.4,166.76,50.6,7.95,-5.91,25.2,5.0,Completed
SES-003969,2025-08-04,20,EV-061,Chennai,Tamil Nadu,Own,AC Level 2,CCS2,Private,Wallet,1.2,23.74,11.36,269.69,140.46,112.19,41.97,-24.93,42.3,3.9,Completed
SES-001803,2025-09-19,20,EV-058,Chennai,Tamil Nadu,Own,DC Fast,CHAdeMO,Corporate,UPI,1.0,45.14,11.89,536.71,298.08,76.63,35.8,126.2,24.4,4.1,Completed
SES-001141,2024-10-05,10,EV-057,Delhi,Delhi,Own,DC Ultra-Fast,CCS2,Taxi/Ride-share,Card,0.6,70.65,14.16,1000.4,379.04,151.83,75.68,393.85,12.9,4.6,Completed
SES-001022,2024-12-31,1,EV-063,Gurugram,Haryana,Own,DC Fast,CCS2,Fleet,UPI,1.14,40.58,14.68,595.71,324.16,45.28,75.13,151.14,15.2,3.5,Failed
SES-002476,2025-10-09,5,EV-064,Chennai,Tamil Nadu,Own,DC Fast,CCS2,Taxi/Ride-share,Wallet,1.09,59.39,13.74,816.02,488.77,194.43,65.85,66.97,31.2,4.9,Completed
SES-004397,2024-11-19,9,EV-013,Hyderabad,Telangana,Partner,DC Fast,CHAdeMO,Taxi/Ride-share,UPI,1.63,65.44,11.94,781.35,540.01,148.08,74.52,18.74,57.9,4.6,Failed
SES-002440,2024-12-06,22,EV-002,Ahmedabad,Gujarat,Own,DC Ultra-Fast,CCS2,Private,UPI,0.8,65.43,16.51,1080.25,405.58,75.56,48.56,550.55,27.6,4.4,Completed
SES-001819,2025-12-20,4,EV-023,Mumbai,Maharashtra,Partner,DC Fast,CCS2,Corporate,UPI,1.02,56.82,15.56,884.12,389.91,188.2,73.28,232.73,18.4,4.1,Completed
SES-003808,2024-02-14,8,EV-086,Bengaluru,Karnataka,Own,DC Fast,CCS2,Private,Card,0.46,16.44,13.76,226.21,136.02,209.25,58.01,-177.07,20.5,5.0,Completed
SES-000498,2025-09-03,9,EV-075,Ahmedabad,Gujarat,Own,AC Level 2,CCS2,Taxi/Ride-share,Wallet,0.4,4.31,8.98,38.7,31.91,39.62,26.07,-58.9,41.1,3.7,Completed
SES-002944,2024-08-27,17,EV-083,Gurugram,Haryana,Own,DC Ultra-Fast,CCS2,Taxi/Ride-share,UPI,0.47,40.72,17.34,706.08,212.09,275.95,69.8,148.24,35.4,4.2,Completed
SES-004968,2024-09-13,14,EV-098,Bengaluru,Karnataka,Franchise,DC Fast,CCS2,Private,Card,1.38,54.4,13.81,751.26,381.11,48.06,27.06,295.03,9.0,4.3,Completed
SES-003714,2024-03-15,6,EV-002,Gurugram,Haryana,Own,AC Level 2,CCS2,Corporate,UPI,1.12,21.69,8.88,192.61,133.6,189.54,13.65,-144.18,28.3,3.7,Completed
SES-004528,2025-08-18,18,EV-066,Chennai,Tamil Nadu,Own,DC Ultra-Fast,CCS2,Private,UPI,0.39,44.69,18.45,824.53,295.71,51.89,18.05,458.88,16.0,4.1,Completed
SES-004137,2025-11-26,2,EV-010,Ahmedabad,Gujarat,Partner,DC Fast,Type 2,Taxi/Ride-share,UPI,1.38,68.62,15.7,1077.33,543.67,140.4,74.63,318.63,47.4,4.5,Completed
SES-003815,2025-10-14,21,EV-020,Pune,Maharashtra,Own,AC Level 2,CCS2,Private,Card,0.71,13.19,8.12,107.1,105.78,174.08,7.91,-180.67,27.3,3.9,Completed
SES-003947,2024-03-03,12,EV-075,Gurugram,Haryana,Partner,DC Ultra-Fast,Type 2,Taxi/Ride-share,Corporate Account,0.87,68.93,16.19,1115.98,362.82,233.08,69.97,450.11,31.5,3.7,Failed
SES-001571,2024-10-14,15,EV-002,Gurugram,Haryana,Partner,AC Level 2,CHAdeMO,Fleet,UPI,2.06,29.5,11.41,336.6,184.51,107.78,37.58,6.73,28.8,4.6,Completed
SES-000063,2024-10-28,8,EV-042,Mumbai,Maharashtra,Partner,DC Fast,CHAdeMO,Private,UPI,0.42,22.68,12.6,285.77,165.26,149.5,72.32,-101.31,43.4,4.2,Completed
SES-003692,2025-11-25,18,EV-022,Hyderabad,Telangana,Own,AC Level 2,Type 2,Private,UPI,0.49,9.66,11.16,107.81,74.09,213.25,29.74,-209.27,41.3,5.0,Completed
SES-000714,2024-10-27,8,EV-023,Jaipur,Rajasthan,Own,DC Ultra-Fast,Type 2,Taxi/Ride-share,Card,1.71,180.0,16.32,2937.6,1495.46,227.61,10.38,1204.15,18.9,3.8,Completed
SES-000753,2025-07-04,19,EV-025,Gurugram,Haryana,Partner,AC Level 2,CCS2,Fleet,UPI,0.52,6.55,11.29,73.95,36.72,198.75,75.46,-236.98,50.4,4.3,Completed
SES-001223,2025-10-23,13,EV-038,Delhi,Delhi,Franchise,AC Level 2,Type 2,Private,Card,0.39,4.09,9.31,38.08,25.27,20.05,68.62,-75.86,25.8,3.4,Completed
SES-003921,2024-09-27,17,EV-012,Hyderabad,Telangana,Own,DC Fast,CHAdeMO,Taxi/Ride-share,UPI,0.61,24.94,15.66,390.56,127.81,185.36,52.37,25.02,15.6,3.6,Completed
SES-000809,2024-02-29,12,EV-006,Hyderabad,Telangana,Franchise,AC Level 2,CCS2,Private,UPI,0.62,10.39,10.57,109.82,72.81,116.08,73.95,-153.02,20.6,4.6,Completed
SES-002106,2024-08-01,17,EV-021,Chennai,Tamil Nadu,Own,DC Ultra-Fast,CCS2,Private,Card,0.15,18.17,14.3,259.83,138.36,69.51,17.34,34.62,44.6,4.2,Completed
SES-003456,2024-02-06,5,EV-044,Ahmedabad,Gujarat,Franchise,DC Fast,CCS2,Taxi/Ride-share,UPI,1.42,55.29,11.49,635.28,425.17,71.48,53.38,85.25,35.8,4.4,Completed
SES-001928,2024-04-09,17,EV-041,Ahmedabad,Gujarat,Franchise,AC Level 2,Type 2,Private,UPI,0.92,11.57,8.58,99.27,70.14,144.4,52.85,-168.12,25.3,5.0,Failed
SES-001189,2024-03-26,23,EV-079,Ahmedabad,Gujarat,Franchise,AC Level 2,Type 2,Corporate,UPI,2.0,38.5,10.06,387.31,317.04,151.89,25.72,-107.34,52.3,4.1,Completed
SES-003130,2024-02-16,12,EV-088,Chennai,Tamil Nadu,Own,AC Level 2,Type 2,Corporate,UPI,1.04,18.88,11.64,219.76,131.8,191.81,24.24,-128.09,44.9,3.7,Completed
SES-001971,2024-02-23,23,EV-098,Lucknow,Uttar Pradesh,Partner,DC Fast,CCS2,Corporate,UPI,0.53,18.26,11.5,209.99,134.3,121.86,31.08,-77.25,49.6,4.9,Completed
SES-004259,2024-06-19,18,EV-009,Hyderabad,Telangana,Own,AC Level 2,CCS2,Corporate,UPI,0.87,8.9,10.74,95.59,61.91,149.4,25.59,-141.31,32.3,4.5,Completed
SES-001447,2025-01-12,19,EV-055,Chennai,Tamil Nadu,Own,DC Fast,CCS2,Taxi/Ride-share,Wallet,0.5,18.32,12.52,229.37,119.12,180.04,24.61,-94.4,38.8,5.0,Completed
SES-000717,2024-09-27,4,EV-082,Bengaluru,Karnataka,Franchise,DC Fast,CCS2,Fleet,Card,0.17,5.86,14.51,85.03,36.39,70.59,42.12,-64.07,12.9,4.3,Completed
SES-001883,2025-10-19,18,EV-078,Jaipur,Rajasthan,Own,DC Ultra-Fast,CCS2,Taxi/Ride-share,Wallet,0.37,45.17,19.26,869.97,253.3,139.04,41.24,436.39,33.8,4.0,Completed
SES-001300,2024-06-22,10,EV-068,Delhi,Delhi,Franchise,DC Ultra-Fast,CCS2,Taxi/Ride-share,UPI,1.74,141.07,16.26,2293.8,909.15,274.7,47.16,1062.79,54.0,3.9,Cancelled
SES-001676,2024-11-18,3,EV-085,Jaipur,Rajasthan,Partner,AC Level 2,Type 2,Private,UPI,0.48,7.34,10.27,75.38,48.74,56.5,51.62,-81.48,29.5,4.8,Completed
SES-000987,2024-01-04,19,EV-087,Gurugram,Haryana,Own,DC Fast,CCS2,Taxi/Ride-share,UPI,0.88,41.39,11.94,494.2,257.76,141.64,48.02,46.78,44.9,4.4,Completed
SES-003905,2025-12-08,12,EV-036,Gurugram,Haryana,Franchise,AC Level 2,Type 2,Private,Wallet,0.72,13.46,11.19,150.62,68.75,37.08,12.8,31.99,48.5,3.6,Completed
SES-000141,2024-12-30,4,EV-010,Gurugram,Haryana,Own,DC Fast,CCS2,Fleet,UPI,0.43,21.82,11.72,255.73,173.56,35.47,25.48,21.22,27.3,4.4,Cancelled
SES-003353,2025-01-21,20,EV-030,Lucknow,Uttar Pradesh,Own,AC Level 2,CCS2,Corporate,UPI,0.33,3.29,10.04,33.03,18.4,96.51,73.93,-155.81,12.9,4.2,Completed
SES-001924,2024-11-13,12,EV-098,Delhi,Delhi,Own,DC Fast,Type 2,Corporate,Card,0.46,13.41,11.93,159.98,112.25,25.53,40.52,-18.32,11.3,4.8,Completed
SES-004999,2025-12-01,22,EV-091,Bengaluru,Karnataka,Own,DC Fast,CCS2,Private,UPI,0.51,21.76,15.45,336.19,184.94,190.2,72.15,-111.1,35.3,4.7,Completed
SES-001112,2024-02-03,1,EV-085,Jaipur,Rajasthan,Own,AC Level 2,CHAdeMO,Private,Card,1.31,23.62,8.26,195.1,142.76,82.4,61.38,-91.44,52.3,4.7,Completed
SES-000378,2024-03-30,14,EV-007,Mumbai,Maharashtra,Own,DC Fast,CCS2,Fleet,UPI,1.05,45.25,13.34,603.64,333.59,167.49,8.64,93.92,34.2,4.9,Completed
SES-001800,2025-11-23,9,EV-029,Jaipur,Rajasthan,Own,AC Level 2,Type 2,Private,Corporate Account,0.15,2.0,11.23,22.46,13.16,185.7,19.61,-196.01,36.4,4.0,Completed
SES-002767,2024-04-30,23,EV-048,Bengaluru,Karnataka,Own,AC Level 2,CCS2,Private,Card,0.46,6.41,11.41,73.14,49.65,172.59,6.13,-155.23,28.0,3.7,Completed
SES-001637,2024-09-24,5,EV-034,Chennai,Tamil Nadu,Own,DC Fast,Type 2,Fleet,Card,1.26,64.23,14.78,949.32,476.41,114.29,63.67,294.95,50.7,4.6,Completed
SES-004784,2024-11-03,8,EV-018,Hyderabad,Telangana,Franchise,DC Fast,CHAdeMO,Private,UPI,0.99,42.29,14.93,631.39,273.51,78.39,30.15,249.34,21.8,4.3,Completed
SES-003295,2024-07-04,15,EV-017,Chennai,Tamil Nadu,Own,AC Level 2,Type 2,Taxi/Ride-share,Card,1.13,21.21,11.11,235.64,116.47,169.88,78.29,-129.0,39.6,4.6,Completed
SES-000500,2024-09-01,9,EV-012,Bengaluru,Karnataka,Own,DC Ultra-Fast,Type 2,Corporate,UPI,0.29,38.65,19.16,740.53,266.92,285.15,62.52,125.94,2.0,4.3,Completed
SES-002067,2024-05-03,20,EV-050,Chennai,Tamil Nadu,Franchise,AC Level 2,CCS2,Private,Card,1.53,24.45,11.12,271.88,174.95,201.38,73.05,-177.5,12.4,3.9,Completed
SES-004382,2024-07-11,7,EV-061,Delhi,Delhi,Franchise,AC Level 2,CCS2,Private,Card,2.08,33.71,9.03,304.4,277.49,101.73,16.54,-91.36,46.6,4.6,Completed
SES-001280,2025-08-17,18,EV-054,Ahmedabad,Gujarat,Franchise,DC Ultra-Fast,CHAdeMO,Taxi/Ride-share,UPI,0.61,60.25,18.07,1088.72,434.86,321.26,60.04,272.56,48.0,3.6,Completed
SES-000145,2025-03-14,15,EV-097,Delhi,Delhi,Own,AC Level 2,Type 2,Taxi/Ride-share,UPI,0.38,5.01,9.17,45.94,33.67,33.48,24.23,-45.44,5.1,3.9,Completed
SES-003432,2024-08-27,2,EV-097,Ahmedabad,Gujarat,Partner,AC Level 2,CHAdeMO, Private ,Corporate Account,0.98,20.25,9.36,189.54,121.23,146.51,33.69,-111.89,62.9,3.2,Completed
SES-001145,2024-12-20,15,EV-086,Bengaluru,Karnataka,Franchise,AC Level 2,CHAdeMO,Private,UPI,0.15,2.0,8.8,17.6,16.15,218.33,13.0,-229.88,15.7,3.9,Completed
SES-003083,2024-11-22,22,EV-002,Pune,Maharashtra,Own,DC Ultra-Fast,CCS2,Corporate,Corporate Account,1.51,162.78,18.64,3034.22,1144.36,276.42,28.12,1585.32,40.5,4.2,Completed
SES-002335,2025-01-11,2,EV-027,Hyderabad,Telangana,Own,DC Fast,Type 2,Private,Wallet,1.89,93.31,15.69,1464.03,780.15,194.86,9.8,479.22,52.9,3.3,Completed
SES-000367,2025-12-23,23,EV-064,Jaipur,Rajasthan,Own,DC Ultra-Fast,CHAdeMO,Fleet,Card,2.21,180.0,18.21,3277.8,930.89,190.07,30.39,2126.45,30.5,3.9,Completed
SES-004304,2025-03-15,16,EV-083,Bengaluru,Karnataka,Partner,DC Fast,Type 2,Private,Wallet,0.75,21.89,12.35,270.34,161.33,158.95,54.91,-104.85,20.2,4.0,Completed
SES-004992,2025-12-07,20,EV-088,Chennai,Tamil Nadu,Franchise,AC Level 2,CCS2,Private,Card,1.17,19.91,10.52,209.45,167.03,135.69,44.22,-137.49,15.1,4.3,Completed
SES-001675,2024-10-17,12,EV-010,Pune,Maharashtra,Own,DC Fast,Type 2,Private,Card,1.2,63.3,14.8,936.84,427.16,181.98,54.71,272.99,44.0,3.4,Completed
SES-002430,2025-07-15,15,EV-048,Jaipur,Rajasthan,Franchise,DC Fast,CCS2,Fleet,UPI,0.92,45.27,13.61,616.12,252.49,142.07,65.32,156.24,36.4,3.5,Failed
SES-003595,2025-08-18,10,EV-040,Mumbai,Maharashtra,Franchise,AC Level 2,CCS2,Private,Card,0.74,14.93,10.1,150.79,115.75,209.09,26.45,-200.5,41.0,4.2,Completed
SES-000967,2024-08-03,13,EV-051,Chennai,Tamil Nadu,Franchise,AC Level 2,CCS2,Private,Card,3.08,32.37,8.17,264.46,260.21,80.94,54.03,-130.72,21.9,3.6,Completed
SES-002226,2025-08-21,5,EV-072,Hyderabad,Telangana,Own,AC Level 2,CHAdeMO,Fleet,Corporate Account,0.9,15.32,9.51,145.69,83.3,110.52,63.7,-111.83,33.5,4.3,Completed
SES-003272,2025-12-30,12,EV-068,Mumbai,Maharashtra,Partner,AC Level 2,CCS2,Private,UPI,1.2,23.08,11.02,254.34,153.27,122.77,10.18,-31.88,23.9,4.1,Completed
SES-002599,2025-11-25,6,EV-031,Mumbai,Maharashtra,Own,AC Level 2,CCS2,Taxi/Ride-share,Wallet,2.06,24.4,11.49,280.36,174.24,196.16,34.24,-124.28,50.4,5.0,Completed
SES-004801,2025-06-22,19,EV-014,Bengaluru,Karnataka,Franchise,AC Level 2,CCS2,Private,Wallet,0.4,7.19,10.19,73.27,53.02,141.31,29.66,-150.72,37.5,3.6,Completed
SES-000238,2024-02-08,1,EV-071,Lucknow,Uttar Pradesh,Franchise,AC Level 2,CCS2,Private,Card,1.59,20.21,8.94,180.68,171.77,119.8,73.9,-184.79,28.1,3.1,Completed
SES-003689,2025-05-24,3,EV-052,Hyderabad,Telangana,Own,DC Fast,Type 2,Fleet,UPI,0.23,6.38,14.22,90.72,43.98,170.29,55.39,-178.94,2.0,3.7,Completed
SES-003732,2024-07-25,22,EV-014,Hyderabad,Telangana,Franchise,AC Level 2,CCS2,Corporate,Wallet,0.4,6.62,10.98,72.69,44.12,82.34,34.77,-88.54,51.5,4.6,Completed
SES-002334,2025-01-24,4,EV-013,Chennai,Tamil Nadu,Own,AC Level 2,CCS2,Taxi/Ride-share,UPI,1.66,25.54,11.56,295.24,188.87,71.67,20.65,14.05,36.3,4.6,Completed
SES-001019,2024-07-23,2,EV-009,Delhi,Delhi,Franchise,AC Level 2,CCS2,Taxi/Ride-share,Corporate Account,0.75,10.37,8.88,92.09,59.26,169.12,73.13,-209.42,23.4,4.5,Cancelled
SES-002346,2024-04-17,7,EV-092,Delhi,Delhi,Own,AC Level 2,CCS2,Private,Card,0.22,2.21,8.14,17.99,13.79,58.13,8.18,-62.11,25.4,4.8,Completed
SES-004766,2024-10-14,2,EV-051,Pune,Maharashtra,Own,DC Ultra-Fast,CCS2,Private,Wallet,0.94,128.6,14.18,1823.55,1025.14,257.45,56.25,484.71,30.7,4.0,Completed
SES-003993,2025-10-14,4,EV-092,Jaipur,Rajasthan,Own,AC Level 2,CCS2,Fleet,Corporate Account,0.16,2.87,8.95,25.69,19.09,54.05,13.6,-61.05,36.1,3.9,Completed
SES-004933,2025-10-13,5,EV-072,Gurugram,Haryana,Partner,DC Fast,CCS2,Corporate,UPI,0.21,11.84,13.2,156.29,95.96,153.92,65.73,-159.32,10.9,4.1,Completed
SES-001146,2024-11-14,0,EV-064,Hyderabad,Telangana,Partner,AC Level 2,CHAdeMO,Taxi/Ride-share,Corporate Account,2.48,49.75,10.02,498.5,332.79,127.68,40.56,-2.53,72.8,3.8,Completed
SES-002818,2025-11-14,13,EV-044,Delhi,Delhi,Partner,DC Ultra-Fast,CCS2,Private,Card,0.62,56.57,16.26,919.83,387.52,222.45,40.19,269.67,24.4,4.6,Completed
SES-000640,2025-06-11,9,EV-012,Jaipur,Rajasthan,Own,DC Fast,CCS2,Private,Card,0.5,24.89,14.63,364.14,127.45,63.05,74.74,98.9,29.6,4.9,Completed
SES-000306,2024-11-15,9,EV-084,Delhi,Delhi,Partner,AC Level 2,Type 2,Taxi/Ride-share,UPI,1.11,16.17,10.16,164.29,134.91,50.74,11.87,-33.23,48.5,4.9,Completed
SES-004551,2024-11-27,1,EV-041,Gurugram,Haryana,Franchise,DC Ultra-Fast,CCS2,Corporate,Card,1.64,147.34,15.22,2242.51,1216.54,75.43,38.7,911.84,49.4,3.4,Completed
SES-004706,2025-10-08,5,EV-087,Gurugram,Haryana,Franchise,AC Level 2,Type 2,Taxi/Ride-share,UPI,0.92,16.4,9.27,152.03,94.8,79.23,12.34,-34.34,40.6,4.9,Completed
SES-003580,2025-09-06,11,EV-002,Bengaluru,Karnataka,Own,AC Level 2,Type 2,Private,UPI,1.45,29.12,8.43,245.48,160.07,203.94,36.58,-155.11,53.3,3.8,Failed
SES-004276,2025-09-16,19,EV-037,Pune,Maharashtra,Partner,DC Fast,Type 2,Private,Card,2.21,92.75,15.99,1483.07,734.54,124.93,44.32,579.28,21.9,3.6,Completed
SES-002954,2024-01-13,21,EV-097, Mumbai ,Maharashtra,Franchise,AC Level 2,CCS2,Fleet,Wallet,1.12,18.28,8.25,150.81,93.41,189.06,52.86,-184.52,26.2,4.4,Completed
SES-004434,2024-04-30,19,EV-087,Pune,Maharashtra,Own,AC Level 2,CCS2,Private,UPI,1.42,20.74,11.46,237.68,124.19,36.61,32.66,44.22,39.0,3.8,Completed
SES-001454,2025-07-27,23,EV-084,Gurugram,Haryana,Own,AC Level 2,CCS2,Private,Card,0.65,12.09,9.18,110.99,82.64,107.15,47.48,-126.28,37.9,5.0,Completed
SES-004032,2024-08-03,9,EV-081,Bengaluru,Karnataka,Franchise,AC Level 2,CHAdeMO,Private,UPI,2.96,57.74,8.76,505.8,452.03,125.73,78.68,-150.64,67.1,5.0,Completed
SES-004794,2024-05-29,11,EV-073,Gurugram,Haryana,Franchise,DC Fast,CHAdeMO,Fleet,UPI,0.24,11.51,15.99,184.04,85.33,118.33,77.31,-96.93,16.7,3.7,Completed
SES-001496,2024-06-12,17,EV-063,Ahmedabad,Gujarat,Franchise,AC Level 2,Type 2,Corporate,Corporate Account,0.36,7.08,10.02,70.94,42.62,69.96,63.16,-104.8,28.9,4.2,Completed
SES-000890,2024-05-28,21,EV-074,Jaipur,Rajasthan,Own,DC Ultra-Fast,Type 2,Corporate,UPI,1.74,180.0,14.69,2644.2,1400.22,190.32,54.99,998.67,37.5,3.4,Completed
SES-004486,2025-11-03,23,EV-019,Jaipur,Rajasthan,Own,AC Level 2,CCS2,Private,Card,0.3,3.36,8.08,27.15,25.34,160.78,10.08,-169.05,24.4,3.9,Completed
SES-003997,2024-05-26,6,EV-077, Chennai ,Tamil Nadu,Own,DC Fast,CCS2,Private,UPI,0.69,35.6,13.73,488.79,222.86,214.93,58.55,-7.55,21.8,4.3,Completed
SES-001481,2024-06-07,10,EV-092,Ahmedabad,Gujarat,Own,AC Level 2,CCS2,Private,UPI,0.84,17.4,9.08,157.99,116.82,75.95,54.51,-89.29,26.7,3.8,Completed
SES-001427,2024-07-25,21,EV-097,Mumbai,Maharashtra,Franchise,DC Fast,CCS2,Private,Wallet,0.47,21.16,11.41,241.44,175.46,127.07,69.75,-130.84,12.7,4.2,Completed
SES-001514,2024-02-29,18,EV-001,Gurugram,Haryana,Own,AC Level 2,CCS2,Private,UPI,3.49,52.68,10.6,558.41,264.2,167.39,12.74,114.08,72.0,3.9,Completed
SES-000654,2025-06-23,4,EV-018,Bengaluru,Karnataka,Franchise,AC Level 2,Type 2,Corporate,Card,1.16,22.1,11.88,262.55,117.11,84.7,45.46,15.28,33.5,3.9,Completed
SES-001501,2025-11-26,12,EV-099,Chennai,Tamil Nadu,Own,AC Level 2,CHAdeMO,Taxi/Ride-share,Card,1.35,18.96,8.71,165.14,102.87,92.71,36.72,-67.16,30.2,4.1,Completed
SES-003407,2024-02-17,1,EV-039,Chennai,Tamil Nadu,Franchise,AC Level 2,Type 2,Private,Corporate Account,3.22,45.09,8.51,383.72,232.44,189.79,57.25,-95.76,49.0,4.6,Completed
SES-003373,2024-02-29,21,EV-002,Ahmedabad,Gujarat,Franchise,DC Fast,CHAdeMO,Private,Wallet,2.88,100.56,15.64,1572.76,630.71,192.63,53.05,696.37,47.7,3.9,Completed
SES-000631,2024-01-03,12,EV-024,Bengaluru,Karnataka,Own,AC Level 2,CCS2,Fleet,Card,0.89,18.42,8.11,149.39,103.25,51.61,64.57,-70.04,37.1,3.2,Completed
SES-001235,2024-03-12,6,EV-060,Bengaluru,Karnataka,Partner,AC Level 2,CCS2,Private,UPI,0.26,5.37,9.35,50.21,28.97,139.09,32.37,-150.22,39.1,,Completed
SES-004395,2024-05-17,16,EV-017,Delhi,Delhi,Franchise,,CCS2,Private,UPI,0.37,30.19,19.02,574.21,186.26,90.88,13.19,283.88,19.7,3.6,Completed
SES-003846,2025-08-04,13,EV-007,Gurugram,Haryana,Franchise,DC Ultra-Fast,Type 2,Taxi/Ride-share,Corporate Account,0.34,45.32,18.01,816.21,366.99,238.42,6.74,204.06,42.6,4.2,Completed
SES-004008,2025-07-22,12,EV-093,Hyderabad,Telangana,Partner,DC Fast,CCS2,Fleet,UPI,3.18,114.12,11.97,1366.02,613.19,51.93,30.92,669.98,58.8,4.6,Completed
SES-001579,2025-06-20,21,EV-040,Lucknow,Uttar Pradesh,Own,DC Fast,Type 2,Fleet,UPI,0.79,30.73,13.26,407.48,245.87,52.76,28.77,80.08,52.0,4.2,Completed
SES-004312,2024-04-11,19,EV-009,Gurugram,Haryana,Own,DC Fast,CHAdeMO,Taxi/Ride-share,UPI,1.41,75.86,14.86,1127.28,618.9,127.61,9.97,370.8,23.5,3.5,Completed
SES-001804,2024-12-14,16,EV-076,Hyderabad,Telangana,Partner,DC Fast,CCS2,Fleet,UPI,0.74,27.24,15.35,418.13,222.89,161.3,66.96,-33.02,52.4,4.1,Completed
SES-003971,2024-03-19,0,EV-071,Hyderabad,Telangana,Partner,DC Fast,CCS2,Fleet,Corporate Account,0.54,17.79,12.43,221.13,97.97,180.42,59.72,-116.98,21.1,4.0,Completed
SES-000786,2024-01-27,12,EV-091,Bengaluru,Karnataka,Own,DC Fast,CCS2,Private,Wallet,0.5,22.55,12.82,289.09,135.86,213.62,10.79,-71.18,53.0,3.5,Completed
SES-003872,2025-07-24,18,EV-011,Jaipur,Rajasthan,Own,AC Level 2,CCS2,Private,UPI,0.38,3.97,8.04,31.92,28.21,82.77,33.62,-112.68,35.2,3.7,Completed
SES-004752,2025-11-24,3,EV-016,Mumbai,Maharashtra,Partner,DC Fast,CHAdeMO,Taxi/Ride-share,UPI,1.03,57.17,11.82,675.75,475.93,146.1,75.69,-21.97,32.7,3.7,Completed
SES-003061,2025-06-02,20,EV-080,Gurugram,Haryana,Own,DC Ultra-Fast,Type 2,Private,Wallet,0.69,51.68,16.08,831.01,294.79,216.4,11.4,308.42,24.4,3.8,Completed
SES-003982,2025-01-13,17,EV-061,Delhi,Delhi,Own,AC Level 2,CCS2,Taxi/Ride-share,UPI,0.41,7.44,11.79,87.72,40.97,96.59,79.8,-129.64,21.7,4.1,Completed
SES-001104,2025-06-08,0,EV-002,Gurugram,Haryana,Own,AC Level 2,CCS2,Private,UPI,0.25,4.31,11.18,48.19,24.81,79.48,5.6,-61.7,28.8,4.5,Completed
SES-000567,2025-10-06,10,EV-016,Gurugram,Haryana,Franchise,DC Fast,CCS2,Taxi/Ride-share,Corporate Account,1.97,70.1,14.12,989.81,451.72,106.05,33.38,398.66,30.0,4.0,Completed
SES-003514,2025-01-08,1,EV-040,Jaipur,Rajasthan,Franchise,DC Fast,CCS2,Fleet,Wallet,1.5,75.74,11.6,878.58,393.3,208.86,32.06,244.36,42.4,3.7,Completed
SES-001662,2024-01-11,11,EV-006,Bengaluru,Karnataka,Franchise,AC Level 2,CCS2,Private,UPI,1.11,21.9,9.21,201.7,129.66,179.03,65.09,-172.08,44.3,3.1,Completed
SES-001165,2024-07-21,9,EV-059,Hyderabad,Telangana,Own,DC Fast,CCS2,Private,UPI,0.91,35.82,11.82,423.39,212.97,209.9,12.8,-12.28,43.5,3.8,Completed
SES-001021,2024-07-29,14,EV-029,Pune,Maharashtra,Own,AC Level 2,CCS2,Private,Corporate Account,0.74,8.8,8.18,71.98,68.61,161.26,5.51,-163.4,30.0,3.5,Completed
SES-002418,2025-12-22,20,EV-033,Hyderabad,Telangana,Franchise,AC Level 2,Type 2,Corporate,Corporate Account,1.26,13.67,8.94,122.21,76.97,105.97,71.88,-132.61,41.8,4.5,Failed
SES-002819,2025-07-05,12,EV-080,Lucknow,Uttar Pradesh,Franchise,DC Fast,CCS2,Taxi/Ride-share,Card,1.72,95.33,12.17,1160.17,616.44,49.77,22.42,471.54,52.9,4.4,Completed
SES-001612,2024-10-17,14,EV-003,Mumbai,Maharashtra,Own,AC Level 2,Type 2,Taxi/Ride-share,Card,1.2,18.51,11.39,210.83,110.38,89.52,42.02,-31.09,45.9,4.1,Completed
SES-004556,2024-12-25,4,EV-014,delhi,Delhi,Partner,AC Level 2,CCS2,Corporate,Corporate Account,1.05,11.17,11.54,128.9,65.68,162.94,79.06,-178.78,22.4,3.3,Completed
SES-000569,2024-05-19,14,EV-014,Ahmedabad,Gujarat,Own,DC Fast,Type 2,Private,UPI,1.85,58.17,13.15,,343.02,139.0,68.83,214.09,39.9,4.3,Completed
SES-002038,2024-12-08,18,EV-010,Bengaluru,Karnataka,Own,DC Fast,CCS2,Taxi/Ride-share,UPI,0.56,30.51,13.22,403.34,206.35,162.71,6.46,27.82,2.0,3.5,Completed
SES-001570,2025-11-02,9,EV-048,Jaipur,Rajasthan,Own,DC Fast,Type 2,Private,Wallet,2.17,78.75,12.67,997.76,479.35,28.79,26.99,462.63,55.2,3.7,Completed
SES-003855,2024-12-29,18,EV-017,Gurugram,Haryana,Own,DC Fast,CCS2,Private,Corporate Account,1.38,67.5,15.88,1071.9,342.56,216.18,69.27,443.89,56.0,3.7,Completed
SES-000826,2025-07-27,19,EV-100,Gurugram,Haryana,Own,DC Fast,CCS2,Fleet,UPI,0.3,10.09,12.06,121.69,71.23,130.25,6.59,-86.38,33.6,3.1,Completed
SES-001160,2024-01-09,12,EV-004,Chennai,Tamil Nadu,Franchise,DC Fast,CCS2,Private,Wallet,1.33,41.02,15.96,654.68,298.41,69.34,9.91,277.02,23.9,3.6,Completed
SES-000096,2025-07-10,9,EV-011,Gurugram,Haryana,Partner,DC Ultra-Fast,CCS2,Private,UPI,0.24,29.1,19.04,554.06,240.09,215.69,43.71,54.57,23.5,3.9,Completed
SES-001352,2025-10-28,11,EV-026,Lucknow,Uttar Pradesh,Partner,DC Fast,CCS2,Fleet,Card,0.5,21.27,11.56,245.88,132.91,184.98,32.19,-104.2,43.3,3.7,Completed
SES-000223,2025-02-14,0,EV-016,Lucknow,Uttar Pradesh,Franchise,AC Level 2,CHAdeMO,Private,UPI,2.04,24.67,10.21,251.88,186.1,61.7,25.12,-21.04,26.7,4.1,Completed
SES-001797,2024-10-10,20,EV-054,Mumbai,Maharashtra,Own,DC Fast,Type 2,Taxi/Ride-share,Card,1.29,69.89,11.1,775.78,451.41,70.49,16.24,237.64,33.0,4.4,Completed
SES-002700,2025-02-20,12,EV-039,Gurugram,Haryana,Own,AC Level 2,Type 2,Private,UPI,2.77,42.46,11.91,505.7,245.79,155.29,64.86,39.76,50.9,3.5,Completed
SES-001143,2025-10-11,1,EV-009,Pune,Maharashtra,Franchise,AC Level 2,CCS2,Fleet,Card,1.22,18.09,9.74,176.2,145.97,208.68,77.24,-255.69,7.2,3.3,Completed
SES-003245,2025-10-25,14,EV-058,Jaipur,Rajasthan,Own,DC Fast,CCS2,Private,Wallet,0.89,40.61,11.54,468.64,296.45,184.66,23.27,-35.74,27.7,4.8,Completed
SES-004319,2024-07-06,6,EV-064,Lucknow,Uttar Pradesh,Partner,DC Fast,CCS2,Private,Card,0.94,34.72,12.62,438.17,192.8,78.02,63.72,103.63,48.1,2.9,Completed
SES-002090,2025-10-03,1,EV-020,Mumbai,Maharashtra,Partner,AC Level 2,CHAdeMO,Taxi/Ride-share,UPI,1.06,15.54,9.35,145.3,79.88,127.23,78.95,-140.76,34.2,3.9,Completed
SES-004202,2024-01-30,15,EV-024,Lucknow,Uttar Pradesh,Own,AC Level 2,CCS2,Private,UPI,0.49,7.49,8.0,59.92,58.81,209.49,11.38,-219.76,18.0,4.5,Cancelled
SES-000965,2025-03-10,19,EV-089,Delhi,Delhi,Own,AC Level 2,CCS2,Corporate,Corporate Account,0.6,8.38,10.19,85.39,43.85,143.89,58.4,-160.75,36.0,3.8,Completed
SES-000900,2024-02-01,23,EV-042,Ahmedabad,Gujarat,Own,AC Level 2,CCS2,Corporate,Card,1.34,18.05,9.5,171.48,98.96,26.9,62.15,-16.53,31.3,3.4,Completed
SES-000250,2024-01-20,7,EV-087,Delhi,Delhi,Own,AC Level 2,CCS2,Taxi/Ride-share,Card,0.63,10.51,11.9,125.07,53.63,78.4,57.05,-64.01,12.2,4.5,Completed
SES-001805,2024-01-30,18,EV-002,Ahmedabad,Gujarat,Own,AC Level 2,Type 2,Taxi/Ride-share,UPI,0.15,2.83,10.54,29.83,17.29,125.58,47.83,-160.87,16.1,4.4,Completed
SES-002913,2024-04-09,9,EV-090,Gurugram,Haryana,Franchise,DC Fast,CCS2,Private,Wallet,1.9,99.42,12.38,1230.82,741.07,122.31,54.38,313.06,27.2,4.2,Completed
SES-002782,2025-06-05,13,EV-012,Mumbai,Maharashtra,Own,AC Level 2,CCS2,Fleet,Card,0.51,7.99,10.07,80.46,42.4,73.8,28.19,-63.93,38.8,4.1,Completed
SES-004627,2025-08-23,2,EV-028,Bengaluru,Karnataka,Own,AC Level 2,CCS2,Private,Wallet,1.18,15.42,8.12,125.21,99.1,111.05,24.58,-109.52,21.6,3.4,Completed
SES-000462,2025-12-28,15,EV-071,Delhi,Delhi,Own,DC Ultra-Fast,CCS2,Private,Corporate Account,0.72,64.57,15.45,997.61,413.31,102.99,68.86,412.45,20.6,3.2,Completed
SES-003548,2025-09-14,11,EV-078,Delhi,Delhi,Own,AC Level 2,CCS2,Private,UPI,1.16,21.66,10.55,228.51,171.12,187.38,19.72,-149.71,24.8,4.5,Completed
SES-002683,2025-09-06,9,EV-065,Ahmedabad,Gujarat,Partner,DC Fast,CCS2,Fleet,UPI,1.34,53.71,11.47,616.05,409.95,114.03,20.15,71.92,35.6,4.6,Completed
SES-004454,2024-09-02,0,EV-015,Chennai,Tamil Nadu,Franchise,DC Fast,Type 2,Private,UPI,1.28,72.58,13.45,976.2,503.22,50.86,57.26,364.86,37.6,4.1,Completed
SES-004220,2024-07-25,15,EV-039,Pune,Maharashtra,Own,AC Level 2,CCS2,Fleet,Card,1.42,15.61,8.12,126.75,126.41,158.56,50.1,-208.32,23.8,5.0,Failed
SES-002232,2025-04-04,16,EV-092,Hyderabad,Telangana,Partner,AC Level 2,CCS2,Private,Wallet,1.96,24.69,8.38,206.9,190.0,199.26,68.16,-250.52,11.9,4.6,Completed
SES-004105,2025-12-31,22,EV-072,Chennai,Tamil Nadu,Partner,DC Fast,CCS2,Private,UPI,1.69,76.29,14.36,1095.52,602.52,74.77,42.4,375.83,42.9,3.2,Completed
SES-001964,2025-12-11,4,EV-088,Hyderabad,Telangana,Franchise,DC Fast,CCS2,Private,Wallet,1.46,47.38,11.44,542.03,382.9,37.72,72.28,49.13,41.0,3.2,Completed
SES-003550,2025-01-10,1,EV-019,Delhi,Delhi,Franchise,AC Level 2,CCS2,Private,UPI,2.91,35.83,8.44,302.41,225.12,47.55,67.87,-38.13,42.4,5.0,Completed
SES-000889,2024-03-14,4,EV-042,Mumbai,Maharashtra,Own,AC Level 2,CHAdeMO,Private,Wallet,1.1,18.42,8.16,150.31,134.49,181.0,50.9,-216.08,38.9,3.1,Completed
SES-000712,2025-02-16,19,EV-043,Chennai,Tamil Nadu,Own,DC Fast,CCS2,Private,Card,0.51,19.63,11.26,221.03,158.99,108.31,13.98,-60.25,28.3,4.6,Completed
SES-003313,2025-05-24,2,EV-055,Bengaluru,Karnataka,Own,DC Fast,CCS2,Private,Card,0.76,39.72,12.3,488.56,210.35,181.04,30.53,66.64,13.9,4.8,Completed
SES-002246,2024-01-09,5,EV-048,Lucknow,Uttar Pradesh,Own,AC Level 2,CCS2,Fleet,UPI,0.16,2.21,9.65,21.33,17.37,145.16,32.17,-173.37,30.8,3.5,Completed
SES-003890,2025-09-07,5,EV-006,Chennai,Tamil Nadu,Franchise,AC Level 2,CCS2,Private,UPI,3.2,52.56,10.74,564.49,364.61,33.47,48.31,118.1,83.9,4.4,Completed
SES-002342,2024-01-28,14,EV-077,Bengaluru,Karnataka,Partner,AC Level 2,CCS2,Fleet,Card,0.76,12.52,8.35,104.54,64.29,155.52,58.11,-173.38,6.4,4.4,Completed
SES-000492,2024-12-21,22,EV-048,Ahmedabad,Gujarat,Own,AC Level 2,CCS2,Fleet,Wallet,1.78,22.82,8.31,189.63,187.57,137.32,21.89,-157.15,30.7,4.9,Completed
SES-003232,2024-02-22,23,EV-082,Ahmedabad,Gujarat,Own,DC Fast,CCS2,Fleet,UPI,0.62,26.85,13.58,364.62,205.2,115.13,76.16,-31.87,23.1,4.1,Completed
SES-002702,2024-07-12,13,EV-076,Pune,Maharashtra,Own,DC Fast,Type 2,Private,Card,2.18,85.86,13.24,1136.79,591.07,147.64,17.32,380.76,20.9,2.4,Completed
SES-002776,2024-01-05,0,EV-002,Bengaluru,Karnataka,Franchise,DC Fast,CCS2,Private,UPI,0.24,11.23,11.2,125.78,56.94,75.8,59.4,-66.36,2.0,3.6,Completed
SES-002973,2024-07-21,5,EV-023,Bengaluru,Karnataka,Franchise,DC Ultra-Fast,CCS2,Private,Corporate Account,1.1,91.38,16.4,1498.63,748.06,74.71,24.92,650.94,26.1,4.0,Completed
SES-000124,2024-12-21,5,EV-067,Ahmedabad,Gujarat,Partner,AC Level 2,CCS2,Taxi/Ride-share,Card,0.44,8.04,8.49,68.26,57.25,133.23,21.25,-143.47,37.5,3.8,Completed
SES-002333,2024-12-15,11,EV-078,Mumbai,Maharashtra,Own,AC Level 2,Type 2,Private,Card,0.45,5.28,10.59,55.92,29.31,85.11,44.42,-102.92,26.2,4.2,Completed
SES-002807,2025-05-09,23,EV-025,Ahmedabad,Gujarat,Own,DC Fast,CCS2,Fleet,Card,1.4,60.82,11.64,707.94,313.49,124.96,46.44,223.05,54.3,4.2,Completed
SES-000618,2024-07-07,21,EV-016,Mumbai,Maharashtra,Own,DC Ultra-Fast,CCS2,Private,Card,0.39,29.73,19.41,577.06,167.66,223.64,26.76,159.0,37.5,4.2,Completed
SES-001562,2024-05-06,0,EV-040,Delhi,Delhi,Franchise,DC Fast,CCS2,Corporate,UPI,0.85,48.17,15.42,742.78,333.69,198.12,48.96,162.01,34.9,3.2,Completed
SES-004660,2025-01-22,11,EV-049,Gurugram,Haryana,Own,DC Fast,Type 2,Fleet,Wallet,3.59,106.66,14.5,1546.57,573.14,193.58,59.95,719.9,58.5,5.0,Completed
SES-003517,2024-03-15,14,EV-062,Mumbai,Maharashtra,Partner,AC Level 2,Type 2,Taxi/Ride-share,UPI,0.75,9.57,11.6,111.01,70.24,116.13,40.95,-116.31,28.5,3.3,Completed
SES-001150,2025-07-11,20,EV-055,Pune,Maharashtra,Own,DC Fast,CCS2,Private,Card,0.84,27.48,13.2,362.74,224.76,36.88,16.13,84.97,35.2,4.2,Completed
SES-001977,2024-08-03,16,EV-057,Ahmedabad,Gujarat,Franchise,AC Level 2,CCS2,Private,Wallet,1.49,24.41,11.68,285.11,128.28,176.85,38.72,-58.74,38.3,4.2,Completed
SES-002734,2024-05-26,6,EV-088,Hyderabad,Telangana,Own,DC Fast,CCS2,Private,UPI,1.16,31.41,14.24,447.28,227.51,21.64,53.21,144.92,26.1,4.2,Completed
SES-000562,2025-06-28,8,EV-042,Chennai,Tamil Nadu,Partner,DC Fast,CCS2,Fleet,Card,1.04,42.4,11.24,476.58,241.79,59.15,35.83,139.81,55.0,3.8,Completed
SES-004807,2024-04-02,22,EV-069,Delhi,Delhi,Own,AC Level 2,CCS2,Corporate,UPI,0.6,11.58,11.19,129.58,92.98,182.94,13.25,-159.59,28.6,4.8,Completed
SES-001698,2025-01-02,4,EV-038,Hyderabad,Telangana,Franchise,AC Level 2,CCS2,Private,UPI,0.78,14.68,11.02,161.77,76.65,22.04,39.0,24.08,57.4,4.2,Completed
SES-000765,2024-04-01,4,EV-087,Gurugram,Haryana,Franchise,DC Ultra-Fast,CCS2,Taxi/Ride-share,Wallet,0.98,134.35,15.23,2046.15,1051.21,56.76,6.83,931.35,34.7,3.9,Completed
SES-002155,2025-08-13,11,EV-069,Mumbai,Maharashtra,Own,DC Ultra-Fast,CCS2,Fleet,UPI,1.17,99.7,19.52,1946.14,750.2,101.36,10.72,1083.86,24.8,4.4,Completed
SES-000696,2024-08-16,5,EV-047,Ahmedabad,Gujarat,Own,DC Fast,CCS2,Taxi/Ride-share,Card,0.62,35.26,12.46,439.34,185.05,43.14,70.97,140.18,22.8,5.0,Completed
SES-003525,2025-10-08,20,EV-028,Pune,Maharashtra,Partner,AC Level 2,CCS2,Private,Corporate Account,1.02,13.34,9.41,125.53,98.19,215.59,21.28,-209.53,34.0,3.4,Completed
SES-001267,2024-10-05,14,EV-052,Bengaluru,Karnataka,Partner,DC Fast,CHAdeMO,Taxi/Ride-share,Corporate Account,0.77,33.91,15.86,537.81,209.45,45.55,22.83,259.98,40.1,3.6,Completed
SES-001951,2025-02-15,12,EV-062,Lucknow,Uttar Pradesh,Partner,DC Ultra-Fast,Type 2,Taxi/Ride-share,UPI,0.26,20.06,18.18,364.69,161.58,112.38,34.69,56.04,15.5,3.8,Completed
SES-003833,2024-09-14,4,EV-050,Hyderabad,Telangana,Own,DC Ultra-Fast,CCS2,Private,Card,0.8,101.16,17.59,1779.4,796.32,217.99,68.16,696.93,28.1,4.4,Completed
SES-004774,2024-07-19,0,EV-068,Jaipur,Rajasthan,Franchise,AC Level 2,CHAdeMO,Private, UPI ,3.58,45.06,9.39,423.11,237.46,198.45,14.09,-26.89,48.7,4.6,Completed
SES-002821,2025-07-24,13,EV-014,Jaipur,Rajasthan,Own,DC Fast,Type 2,Private,UPI,4.5,165.36,15.87,2624.26,898.99,177.31,72.1,1475.86,75.2,4.9,Completed
SES-002109,2024-01-10,20,EV-067,Hyderabad,Telangana,Own,DC Fast,CCS2,Private,UPI,0.15,7.77,12.63,98.14,47.51,78.09,74.79,-102.25,15.2,4.4,Completed
SES-002299,2025-05-06,18,EV-066,Jaipur,Rajasthan,Franchise,AC Level 2,CCS2,Private,UPI,0.94,11.93,10.28,122.64,84.65,170.08,23.53,-155.62,28.7,4.0,Completed
SES-002203,2025-08-22,10,EV-086,Pune,Maharashtra,Franchise,DC Fast,Type 2,Private,Card,2.61,100.77,12.96,1305.98,820.62,92.25,38.09,355.02,50.9,4.5,Completed
SES-002020,2025-05-08,20,EV-100,Lucknow,Uttar Pradesh,Own,DC Fast,CHAdeMO,Fleet,Wallet,1.49,60.77,11.91,723.77,355.1,193.47,56.22,118.98,26.0,4.7,Completed
SES-004334,2024-08-10,16,EV-051,Pune,Maharashtra,Own,DC Fast,CCS2,Taxi/Ride-share,Card,0.35,15.54,11.68,181.51,127.96,107.6,18.63,-72.68,22.7,3.8,Completed
SES-004575,2025-03-21,17,EV-086,Mumbai,Maharashtra,Own,DC Ultra-Fast,Type 2,Private,Card,0.84,79.81,14.71,1174.01,449.66,266.11,73.85,384.39,17.9,5.0,Completed
SES-004535,2024-11-13,21,EV-074,Lucknow,Uttar Pradesh,Own,AC Level 2,CCS2,Private,Card,0.43,8.68,9.78,84.89,61.55,21.91,42.73,-41.3,14.1,5.0,Completed
SES-004233,2025-04-07,17,EV-032,Jaipur,Rajasthan,Own,DC Fast,CCS2,Corporate,Card,2.65,73.12,13.65,998.09,489.18,145.61,33.64,329.66,62.5,3.4,Completed
SES-003681,2025-04-26,17,EV-030,Ahmedabad,Gujarat,Own,AC Level 2,CCS2,Corporate,Wallet,1.84,25.48,8.59,218.87,166.72,211.56,7.57,-166.98,22.7,4.3,Completed
SES-000358,2025-11-27,2,EV-011,Gurugram,Haryana,Own,DC Fast,CCS2,Private,UPI,0.72,25.81,15.25,393.6,185.57,99.6,62.06,46.37,44.1,5.0,Completed
SES-002836,2025-09-14,15,EV-092,Ahmedabad,Gujarat,Franchise,DC Fast,Type 2,Private,UPI,0.19,8.11,11.61,94.16,45.93,148.19,47.92,-147.88,48.7,4.4,Completed
SES-004014,2024-12-12,17,EV-025,Delhi,Delhi,Own,DC Ultra-Fast,CCS2,Corporate,Wallet,1.31,128.07,17.0,2177.19,1009.52,316.14,8.65,842.88,41.0,4.9,Cancelled
SES-004632,2025-07-09,3,EV-058,Bengaluru,Karnataka,Partner,DC Fast,Type 2,Taxi/Ride-share,Corporate Account,2.46,101.47,11.39,1155.74,543.14,68.32,63.29,480.99,41.4,3.8,Completed
SES-003900,2025-02-15,12,EV-010,Hyderabad,Telangana,Franchise,AC Level 2,Type 2,Taxi/Ride-share,Corporate Account,0.78,16.04,11.59,185.9,91.16,194.5,26.12,-125.88,43.6,4.4,Completed
SES-003516,2024-07-04,12,EV-039,Delhi,Delhi,Partner,DC Ultra-Fast,CCS2,Private,UPI,0.63,63.2,16.88,1066.82,374.83,60.05,8.04,623.9,28.6,3.4,Failed
SES-001559,2025-09-19,8,EV-028,Mumbai,Maharashtra,Partner,DC Fast,CCS2,Private,UPI,0.45,23.87,12.19,290.98,133.66,116.78,43.65,-3.11,37.4,4.1,Completed
SES-000311,2025-07-02,22,EV-033,Bengaluru,Karnataka,Own,AC Level 2,CCS2,Corporate,Corporate Account,1.27,18.21,11.3,205.77,132.56,102.96,71.12,-100.87,31.8,3.9,Completed
SES-002046,2025-12-13,2,EV-092,Bengaluru,Karnataka,Own,DC Fast,CCS2,Private,Card,0.2,8.22,11.49,94.45,48.8,214.74,21.68,-190.77,17.3,3.1,Completed
SES-004902,2024-09-29,19,EV-030,Hyderabad,Telangana,Partner,DC Fast,CCS2,Private,Card,3.89,118.73,12.6,1496.0,984.05,175.0,9.23,327.72,86.6,3.8,Completed
SES-001308,2024-07-13,1,EV-010,Ahmedabad,Gujarat,Own,AC Level 2,Type 2,Corporate,Wallet,1.05,17.44,11.06,192.89,95.2,90.1,35.69,-28.1,35.3,4.5,Completed
SES-003320,2025-02-14,16,EV-026,Delhi,Delhi,Own,DC Fast,CHAdeMO,Taxi/Ride-share,UPI,4.5,134.82,14.12,1903.66,1000.62,108.8,40.26,753.98,59.2,4.2,Completed
SES-000128,2025-01-01,10,EV-054,Pune,Maharashtra,Partner,AC Level 2,CCS2,Private,UPI,1.23,17.08,11.82,201.89,132.79,87.17,15.57,-33.64,27.9,4.0,Completed
SES-004376,2025-03-10,4,EV-010,Chennai,Tamil Nadu,Partner,DC Fast,CCS2,Private,UPI,0.89,40.54,15.48,627.56,314.78,141.09,68.77,102.92,22.4,3.7,Completed
SES-001831,2024-05-13,10,EV-041,Delhi,Delhi,Own,DC Fast,CCS2,Private,Corporate Account,0.62,33.64,15.5,521.42,222.45,80.87,26.94,191.16,26.3,3.3,Completed
SES-000104,2025-12-01,21,EV-081,Ahmedabad,Gujarat,Partner,DC Fast,CHAdeMO,Corporate,Card,1.3,72.87,15.23,1109.81,495.02,85.12,56.16,473.51,50.4,4.1,Completed
SES-000660,2025-09-09,5,EV-018,Pune,Maharashtra,Own,DC Fast,CCS2,Corporate,UPI,0.28,14.45,13.82,199.7,86.18,92.87,52.53,-31.88,23.1,3.9,Completed
SES-004049,2024-10-30,23,EV-074,Pune,Maharashtra,Own,DC Fast,CCS2,Taxi/Ride-share,Card,0.4,16.09,14.79,237.97,100.04,217.91,66.32,-146.3,25.0,4.4,Completed
SES-003687,2025-12-14,21,EV-087,Bengaluru,Karnataka,Own,DC Fast,CCS2,Taxi/Ride-share,Card,1.44,43.88,12.49,548.06,254.43,169.83,13.03,110.77,42.0,4.6,Completed
SES-003566,2024-09-14,9,EV-022,Mumbai,Maharashtra,Partner,AC Level 2,CCS2,Private,Wallet,0.32,3.58,10.25,36.7,26.39,198.46,12.54,-200.69,24.4,3.7,Completed
SES-001674,2024-12-08,15,EV-100,Chennai,Tamil Nadu,Own,DC Ultra-Fast,CCS2,Corporate,Card,0.42,54.99,16.07,883.69,459.41,302.94,56.67,64.67,5.3,4.6,Completed
SES-002725,2025-12-26,12,EV-055,Chennai,Tamil Nadu,Own,DC Ultra-Fast,Type 2, Private ,Card,0.4,34.96,16.75,585.58,254.54,242.33,10.81,77.9,33.4,3.7,Completed
SES-003783,2024-09-17,11,EV-017,Pune,Maharashtra,Franchise,AC Level 2,CCS2,Private,UPI,1.74,33.86,10.13,343.0,190.44,97.68,10.22,44.66,51.7,4.3,Completed
SES-001531,2024-09-04,0,EV-026,Delhi,Delhi,Partner,DC Fast,Type 2,Private,Card,2.12,109.77,13.08,1435.79,767.21,61.05,8.72,598.81,30.4,3.8,Completed
SES-002713,2024-07-12,2,EV-020,Lucknow,Uttar Pradesh,Partner,AC Level 2,Type 2,Private,Wallet,0.33,4.26,11.59,49.37,33.03,123.61,54.67,-161.94,22.4,4.0,Completed
SES-004494,2025-08-12,18,EV-025,Hyderabad,Telangana,Own,DC Ultra-Fast,Type 2,Private,UPI,1.13,159.87,14.36,2295.73,1176.05,101.75,79.44,938.49,23.4,3.1,Completed
SES-000044,2024-04-09,20,EV-057,Lucknow,Uttar Pradesh,Partner,AC Level 2,CHAdeMO,Private,UPI,0.44,8.92,10.11,90.18,54.21,218.85,17.07,-199.95,35.9,2.1,Completed
SES-002505,2024-09-30,7,EV-028,Gurugram,Haryana,Own,DC Fast,CCS2,Private,Corporate Account,0.7,28.68,14.76,423.32,200.7,72.57,69.21,80.84,30.6,3.8,Failed
SES-004553,2025-05-20,0,EV-029,Delhi,Delhi,Partner,DC Fast,CCS2,Taxi/Ride-share,UPI,0.4,15.81,11.98,189.4,84.26,136.49,59.14,-90.49,18.6,4.9,Completed
SES-002262,2025-08-28,2,EV-012,Delhi,Delhi,Own,DC Fast,CCS2,Private,Card,1.7,80.01,15.87,1269.76,576.42,60.57,65.29,567.48,56.9,4.6,Completed
SES-004369,2024-11-20,2,EV-021,Hyderabad,Telangana,Partner,AC Level 2,CCS2,Taxi/Ride-share,Card,1.0,17.49,11.12,194.49,98.49,21.84,46.05,28.11,36.1,4.0,Completed
SES-001697,2024-02-29,13,EV-038,Lucknow,Uttar Pradesh,Own,DC Fast,CCS2,Private,Card,0.86,44.82,12.04,539.63,241.49,195.57,39.85,62.72,24.1,3.7,Completed
SES-001793,2025-07-10,3,EV-057,Mumbai,Maharashtra,Franchise,DC Fast,CHAdeMO,Private,UPI,2.01,72.96,15.6,1138.18,555.45,156.33,64.95,361.45,35.4,3.4,Completed
SES-001741,2025-07-19,14,EV-087,Mumbai,Maharashtra,Partner,DC Fast,CCS2,Fleet,UPI,0.36,11.43,14.0,160.02,80.45,183.06,73.11,-176.6,37.4,4.0,Completed
SES-003401,2025-06-02,9,EV-053,Gurugram,Haryana,Own,AC Level 2,Type 2,Taxi/Ride-share,UPI,1.23,25.4,11.87,301.5,181.54,80.86,65.32,-26.22,29.1,3.9,Completed
SES-003036,2025-03-25,17,EV-048,Hyderabad,Telangana,Franchise,DC Fast,CCS2,Fleet,Card,0.17,7.24,15.8,114.39,56.77,151.36,63.19,-156.93,2.0,3.8,Completed
SES-004710,2024-01-15,4,EV-089,Hyderabad,Telangana,Own,AC Level 2,Type 2,Fleet,Corporate Account,1.46,21.81,9.3,202.83,184.39,150.2,41.27,-173.03,41.2,5.0,Completed
SES-002250,2024-10-09,12,EV-068,Delhi,Delhi,Franchise,DC Ultra-Fast,CHAdeMO,Taxi/Ride-share,Wallet,0.91,102.53,17.87,1832.21,704.48,151.03,64.09,912.61,40.6,3.3,Completed
SES-001419,2024-11-21,4,EV-025,Bengaluru,Karnataka,Own,DC Fast,CCS2,Taxi/Ride-share,UPI,0.32,16.06,13.86,222.59,89.28,141.88,38.73,-47.3,8.9,4.3,Completed
SES-003421,2025-01-03,6,EV-013,Chennai,Tamil Nadu,Own,AC Level 2,CCS2,Private,UPI,0.8,12.81,11.2,143.47,80.95,160.47,52.85,-150.8,27.0,3.4,Completed
SES-001546,2025-03-18,0,EV-014,Chennai,Tamil Nadu,Partner,DC Fast,CCS2,Taxi/Ride-share,Card,0.6,31.3,13.68,428.18,188.81,56.61,57.6,125.16,55.4,3.0,Failed
SES-003512,2024-06-29,16,EV-098,Bengaluru,Karnataka,Own,AC Level 2,CCS2,Fleet,UPI,0.73,10.47,10.56,110.56,71.76,198.38,23.79,-183.37,26.3,4.1,Completed
SES-002539,2024-11-19,8,EV-072,Chennai,Tamil Nadu,Franchise,AC Level 2,CCS2,Private,UPI,0.48,7.89,11.77,92.87,48.74,134.97,61.02,-151.86,31.2,4.7,Completed
SES-002364,2024-06-25,13,EV-012,Bengaluru,Karnataka,Franchise,DC Fast,CHAdeMO,Private,UPI,0.76,34.74,11.76,408.54,190.77,153.88,25.19,38.7,20.7,4.2,Completed
SES-004265,2025-03-30,8,EV-073,Gurugram,Haryana,Franchise,DC Ultra-Fast,CCS2,Corporate,UPI,0.55,46.4,15.98,741.47,247.29,46.54,76.18,371.46,12.2,4.2,Completed
SES-001004,2024-03-13,19,EV-051,Hyderabad,Telangana,Partner,AC Level 2,CCS2,Taxi/Ride-share,UPI,0.81,9.4,8.05,75.67,50.57,82.08,9.6,-66.58,33.8,5.0,Completed
SES-001389,2025-07-28,4,EV-042,Hyderabad,Telangana,Partner,DC Fast,CCS2,Taxi/Ride-share,Wallet,0.6,25.97,14.25,370.07,201.19,46.37,54.96,67.55,39.3,4.3,Completed
SES-002496,2024-11-22,6,EV-091,Gurugram,Haryana,Partner,DC Fast,CCS2,Private,Card,0.78,35.48,15.35,544.62,192.29,163.71,24.14,164.48,29.7,3.9,Completed
SES-001843,2024-08-21,14,EV-070,Mumbai,Maharashtra,Own,DC Fast,CCS2,Fleet,Wallet,2.08,60.99,11.15,680.04,482.04,63.49,8.22,126.29,24.6,4.7,Completed
SES-004571,2024-02-21,4,EV-008,Pune,Maharashtra,Franchise,AC Level 2,Type 2,Private,Card,0.56,9.27,9.95,92.24,66.51,57.34,76.12,-107.73,33.0,4.0,Completed
SES-004620,2025-12-01,3,EV-058,Ahmedabad,Gujarat,Own,DC Fast,CCS2,Private,Card,0.93,44.76,14.7,657.97,233.49,132.46,19.01,273.01,37.0,4.5,Completed
SES-004989,2024-05-03,3,EV-078,Pune,Maharashtra,Own,AC Level 2,Type 2,Private,Card,0.71,10.66,9.12,97.22,88.5,56.78,41.9,-89.96,28.4,4.1,Completed
SES-002042,2024-06-03,11,EV-051,Ahmedabad,Gujarat,Own,AC Level 2,CCS2,Private,UPI,0.78,7.89,8.88,70.06,53.25,185.89,78.7,-247.78,14.8,3.8,Completed
SES-001184,2025-04-04,18,EV-043,Chennai,Tamil Nadu,Own,DC Fast,Type 2,Private,UPI,2.47,86.63,14.78,1280.39,673.45,61.51,18.42,527.01,60.8,4.1,Completed
SES-000366,2024-08-16,13,EV-019,Delhi,Delhi,Own,AC Level 2,Type 2,Private,Card,0.7,11.17,10.98,122.65,67.13,60.66,13.46,-18.6,6.7,4.0,Completed
SES-001921,2024-07-03,7,EV-043,Hyderabad,Telangana,Partner,AC Level 2,CCS2,Private,UPI,1.29,26.58,8.66,230.18,199.97,211.83,66.04,-247.66,45.0,4.6,Completed
SES-002864,2025-08-25,9,EV-025,Chennai,Tamil Nadu,Own,DC Fast,CCS2,Fleet,Corporate Account,0.84,42.31,14.66,620.26,355.91,191.73,70.22,2.4,34.2,4.1,Completed
SES-004776,2024-10-11,13,EV-024,Gurugram,Haryana,Partner,AC Level 2,CHAdeMO,Private,UPI,0.56,7.97,8.55,68.14,66.12,190.23,54.32,-242.53,22.9,4.9,Completed
SES-004855,2025-01-07,16,EV-081,Hyderabad,Telangana,Partner,DC Fast,CCS2,Private,Card,0.85,37.13,11.76,436.65,254.67,104.93,63.43,13.62,26.9,3.5,Completed
SES-001029,2024-06-17,18,EV-027,Ahmedabad,Gujarat,Partner,AC Level 2,CCS2,Fleet,UPI,0.23,3.95,10.71,42.3,25.44,218.39,50.89,-252.42,12.0,4.3,Completed
SES-003369,2025-09-23,6,EV-037,Mumbai,Maharashtra,Franchise,AC Level 2,CCS2,Private,UPI,1.39,24.15,11.87,286.66,155.84,88.5,70.86,-28.54,46.0,4.6,Completed
SES-002692,2025-10-18,17,EV-075,Ahmedabad,Gujarat,Partner,DC Fast,Type 2,Taxi/Ride-share,UPI,0.44,24.93,13.38,333.56,181.0,121.46,56.38,-25.28,34.1,3.9,Completed
SES-002324,2025-08-24,22,EV-054,Delhi,Delhi,Partner,AC Level 2,CHAdeMO,Private,UPI,1.0,11.92,11.25,134.1,71.25,45.84,57.79,-40.78,17.1,4.3,Completed
SES-004923,2025-09-03,17,EV-090,Gurugram,Haryana,Franchise,AC Level 2,CHAdeMO,Taxi/Ride-share,Card,0.96,19.86,8.22,163.25,159.02,87.73,73.1,-156.6,45.2,3.8,Completed
SES-001839,2025-05-06,9,EV-099,Pune,Maharashtra,Franchise,DC Fast,CHAdeMO,Fleet,UPI,1.63,78.5,15.09,1184.56,595.58,34.29,22.31,532.38,54.0,5.0,Completed
SES-001917,2025-09-05,19,EV-009,Hyderabad,Telangana,Own,AC Level 2,Type 2,Private,Corporate Account,0.48,5.11,10.72,54.78,33.77,109.76,8.74,-97.49,34.3,3.6,Completed
SES-003066,2025-08-26,4,EV-100,Gurugram,Haryana,Own,AC Level 2,Type 2,Private,Wallet,0.52,6.17,10.43,64.35,50.9,160.81,33.51,-180.87,26.1,4.5,Completed
SES-001495,2025-06-24,23,EV-056,Bengaluru,Karnataka,Franchise,AC Level 2,CHAdeMO,Taxi/Ride-share,UPI,0.73,12.94,9.37,121.25,80.09,161.42,71.73,-191.99,47.0,3.5,Completed
SES-001756,2024-09-03,5,EV-018,Delhi,Delhi,Franchise,AC Level 2,CCS2,fleet,UPI,1.78,31.84,11.35,361.38,231.7,188.56,69.73,-128.61,45.3,4.4,Completed
SES-001151,2024-01-27,19,EV-029,Hyderabad,Telangana,Franchise,AC Level 2,CCS2,Taxi/Ride-share,UPI,2.07,36.13,10.42,376.47,300.44,134.83,7.73,-66.53,58.1,3.2,Completed
SES-004344,2024-08-13,10,EV-014,Ahmedabad,Gujarat,Own,DC Fast,CCS2,Corporate,UPI,0.81,35.37,13.79,487.75,208.38,38.92,79.98,160.47,35.8,3.8,Completed
SES-002795,2025-09-08,3,EV-045,Gurugram,Haryana,Partner,AC Level 2,Type 2,Corporate,UPI,0.29,4.69,10.69,50.14,25.45,152.24,67.63,-195.18,32.3,4.2,Completed
SES-001285,2025-09-13,16,EV-065,Pune,Maharashtra,Franchise,AC Level 2,CCS2,Private,Card,0.49,7.35,10.93,80.34,37.28,113.98,69.73,-140.65,17.3,3.6,Completed
SES-004870,2025-04-10,5,EV-041,Mumbai,Maharashtra,Own,AC Level 2,CCS2,Private,Corporate Account,0.75,10.57,11.07,117.01,72.52,158.77,69.16,-183.44,33.9,4.2,Completed
SES-001599,2025-10-29,7,EV-048,Jaipur,Rajasthan,Own,AC Level 2,CCS2,Corporate,UPI,0.15,2.43,10.1,24.54,17.63,43.29,72.58,-108.96,3.2,4.7,Completed
SES-004419,2024-08-15,5,EV-017,Delhi,Delhi,Own,DC Fast,CHAdeMO,Corporate,Wallet,2.55,80.51,12.99,1045.82,516.8,115.51,62.14,351.37,46.9,4.4,Completed
SES-001314,2025-09-11,4,EV-032,Mumbai,Maharashtra,Partner,AC Level 2,CCS2,Private,UPI,0.75,8.43,9.3,78.4,59.15,207.04,43.53,-231.32,15.6,4.3,Completed
SES-004664,2025-03-12,16,EV-051,Ahmedabad,Gujarat,Own,DC Fast,CCS2,Fleet,Corporate Account,3.1,116.04,12.3,1427.29,649.06,211.49,33.4,533.34,52.8,4.1,Completed
SES-003027,2024-05-06,11,EV-013,Mumbai,Maharashtra,Own,DC Fast,CCS2,Fleet,Wallet,2.94,138.29,13.11,1812.98,773.73,79.13,56.58,903.54,69.5,4.8,Completed
SES-001959,2025-07-22,16,EV-068,Jaipur,Rajasthan,Own,DC Fast,CCS2,Private,UPI,0.15,5.49,12.38,67.97,27.92,98.38,73.06,-131.39,28.0,5.0,Completed
SES-003171,2024-01-30,3,EV-048,Delhi,Delhi,Own,DC Ultra-Fast,Type 2,Private,UPI,0.23,16.12,14.33,231.0,122.2,236.8,38.81,-166.81,35.2,4.1,Completed
SES-000483,2025-03-23,9,EV-059,Pune,Maharashtra,Own,AC Level 2,Type 2,Private,UPI,1.33,26.2,11.39,298.42,134.19,162.93,59.26,-57.96,61.4,3.9,Completed
SES-002595,2025-02-12,13,EV-080,Ahmedabad,Gujarat,Own,AC Level 2,CCS2,Private,Card,0.27,4.98,8.64,43.03,27.81,152.39,50.18,-187.35,32.9,4.9,Completed
SES-002128,2024-07-01,16,EV-007,Mumbai,Maharashtra,Own,AC Level 2,CCS2,Private,Card,0.44,4.64,10.74,49.83,25.6,20.08,27.43,-23.28,25.2,5.0,Failed
SES-004819,2025-12-24,7,EV-001,Pune,Maharashtra,Own,DC Fast,CCS2,Private,Card,0.5,21.43,14.78,316.74,172.05,132.11,25.07,-12.49,43.6,3.3,Completed
SES-002283,2025-01-07,10,EV-070,Jaipur,Rajasthan,Partner,DC Fast,CHAdeMO,Corporate,Card,0.41,16.23,15.24,247.35,135.94,92.46,27.16,-8.21,15.6,3.6,Completed
SES-003959,2024-02-11,6,EV-044,Mumbai,Maharashtra,Franchise,DC Ultra-Fast,Type 2,Private,UPI,0.25,18.95,14.72,278.94,110.5,218.45,28.99,-79.0,31.7,5.0,Completed
SES-002928,2025-08-15,2,EV-073,Pune,Maharashtra,Own,DC Fast,CCS2,Fleet,Wallet,1.61,77.14,14.22,1096.93,554.07,62.79,22.19,457.88,37.8,3.5,Completed
SES-004084,2024-03-22,0,EV-098,Mumbai,Maharashtra,Own,DC Fast,CCS2,Taxi/Ride-share,Card,0.32,11.81,11.49,135.7,68.31,129.63,57.68,-119.92,12.5,4.3,Completed
SES-004408,2024-03-03,6,EV-073,Pune,Maharashtra,Partner,AC Level 2,CCS2,Corporate,Wallet,0.59,9.6,9.32,89.47,48.83,216.56,51.42,-227.34,31.5,4.1,Completed
SES-001955,2024-03-11,11,EV-004,Jaipur,Rajasthan,Franchise,DC Ultra-Fast,CCS2,Private,UPI,1.18,149.69,15.24,2281.28,968.97,38.7,27.58,1246.03,54.2,3.4,Completed
SES-000903,2025-01-08,16,EV-013,Pune,Maharashtra,Partner,DC Fast,CCS2,Corporate,Corporate Account,0.15,6.5,12.75,82.88,49.79,169.56,18.9,-155.37,39.7,4.5,Completed
SES-003875,2024-08-24,23,EV-047,Chennai,Tamil Nadu,Own,AC Level 2,CHAdeMO,Private,Corporate Account,0.95,18.67,11.23,209.66,99.8,35.63,39.73,34.5,9.8,4.2,Completed
SES-004077,2025-01-21,16,EV-085,Ahmedabad,Gujarat,Own,DC Ultra-Fast,CCS2,Private,UPI,0.54,75.17,17.71,1331.26,418.42,71.61,13.22,828.01,22.8,3.5,Completed
SES-001779,2024-03-07,9,EV-082,Gurugram,Haryana,Own,DC Fast,CCS2,Fleet,UPI,0.82,46.39,13.32,617.91,253.79,126.31,9.77,228.04,48.5,3.8,Completed
SES-003017,2024-02-28,17,EV-089,Lucknow,Uttar Pradesh,Franchise,AC Level 2,CCS2,Fleet,Card,0.9,18.58,8.6,159.79,157.21,105.58,70.23,-173.23,39.2,4.4,Completed
SES-000832,2024-08-08,4,EV-016,Delhi,Delhi,Own,AC Level 2,Type 2,Corporate,Corporate Account,1.6,26.8,10.33,276.84,142.48,109.88,30.8,-6.32,37.0,4.3,Completed
SES-001364,2025-03-18,21,EV-003,Mumbai,Maharashtra,Own,DC Ultra-Fast,CCS2,Corporate,Card,3.0,180.0,17.43,3137.4,1190.52,154.72,69.4,1722.76,28.4,3.8,Completed
SES-002180,2025-03-17,3,EV-001,Hyderabad,Telangana,Franchise,AC Level 2,CCS2,Taxi/Ride-share,UPI,0.23,4.23,9.35,39.55,32.21,198.9,61.37,-252.93,13.2,3.7,Completed
SES-004628,2025-09-06,16,EV-066,Chennai,Tamil Nadu,Own,AC Level 2,CCS2,Taxi/Ride-share,UPI,1.25,23.19,9.63,223.32,142.3,133.82,15.07,-67.87,34.2,3.2,Completed
SES-000650,2025-07-16,20,EV-006,Delhi,Delhi,Partner,DC Fast,Type 2,Private,UPI,2.03,70.05,12.87,901.54,407.6,131.38,44.45,318.11,48.8,3.8,Completed
SES-003754,2024-11-29,19,EV-008,Bengaluru,Karnataka,Own,DC Fast,CCS2,Private,UPI,0.43,12.47,11.43,142.53,87.83,179.48,70.15,-194.93,42.6,3.5,Completed
SES-000328,2024-03-20,1,EV-013,Jaipur,Rajasthan,Own,DC Ultra-Fast,CCS2,Taxi/Ride-share,UPI,0.98,119.77,19.59,2346.29,716.82,216.6,42.14,1370.73,7.7,5.0,Completed
SES-002273,2024-04-05,19,EV-095,Ahmedabad,Gujarat,Franchise,DC Fast,Type 2,Taxi/Ride-share,Wallet,1.67,92.92,11.37,1056.5,726.4,189.13,65.14,75.83,46.9,3.9,Completed
SES-001865,2025-06-21,3,EV-044,Jaipur,Rajasthan,Own,DC Fast,CCS2,Private,UPI,0.21,5.95,14.38,85.56,47.11,160.16,71.6,-193.31,27.6,3.5,Completed
SES-004361,2024-03-25,8,EV-042,Hyderabad,Telangana,Partner,AC Level 2,CCS2,taxi/ride-share,Card,0.74,13.3,9.85,131.0,91.42,209.29,76.27,-245.98,38.3,4.9,Completed
SES-004716,2025-03-07,0,EV-065,Chennai,Tamil Nadu,Own,DC Fast,CCS2,Fleet,UPI,0.15,4.89,12.21,59.71,27.01,214.36,77.87,-259.53,18.0,5.0,Completed
SES-004993,2024-08-20,12,EV-013,Pune,Maharashtra,Own,AC Level 2,CCS2,Private,UPI,0.94,17.62,11.36,200.16,142.61,22.96,46.65,-12.06,24.7,4.9,Completed
SES-001126,2025-03-18,6,EV-098,Jaipur,Rajasthan,Franchise,AC Level 2,CCS2,Fleet,UPI,0.33,5.03,9.78,49.19,32.8,132.21,21.54,-137.36,41.3,4.2,Completed
SES-003986,2025-04-08,5,EV-073,Ahmedabad,Gujarat,Partner,AC Level 2,CCS2,Private,Wallet,0.15,3.02,8.29,25.04,17.39,105.3,22.81,-120.46,2.0,4.5,Completed
SES-001509,2024-05-10,8,EV-016,Delhi,Delhi,Own,DC Ultra-Fast,CCS2,Private,UPI,0.64,55.19,19.82,1093.87,450.17,285.52,79.95,278.23,17.0,4.5,Completed
SES-003663,2025-11-20,17,EV-011,Lucknow,Uttar Pradesh,Own,DC Fast,CCS2,Private,Corporate Account,3.03,112.52,12.85,1445.88,581.98,206.57,37.4,619.93,62.9,4.1,Completed
SES-003133,2024-03-30,5,EV-039,Chennai,Tamil Nadu,Own,AC Level 2,CCS2,Corporate,UPI,0.15,2.0,9.57,19.14,15.39,49.57,21.22,-67.04,18.1,3.9,Completed
SES-000301,2025-12-29,11,EV-053,Pune,Maharashtra,Own,DC Fast,CCS2,Private,Wallet,0.48,16.17,12.61,203.9,89.78,58.59,42.85,12.68,38.1,3.8,Completed
SES-001048,2025-11-30,15,EV-005,Ahmedabad,Gujarat,Partner,AC Level 2,CCS2,Private,Corporate Account,0.4,8.04,10.6,85.22,67.22,123.72,58.24,-163.96,26.2,3.8,Completed
SES-000261,2024-05-04,0,EV-062,Mumbai,Maharashtra,Own,DC Fast,CCS2,Private,Card,0.62,29.86,12.3,367.28,239.92,43.12,26.72,57.52,61.0,4.4,Completed
SES-002272,2025-02-08,8,EV-041,Lucknow,Uttar Pradesh,Franchise,DC Fast,Type 2,Private,UPI,0.62,30.73,15.39,472.93,253.94,31.6,51.04,136.35,29.4,4.1,Completed
SES-002305,2025-06-06,3,EV-006,Bengaluru,Karnataka,Own,AC Level 2,CCS2,Taxi/Ride-share,Card,1.6,31.32,8.13,254.63,257.98,186.66,47.65,-237.66,18.5,4.9,Completed
SES-001909,2024-10-05,21,EV-080,Bengaluru,Karnataka,Own,DC Fast,Type 2,Private,Wallet,0.21,6.52,12.37,80.65,51.83,86.23,64.82,-122.23,22.3,3.7,Completed
SES-001080,2024-01-23,15,EV-088,Ahmedabad,Gujarat,Franchise,AC Level 2,Type 2,Private,Card,0.73,11.7,11.71,137.01,75.61,158.8,79.25,-176.65,32.8,4.1,Completed
SES-003793,2024-10-24,1,EV-079,Hyderabad,Telangana,Own,DC Ultra-Fast,CCS2,Private,Corporate Account,0.98,131.96,18.81,2482.17,1002.54,109.63,31.26,1338.74,61.2,4.5,Completed
SES-004096,2025-09-09,13,EV-006,Bengaluru,Karnataka,Own,DC Fast,Type 2,Taxi/Ride-share,UPI,0.52,15.99,13.2,211.07,119.05,70.57,23.74,-2.29,22.0,3.7,Completed
SES-000480,2025-10-13,12,EV-016,Lucknow,Uttar Pradesh,Partner,DC Fast,Type 2,Private,UPI,0.34,16.0,12.49,199.84,95.58,111.0,22.69,-29.43,32.1,3.4,Completed
SES-003360,2025-05-19,13,EV-049,Lucknow,Uttar Pradesh,Own,AC Level 2,CCS2,Private,UPI,0.74,12.73,10.09,128.45,95.97,60.86,26.78,-55.16,23.8,3.5,Cancelled
SES-003999,2024-09-12,15,EV-065,Jaipur,Rajasthan,Franchise,AC Level 2,CCS2,Private,Card,0.7,12.39,9.88,122.41,69.73,112.95,51.32,-111.59,36.3,3.9,Failed
SES-001340,2024-06-02,0,EV-057,Mumbai,Maharashtra,Franchise,AC Level 2,CCS2,Taxi/Ride-share,Corporate Account,1.8,23.14,11.68,270.28,190.28,93.54,77.91,-91.45,20.2,3.2,Completed
SES-002424,2025-02-09,1,EV-094,Bengaluru,Karnataka,Own,AC Level 2,CCS2,Private,UPI,0.62,9.91,11.32,112.18,81.82,95.19,33.74,-98.57,40.7,4.1,Completed
SES-003260,2024-10-25,4,EV-033,Lucknow,Uttar Pradesh,Partner,DC Ultra-Fast,Type 2,Private,Card,1.23,156.08,17.22,2687.7,879.82,85.96,11.07,1710.85,40.2,3.9,Completed
SES-004944,2024-03-14,20,EV-013,Lucknow,Uttar Pradesh,Own,AC Level 2,CCS2,Private,Wallet,0.65,12.82,10.46,134.1,82.48,217.31,19.33,-185.02,27.3,4.3,Completed
SES-000513,2024-02-24,18,EV-070,Ahmedabad,Gujarat,Own,AC Level 2,CHAdeMO,Taxi/Ride-share,Card,0.9,17.8,9.99,177.82,93.5,79.9,49.89,-45.47,36.6,4.7,Completed
SES-002968,2024-11-20,1,EV-022,Ahmedabad,Gujarat,Own,DC Ultra-Fast,CCS2,Taxi/Ride-share,Card,1.06,72.74,17.99,1308.59,490.45,45.99,42.76,729.39,22.0,3.8,Completed
SES-000871,2024-02-22,13,EV-009,Hyderabad,Telangana,Partner,DC Fast,Type 2,Corporate,UPI,0.78,39.2,13.53,530.38,214.78,136.84,74.46,104.3,49.6,4.0,Completed
SES-004669,2024-05-28,17,EV-015,Jaipur,Rajasthan,Own,AC Level 2,CCS2,Taxi/Ride-share,Corporate Account,0.49,9.66,9.71,93.8,63.09,176.21,60.45,-205.95,35.7,3.6,Completed
SES-002460,2024-09-14,5,EV-047,Chennai,Tamil Nadu,Franchise,DC Ultra-Fast,CCS2,Private,UPI,0.37,43.31,19.43,841.51,250.13,136.98,56.92,397.48,17.7,3.9,Completed
SES-001436,2024-11-07,15,EV-068,Lucknow,Uttar Pradesh,Own,AC Level 2,Type 2,Fleet,UPI,0.39,7.02,11.78,82.7,42.29,128.59,51.17,-139.35,16.3,3.9,Completed
SES-002923,2024-08-25,4,EV-094,Pune,Maharashtra,Partner,AC Level 2,Type 2,Private,Wallet,0.5,5.61,9.53,53.46,41.71,56.71,7.69,-52.65,30.2,3.3,Completed
SES-001900,2024-04-25,10,EV-093,Ahmedabad,Gujarat,Own,DC Fast,CCS2,Corporate,Card,0.87,39.96,12.73,508.69,245.79,156.19,59.55,47.16,29.2,3.2,Completed
SES-001401,2024-07-26,13,EV-081,Jaipur,Rajasthan,Own,DC Ultra-Fast,CHAdeMO,Private,Wallet,1.45,164.37,14.27,2345.56,1111.86,230.96,23.32,979.42,54.3,4.0,Completed
SES-002311,2024-10-09,11,EV-091,Lucknow,Uttar Pradesh,Own,AC Level 2,Type 2,Private,UPI,1.06,18.69,8.71,162.79,151.25,70.18,9.36,-68.0,25.3,3.7,Completed
SES-002582,2024-05-07,8,EV-094,Pune,Maharashtra,Franchise,AC Level 2,CCS2,Fleet,UPI,1.12,16.59,10.37,172.04,115.8,216.64,31.36,-191.76,29.8,3.7,Completed
SES-001062,2024-10-25,8,EV-023,Delhi,Delhi,Own,AC Level 2,CHAdeMO,Private,Corporate Account,0.91,17.72,8.7,154.16,116.9,32.56,62.47,-57.77,36.4,4.5,Completed
SES-003731,2024-10-13,23,EV-096,Bengaluru,Karnataka,Own,AC Level 2,CCS2,Taxi/Ride-share,UPI,2.28,42.42,9.99,423.78,256.82,175.75,11.28,-20.07,59.4,4.1,Completed
SES-004406,2024-06-08,19,EV-031,Bengaluru,Karnataka,Own,DC Fast,CCS2,Corporate,UPI,0.53,22.5,11.35,255.38,113.02,164.86,29.64,-52.14,33.1,3.9,Completed
SES-004058,2024-07-31,3,EV-077,Pune,Maharashtra,Own,DC Fast,CHAdeMO,Private,Wallet,1.52,81.0,11.47,929.07,427.49,155.75,9.74,336.09,31.9,4.1,Completed
SES-004046,2025-05-12,5,EV-066,Lucknow,Uttar Pradesh,Own,AC Level 2,CHAdeMO,Fleet,Card,1.25,15.9,9.88,157.09,115.74,115.44,45.28,-119.37,36.9,4.0,Completed
SES-002775,2025-01-25,2,EV-084,Lucknow,Uttar Pradesh,Partner,DC Fast,CCS2,Taxi/Ride-share,UPI,1.39,62.13,14.0,869.82,332.34,125.77,39.58,372.13,40.0,4.6,Completed
SES-003053,2025-04-02,16,EV-029,Mumbai,Maharashtra,Own,DC Fast,Type 2,Private,UPI,1.07,42.44,13.34,566.15,352.14,102.53,23.27,88.21,38.1,4.0,Completed
SES-001134,2025-05-21,11,EV-064,Chennai,Tamil Nadu,Own,DC Fast,CCS2,Fleet,Wallet,0.45,22.69,11.22,254.58,157.47,141.64,32.02,-76.55,33.0,4.4,Completed
SES-000802,2025-11-20,10,EV-066,Ahmedabad,Gujarat,Own,AC Level 2,CCS2,Private,UPI,0.57,9.86,9.78,96.43,75.34,161.07,73.44,-213.42,48.9,4.1,Completed
SES-003439,2024-05-09,7,EV-086,Ahmedabad,Gujarat,Own,DC Ultra-Fast,CCS2,Taxi/Ride-share,UPI,0.8,59.62,16.13,961.67,476.59,297.22,17.65,170.21,43.3,4.3,Completed
SES-003085,2025-08-16,0,EV-087,Lucknow,Uttar Pradesh,Own,AC Level 2,CCS2,Private,Card,0.92,11.11,8.11,90.1,64.36,33.95,58.62,-66.83,16.5,3.7,Completed
SES-002178,2024-01-11,12,EV-023,Delhi,Delhi,Franchise,AC Level 2,Type 2,Taxi/Ride-share,UPI,1.49,17.74,9.81,174.03,121.21,127.17,70.22,-144.57,43.5,4.1,Completed
SES-001815,2024-02-25,11,EV-090,Jaipur,Rajasthan,Own,DC Fast,CHAdeMO,Private,Corporate Account,0.29,13.45,15.05,202.42,99.07,98.67,48.16,-43.48,38.8,4.5,Completed
SES-004646,2025-05-29,3,EV-047,Chennai,Tamil Nadu,Own,AC Level 2,CCS2,Private,Card,0.94,9.79,9.73,95.26,67.89,76.3,62.04,-110.97,32.9,5.0,Completed
SES-004721,2025-05-28,11,EV-036,Pune,Maharashtra,Franchise,AC Level 2,CHAdeMO,Taxi/Ride-share,Corporate Account,0.42,6.82,9.56,65.2,54.37,194.01,21.32,-204.5,33.9,4.1,Completed
SES-000510,2025-10-31,2,EV-087,Lucknow,Uttar Pradesh,Own,DC Fast,CCS2,Corporate,Wallet,2.41,115.68,15.33,1773.37,711.42,158.91,60.71,842.33,58.2,4.7,Completed
SES-002457,2025-03-31,8,EV-026,Chennai,Tamil Nadu,Franchise,DC Fast,CCS2,Fleet,UPI,2.14,60.25,15.04,906.16,337.59,194.44,44.0,330.13,30.5,5.0,Completed
SES-001305,2024-09-10,10,EV-096,Gurugram,Haryana,Own,AC Level 2,CCS2,Private,Card,1.58,21.54,9.69,208.72,147.26,192.37,65.78,-196.69,25.6,4.2,Completed
SES-000725,2025-02-02,6,EV-019,Delhi,Delhi,Partner,AC Level 2,CCS2,Corporate,Card,0.97,11.19,9.13,102.16,78.8,49.91,24.71,-51.26,27.4,3.2,Completed
SES-002504,2025-07-11,10,EV-031,Pune,Maharashtra,Own,DC Fast,Type 2,Private,Card,0.9,45.84,13.81,633.05,352.94,129.31,60.02,90.78,37.4,4.0,Completed
SES-001856,2024-01-02,14,EV-023,Chennai,Tamil Nadu,Franchise,AC Level 2,CCS2,Taxi/Ride-share,UPI,2.24,24.58,8.82,216.8,130.87,151.82,75.17,-141.06,43.7,4.2,Completed
SES-004597,2024-01-08,2,EV-044,Hyderabad,Telangana,Own,DC Fast,CCS2,Private, Corporate Account ,1.84,89.53,14.85,1329.52,593.41,41.26,18.97,675.88,53.8,3.8,Completed
SES-001745,2025-01-03,17,EV-071,Delhi,Delhi,Own,DC Fast,Type 2,Private,Card,1.34,74.92,12.15,910.28,618.99,72.95,15.85,202.49,44.0,4.1,Completed
SES-000067,2025-02-20,14,EV-068,Hyderabad,Telangana,Partner,DC Fast,Type 2,Private,Card,0.51,26.52,13.04,345.82,201.22,209.43,20.17,-85.0,16.6,4.1,Completed
SES-000761,2025-02-16,21,EV-096,Mumbai,Maharashtra,Franchise,AC Level 2,CCS2,Private,Card,0.83,10.7,11.03,118.02,83.94,28.84,71.49,-66.25,36.7,3.7,Completed
SES-001397,2024-09-02,3,EV-015,Lucknow,Uttar Pradesh,Partner,AC Level 2,CHAdeMO,Corporate,Corporate Account,1.98,40.4,9.18,370.87,212.87,74.87,34.14,48.99,52.7,3.9,Completed
SES-001622,2024-10-30,19,EV-017,Ahmedabad,Gujarat,Partner,AC Level 2,CCS2,Private,Corporate Account,0.4,5.98,10.37,62.01,36.79,143.13,23.87,-141.78,25.5,3.3,Completed
SES-000611,2025-02-06,6,EV-004,Pune,Maharashtra,Own,AC Level 2,CCS2,Taxi/Ride-share,UPI,1.14,16.85,9.72,163.78,98.47,149.58,67.98,-152.25,45.7,4.3,Completed
SES-000679,2024-03-28,22,EV-026,Delhi,Delhi,Franchise,DC Fast,CCS2,Taxi/Ride-share,UPI,0.15,4.09,14.79,60.49,34.62,86.0,74.69,-134.82,29.4,4.8,Completed
SES-002788,2025-02-16,19,EV-005,Bengaluru,Karnataka,Partner,DC Fast,CCS2,Private,Wallet,4.47,127.78,13.85,1769.75,834.6,61.62,46.46,827.07,94.5,3.9,Completed
SES-000373,2024-03-12,3,EV-099,Hyderabad,Telangana,Franchise,AC Level 2,CCS2,Private,UPI,2.15,43.28,10.12,437.99,229.41,145.59,20.09,42.9,63.2,4.4,Completed
SES-004903,2024-10-06,7,EV-037,Chennai,Tamil Nadu,Franchise,DC Fast,Type 2,Private,UPI,0.9,30.98,13.23,409.87,186.81,162.82,39.59,20.65,33.9,4.7,Cancelled
SES-003729,2025-08-01,4,EV-023,Delhi,Delhi,Own,DC Fast,CHAdeMO,Private,UPI,0.52,16.83,11.65,196.07,112.51,141.46,61.63,-119.53,2.0,3.1,Completed
SES-002159,2024-02-08,4,EV-088,Bengaluru,Karnataka,Own,DC Fast,CCS2,Taxi/Ride-share,Card,1.46,55.67,15.45,860.1,398.43,70.3,60.48,330.89,27.5,3.8,Completed
SES-004871,2024-01-22,8,EV-027,Jaipur,Rajasthan,Partner,DC Fast,CHAdeMO,Taxi/Ride-share,Corporate Account,0.29,11.66,14.48,168.84,82.34,186.84,35.75,-136.09,2.5,4.4,Completed
SES-002125,2025-04-24,1,EV-066,Mumbai,Maharashtra,Own,AC Level 2,Type 2,Private,Card,1.73,30.4,11.28,342.91,215.48,184.28,66.9,-123.75,43.1,4.3,Completed
SES-002676,2025-08-09,16,EV-081,Bengaluru,Karnataka,Own, AC Level 2 ,CCS2,Taxi/Ride-share,Corporate Account,1.5,17.63,10.78,190.05,92.06,213.06,16.62,-131.69,15.3,3.6,Completed
SES-002119,2025-06-04,2,EV-087,Bengaluru,Karnataka,Partner,DC Fast,CCS2,Private,Wallet,2.21,85.47,11.52,984.61,476.66,151.07,42.79,314.09,53.6,4.7,Completed
SES-004947,2025-11-06,7,EV-035,Lucknow,Uttar Pradesh,Own,AC Level 2,Type 2,Taxi/Ride-share,Card,1.41,16.41,11.62,190.68,126.3,21.19,61.84,-18.65,29.2,4.8,Completed
SES-002350,2025-03-13,22,EV-055,Pune,Maharashtra,Own,AC Level 2,CCS2,Private,UPI,0.33,3.51,8.42,29.55,24.29,43.74,62.79,-101.27,26.3,4.5,Completed
SES-001153,2024-06-10,12,EV-097,Mumbai,Maharashtra,Own,DC Fast,CCS2,Private,Wallet,1.09,34.26,12.69,434.76,232.98,34.24,22.43,145.11,44.7,3.5,Completed
SES-001716,2024-08-03,20,EV-057,Pune,Maharashtra,Own,AC Level 2,CCS2,Private,Card,0.4,6.08,10.74,65.3,38.13,70.15,41.54,-84.52,11.0,4.1,Completed
SES-004692,2025-04-23,23,EV-054,Gurugram,Haryana,Own,DC Fast,CCS2,Private,Wallet,1.08,31.88,13.4,427.19,231.55,122.55,35.08,38.01,42.4,4.6,Completed
SES-000243,2024-07-25,22,EV-017,Hyderabad,Telangana,Own,AC Level 2,Type 2,Private,Wallet,0.56,8.35,11.86,99.03,68.72,156.37,44.29,-170.35,30.8,3.9,Completed
SES-004392,2025-04-26,0,EV-028,Jaipur,Rajasthan,Partner,AC Level 2,CHAdeMO,Private,Wallet,2.74,51.01,10.09,514.69,292.81,33.76,16.05,172.07,32.9,3.9,Completed
SES-000215,2024-06-15,14,EV-045,Lucknow,Uttar Pradesh,Own,AC Level 2,CHAdeMO,Taxi/Ride-share,Wallet,3.35,59.13,8.22,486.05,328.02,99.77,35.0,23.26,81.4,3.2,Completed
SES-001261,2025-10-08,8,EV-019,Delhi,Delhi,Partner,AC Level 2,CCS2,Private,UPI,0.64,7.13,8.45,60.25,47.48,130.87,21.63,-139.73,32.7,3.9,Completed
SES-003411,2024-08-27,22,EV-043,Hyderabad,Telangana,Franchise,DC Fast,Type 2,Taxi/Ride-share,UPI,0.55,28.12,13.59,382.15,189.76,59.3,63.92,69.17,34.9,4.4,Completed
SES-003331,2025-09-07,22,EV-017,Pune,Maharashtra,Own,DC Fast,CCS2,Private,Wallet,0.32,15.6,15.59,243.2,91.56,75.08,60.7,15.86,19.7,3.1,Completed
SES-002213,2025-11-03,21,EV-082,Delhi,Delhi,Own,DC Fast,Type 2,Taxi/Ride-share,Card,1.07,52.25,14.1,736.72,394.93,95.58,42.27,203.94,46.7,3.5,Completed
SES-000453,2024-12-15,12,EV-060,Delhi,Delhi,Partner,AC Level 2,CCS2,Corporate,UPI,0.85,16.69,8.61,143.7,90.91,212.75,35.56,-195.52,20.8,4.4,Completed
SES-004342,2024-03-17,12,EV-093,Lucknow,Uttar Pradesh,Own,AC Level 2,CCS2,Private,Card,0.71,7.22,8.81,63.61,59.26,152.36,60.15,-208.16,21.9,3.3,Completed
SES-004892,2025-04-05,20,EV-054,Hyderabad,Telangana,Franchise,DC Fast,CCS2,Private,Corporate Account,1.04,41.92,13.16,551.67,348.27,38.92,48.12,116.36,34.8,3.5,Completed
SES-001380,2024-08-09,5,EV-098,Ahmedabad,Gujarat,Own,AC Level 2,Type 2,Private,Card,0.95,14.12,10.56,149.11,111.27,159.65,7.1,-128.91,28.2,3.6,Completed
SES-003967,2024-03-14,17,EV-088,Gurugram,Haryana,Franchise,AC Level 2,CCS2,Private,Card,1.06,18.04,11.93,215.22,117.4,108.95,33.17,-44.3,27.0,4.5,Completed
SES-000424,2025-05-07,10,EV-080,Ahmedabad,Gujarat,Own,AC Level 2,Type 2,Taxi/Ride-share,Corporate Account,0.78,9.65,8.3,80.1,67.77,87.93,71.87,-147.47,26.4,3.6,Completed
SES-001795,2025-06-21,2,EV-026,Mumbai,Maharashtra,Franchise,AC Level 2,CHAdeMO,Private,UPI,0.88,10.7,10.07,107.75,81.07,31.87,45.23,-50.42,38.0,3.7,Completed
SES-002376,2025-02-21,5,EV-011,Lucknow,Uttar Pradesh,Franchise,AC Level 2,CCS2,Taxi/Ride-share,Card,1.37,15.2,10.95,166.44,102.64,38.1,30.11,-4.41,39.0,3.9,Completed
SES-002149,2025-06-15,22,EV-039,Pune,Maharashtra,Franchise,DC Ultra-Fast,CCS2,Private,Card,0.61,45.65,16.47,751.86,297.12,242.37,6.22,206.15,56.7,4.4,Completed
SES-001333,2024-11-21,23,EV-026,Delhi,Delhi,Partner,AC Level 2,Type 2,Corporate,UPI,1.03,15.65,10.4,162.76,85.05,106.51,40.07,-68.87,18.2,4.3,Completed
SES-004221,2025-08-23,10,EV-042,Gurugram,Haryana,Partner,DC Fast,CCS2,Corporate,UPI,0.76,38.64,14.65,566.08,213.33,171.79,45.09,135.87,27.6,3.2,Completed
SES-004053,2024-04-26,13,EV-091,Gurugram,Haryana,Partner,DC Fast,CCS2,Private,UPI,0.61,26.19,14.56,381.33,185.1,131.71,8.87,55.65,22.2,3.2,Completed
SES-004982,2025-04-17,12,EV-051,Jaipur,Rajasthan,Own,AC Level 2,CCS2,Private,UPI,1.47,14.65,8.81,129.07,93.51,126.3,72.09,-162.83,45.3,4.9,Completed
SES-002677,2025-10-11,17,EV-054,Bengaluru,Karnataka,Franchise,DC Ultra-Fast,CHAdeMO,Fleet,UPI,0.52,68.4,15.96,1091.66,346.56,234.9,61.77,448.43,11.8,3.2,Completed
SES-001720,2024-06-27,7,EV-059,Jaipur,Rajasthan,Own,AC Level 2,Type 2,Fleet,Corporate Account,0.59,8.66,8.58,74.3,44.56,198.87,26.11,-195.24,28.2,5.0,Completed
SES-001918,2025-04-26,16,EV-061,Bengaluru,Karnataka,Own,AC Level 2,CCS2,Corporate,Wallet,1.3,12.98,9.73,126.3,110.25,47.01,76.49,-107.45,44.5,3.9,Completed
SES-001679,2024-07-16,7,EV-036,Gurugram,Haryana,Franchise,AC Level 2,CCS2,Private,UPI,0.34,6.44,8.84,56.93,38.96,127.9,45.78,-155.71,32.7,3.4,Completed
SES-000076,2025-10-07,13,EV-083,Gurugram,Haryana,Franchise,AC Level 2,Type 2,Private,UPI,0.77,7.96,9.14,72.75,55.85,130.86,30.93,-144.89,20.8,3.4,Completed
SES-000684,2024-07-09,8,EV-048,Gurugram,Haryana,Own,DC Fast,CCS2,Fleet,Card,0.68,21.87,15.84,346.42,113.86,63.3,52.1,117.16,28.6,4.4,Completed
SES-001786,2024-01-06,20,EV-065,Pune,Maharashtra,Own,DC Fast,CCS2,Private,Card,0.65,24.05,15.35,369.17,145.92,160.77,38.91,23.57,24.8,4.6,Completed
SES-004548,2024-10-17,12,EV-035,Ahmedabad,Gujarat,Partner,DC Fast,CCS2,Private,Card,0.42,23.37,14.58,340.73,119.57,83.42,23.45,114.29,39.8,4.2,Completed
SES-001092,2024-05-15,14,EV-098,Chennai,Tamil Nadu,Partner,DC Fast,CHAdeMO,Fleet,UPI,0.91,24.65,11.68,287.91,205.36,105.25,16.11,-38.81,30.6,3.3,Completed
SES-002215,2025-01-24,10,EV-072,Gurugram,Haryana,Partner,AC Level 2,CHAdeMO,Private,UPI,1.3,13.7,10.78,147.69,101.84,202.07,34.76,-190.98,40.4,3.1,Cancelled
SES-000935,2024-05-03,19,EV-067,Ahmedabad,Gujarat,Franchise,DC Fast,Type 2,Private,UPI,0.97,34.46,13.9,478.99,190.9,59.19,30.67,198.23,38.4,3.6,Completed
SES-001506,2025-06-06,7,EV-046,Hyderabad,Telangana,Franchise,DC Ultra-Fast,CCS2,Taxi/Ride-share,Card,1.24,164.26,16.15,2652.8,879.95,302.22,78.8,1391.83,56.7,3.5,Completed
SES-001833,2025-09-17,10,EV-050,Lucknow,Uttar Pradesh,Partner,AC Level 2,Type 2,Private,UPI,0.98,10.54,10.96,115.52,66.9,101.44,54.85,-107.67,17.2,3.0,Completed
SES-002179,2025-09-30,13,EV-081,Hyderabad,Telangana,Own,DC Fast,CCS2,Private,UPI,0.62,28.87,15.19,438.54,171.78,146.72,17.11,102.93,29.6,3.6,Completed
SES-002086,2024-02-24,23,EV-092,Hyderabad,Telangana,Own,AC Level 2,CCS2,Taxi/Ride-share,Card,1.09,20.12,9.39,188.93,116.97,149.31,45.79,-123.14,36.6,4.2,Completed
SES-001994,2024-12-19,21,EV-056,Lucknow,Uttar Pradesh,Franchise,AC Level 2,CCS2,Fleet,Wallet,0.62,10.75,8.37,89.98,59.4,161.44,53.31,-184.17,25.4,4.4,Completed
SES-002640,2025-06-26,4,EV-066,Mumbai,Maharashtra,Own,AC Level 2,Type 2,Private,Corporate Account,1.77,24.19,9.43,228.11,165.3,149.17,5.58,-91.94,40.6,3.8,Completed
SES-000666,2024-02-25,3,EV-051,Pune,Maharashtra,Own,AC Level 2,CCS2,Fleet,UPI,0.3,4.26,8.27,35.23,29.62,202.3,46.71,-243.4,25.6,4.9,Completed
SES-003201,2024-03-24,3,EV-096,Ahmedabad,Gujarat,Partner,DC Fast,CHAdeMO,Private,Wallet,0.3,10.42,13.48,140.46,57.51,37.54,49.67,-4.26,20.3,4.3,Completed
SES-004991,2024-12-08,9,EV-058,Hyderabad,Telangana,Franchise,DC Fast,CCS2,Private,Wallet,0.17,5.76,12.87,74.13,46.61,132.34,19.83,-124.65,31.7,4.0,Completed
SES-001446,2025-06-29,8,EV-018,Mumbai,Maharashtra,Partner,AC Level 2,CCS2,Private,UPI,0.84,15.57,11.33,176.41,81.08,49.99,26.93,18.41,48.0,4.8,Completed
SES-001573,2024-09-21,8,EV-020,Hyderabad,Telangana,Franchise,DC Fast,CCS2,Private,UPI,0.15,4.81,13.29,63.92,37.22,110.15,14.81,-98.26,6.1,4.4,Completed
SES-002177,2024-11-02,3,EV-099,Ahmedabad,Gujarat,Partner,DC Fast,Type 2,Corporate,Wallet,0.87,33.27,12.31,409.55,282.64,22.44,76.46,28.01,47.5,4.5,Completed
SES-001727,2025-07-10,6,EV-048,Pune,Maharashtra,Partner,AC Level 2,CCS2,Fleet,Card,0.69,8.16,8.21,66.99,55.59,123.59,42.86,-155.05,14.7,5.0,Completed
SES-001816,2024-05-11,1,EV-088,Chennai,Tamil Nadu,Own,DC Fast,CCS2,Fleet,UPI,0.97,35.76,11.33,405.16,300.65,49.23,47.85,7.43,37.8,4.3,Completed
SES-001231,2025-12-18,23,EV-086,Hyderabad,Telangana,Franchise,DC Fast,CCS2,Fleet,UPI,0.85,40.69,12.64,514.32,211.11,53.46,33.65,216.1,16.4,4.9,Completed
SES-003673,2025-04-06,20,EV-039,Lucknow,Uttar Pradesh,Franchise,DC Fast,CCS2,Private,Wallet,1.98,67.5,15.27,1030.72,402.83,67.09,10.34,550.46,26.7,3.2,Completed
SES-002556,2024-03-07,6,EV-027,Jaipur,Rajasthan,Franchise,DC Fast,CCS2,Taxi/Ride-share,Wallet,0.95,32.38,15.72,509.01,211.27,48.22,30.22,219.3,15.4,3.7,Completed
SES-000949,2025-10-07,10,EV-016,Chennai,Tamil Nadu,Own,DC Ultra-Fast,Type 2,Private,UPI,1.3,111.06,14.47,1607.04,773.8,131.82,71.93,629.49,50.2,4.4,Completed
SES-003730,2024-01-19,20,EV-072,Lucknow,Uttar Pradesh,Own,DC Fast,CCS2,Private,UPI,2.66,111.12,14.82,1646.8,726.29,160.23,77.68,682.6,59.8,4.0,Completed
SES-003113,2025-07-04,16,EV-040,Chennai,Tamil Nadu,Own,AC Level 2,CCS2,Private,Card,0.85,16.89,8.89,150.15,107.31,111.34,50.23,-118.73,39.5,3.9,Completed
SES-004689,2025-06-22,7,EV-062,Chennai,Tamil Nadu,Own,DC Fast,Type 2,Corporate,Card,1.35,74.54,13.04,972.0,428.39,85.58,43.83,414.2,58.6,4.7,Completed
SES-002219,2024-09-07,20,EV-071,Mumbai,Maharashtra,Franchise,AC Level 2,CCS2,Taxi/Ride-share,Card,2.16,40.94,8.09,331.2,218.89,163.03,15.2,-65.92,95.9,3.8,Completed
SES-000356,2025-09-22,9,EV-055,Chennai,Tamil Nadu,Own,AC Level 2,CCS2,Taxi/Ride-share,Card,0.48,8.01,10.84,86.83,53.72,194.02,72.11,-233.02,32.9,4.8,Completed
SES-001691,2025-11-18,14,EV-088,Hyderabad,Telangana,Partner,DC Fast,CCS2,Private,Wallet,1.17,65.76,14.33,942.34,392.38,194.62,29.88,325.46,39.2,4.8,Completed
SES-001320,2025-11-23,15,EV-083,Ahmedabad,Gujarat,Own,DC Ultra-Fast,Type 2,Private,UPI,0.83,78.8,19.47,1534.24,650.33,108.23,17.55,758.13,43.2,4.0,Completed
SES-001980,2024-12-05,0,EV-027,Delhi,Delhi,Own,DC Fast,Type 2,Taxi/Ride-share,UPI,0.83,31.66,12.27,388.47,268.75,29.38,29.13,61.21,39.4,4.0,Completed
SES-002738,2024-06-30,8,EV-068,Mumbai,Maharashtra,Partner,AC Level 2,CCS2,Private,Corporate Account,1.28,16.7,9.49,158.48,120.09,22.63,5.52,10.24,55.9,3.8,Completed
SES-000448,2024-06-23,4,EV-091,Delhi,Delhi,Own,AC Level 2,CCS2,Corporate,UPI,0.15,2.58,10.74,27.71,15.91,111.54,53.42,-153.16,23.8,3.7,Completed
SES-002008,2025-10-18,14,EV-021,Bengaluru,Karnataka,Own,AC Level 2,Type 2,Private,UPI,0.63,8.18,10.82,88.51,42.2,66.51,47.25,-67.45,28.7,4.5,Completed
SES-003708,2024-07-17,23,EV-055,Chennai,Tamil Nadu,Own,DC Fast,CCS2,Private,Wallet,0.26,12.55,13.89,174.32,87.15,40.15,20.73,26.29,24.9,4.0,Completed
SES-000815,2025-03-09,16,EV-003,Chennai,Tamil Nadu,Own,DC Fast,CCS2,Private,UPI,1.32,52.74,14.25,751.54,329.88,104.04,12.39,305.23,13.1,4.1,Completed
SES-002685,2025-11-03,5,EV-090,Pune,Maharashtra,Own,AC Level 2,Type 2,Fleet,UPI,0.47,5.18,9.88,51.18,28.02,213.36,52.7,-242.9,42.5,4.2,Completed
SES-004921,2024-10-22,14,EV-051,Chennai,Tamil Nadu,Own,DC Ultra-Fast,Type 2,Private,Corporate Account,0.23,24.43,16.18,395.28,123.26,215.81,72.5,-16.29,27.3,3.8,Completed
SES-000057,2024-04-29,18,EV-058,Mumbai,Maharashtra,Franchise,AC Level 2,CCS2,Taxi/Ride-share,Card,1.01,10.6,8.97,95.08,63.82,205.76,38.18,-212.68,30.1,3.8,Completed
SES-002964,2024-11-19,14,EV-069,Delhi,Delhi,Franchise,DC Fast,CCS2,Corporate,UPI,0.36,13.52,15.81,213.75,102.33,146.03,18.2,-52.81,12.9,3.3,Cancelled
SES-000856,2025-11-03,18,EV-096,Delhi,Delhi,Own,AC Level 2,CHAdeMO,Fleet,Card,0.74,11.88,11.34,134.72,91.65,134.9,54.09,-145.92,36.1,4.0,Failed
SES-000932,2024-06-14,17,EV-013,Bengaluru,Karnataka,Franchise,DC Ultra-Fast,Type 2,Private,Wallet,1.5,180.0,15.73,2831.4,922.12,278.99,15.05,1615.24,49.9,5.0,Completed
SES-004539,2025-03-30,16,EV-010,Bengaluru,Karnataka,Franchise,DC Fast,CHAdeMO,Private,Card,3.02,155.63,14.59,2270.64,1133.18,112.25,11.17,1014.04,65.5,3.1,Completed
SES-004707,2025-12-30,17,EV-005,Mumbai,Maharashtra,Own,DC Fast,Type 2,Taxi/Ride-share,UPI,0.92,47.7,15.35,732.2,322.13,209.35,29.33,171.39,50.5,4.2,Completed
SES-002016,2024-11-25,7,EV-018,Pune,Maharashtra,Own,DC Fast,CCS2,Fleet,Wallet,0.6,25.62,12.71,325.63,172.91,122.47,10.02,20.23,41.3,4.7,Completed
SES-004815,2024-08-24,22,EV-016,Pune,Maharashtra,Own,AC Level 2,CHAdeMO,Fleet,UPI,0.74,9.8,11.08,108.58,51.88,185.12,31.92,-160.34,14.2,3.8,Completed
SES-002578,2024-09-28,16,EV-031,Lucknow,Uttar Pradesh,Partner,AC Level 2,CCS2,Private,UPI,0.38,5.85,11.46,67.04,33.32,69.09,35.47,-70.84,13.4,4.3,Completed
SES-003914,2025-02-26,7,EV-094,Lucknow,Uttar Pradesh,Franchise,AC Level 2,CHAdeMO,Corporate,Wallet,0.79,15.76,8.48,133.64,133.09,110.6,18.41,-128.46,37.7,4.5,Completed
SES-004700,2024-03-21,21,EV-072,Bengaluru,Karnataka,Franchise,AC Level 2,CCS2,Private,UPI,0.67,11.01,11.91,131.13,64.07,191.34,15.32,-139.6,16.4,4.1,Completed
SES-002080,2024-03-24,7,EV-057,Ahmedabad,Gujarat,Own,AC Level 2,Type 2,Taxi/Ride-share,UPI,2.98,53.06,11.53,611.78,346.71,46.28,62.51,156.28,70.1,3.0,Completed
SES-001603,2024-07-29,20,EV-027,Lucknow,Uttar Pradesh,Franchise,AC Level 2,CCS2,Private,Card,0.15,2.89,8.4,24.28,18.91,69.51,56.98,-121.12,21.3,4.2,Completed
SES-002170,2024-07-25,19,EV-083,Ahmedabad,Gujarat,Partner,,CHAdeMO,Corporate,Corporate Account,1.24,20.87,11.5,240.01,150.35,163.59,42.62,-116.55,24.9,4.0,Completed
SES-000743,2024-11-13,0,EV-035,Lucknow,Uttar Pradesh,Franchise,AC Level 2,CCS2, Private ,UPI,0.56,7.86,9.63,75.69,40.45,112.9,39.16,-116.82,12.8,3.4,Completed
SES-000062,2025-07-20,23,EV-077,Chennai,Tamil Nadu,Franchise,AC Level 2,CHAdeMO,Private,UPI,2.27,35.46,10.71,379.78,278.3,175.42,32.82,-106.76,25.0,,Completed
SES-002886,2024-05-20,22,EV-074,Ahmedabad,Gujarat,Franchise,DC Fast,CCS2,Private,UPI,1.32,60.59,11.92,722.23,462.18,138.42,57.19,64.44,56.2,4.7,Completed
SES-000810,2024-10-14,22,EV-045,Gurugram,Haryana,Own,AC Level 2,Type 2,Fleet,UPI,0.93,18.4,9.64,177.38,133.48,191.14,7.28,-154.52,30.4,3.7,Completed
SES-000595,2024-01-13,5,EV-010,Hyderabad,Telangana,Own,DC Fast,CCS2,Corporate,Card,1.62,52.55,14.76,775.64,320.88,165.42,24.15,265.19,30.3,4.6,Completed
SES-001510,2025-11-27,10,EV-024,Gurugram,Haryana,Franchise,AC Level 2,CCS2,Corporate,Wallet,1.92,36.49,9.76,356.14,217.98,134.49,78.99,-75.32,20.3,4.1,Completed
SES-000878,2025-01-24,19,EV-099,Pune,Maharashtra,Own,DC Fast,CCS2,Fleet,UPI,0.88,46.2,11.59,535.46,259.97,110.9,27.57,137.02,24.4,4.0,Cancelled
SES-000381,2025-08-17,0,EV-068,Delhi,Delhi,Own,AC Level 2,CCS2,Private,Corporate Account,0.51,10.25,9.41,96.45,84.61,41.82,51.58,-81.56,29.7,3.7,Completed
SES-002628,2025-12-27,12,EV-001,Hyderabad,Telangana,Own,DC Ultra-Fast,CHAdeMO,Taxi/Ride-share,Wallet,2.47,174.71,15.81,2762.17,1323.76,172.41,9.44,1256.56,33.9,4.8,Completed
SES-004971,2024-03-14,14,EV-078,Chennai,Tamil Nadu,Partner,DC Fast,CCS2,Fleet,Card,1.11,51.69,11.32,585.13,269.33,130.75,71.39,113.66,40.5,3.5,Completed
SES-003278,2025-02-19,22,EV-091,Hyderabad,Telangana,Franchise,AC Level 2,CCS2,Private,Corporate Account,2.41,49.52,9.51,470.94,309.9,62.9,9.05,89.09,53.8,3.7,Completed
SES-004522,2025-06-08,10,EV-032,Chennai,Tamil Nadu,Franchise,AC Level 2,CCS2,Taxi/Ride-share,UPI,0.81,8.54,11.46,97.87,52.88,181.72,25.87,-162.6,35.1,4.2,Completed
SES-002585,2025-04-17,2,EV-029,Lucknow,Uttar Pradesh,Partner,DC Fast,CCS2,Private,UPI,1.28,53.96,13.53,730.08,289.86,87.92,50.53,301.77,2.0,4.6,Completed
SES-001884,2025-10-07,10,EV-075,Gurugram,Haryana,Own,DC Fast,CHAdeMO,Private,UPI,0.48,23.8,13.6,323.68,131.77,173.77,21.14,-3.0,32.7,3.9,Completed
SES-003686,2024-02-11,20,EV-031,bengaluru,Karnataka,Own,AC Level 2,Type 2,Private,Corporate Account,1.17,14.94,9.44,141.03,116.68,62.35,61.67,-99.67,39.2,3.8,Completed
SES-002534,2024-03-20,1,EV-090,Jaipur,Rajasthan,Partner,DC Ultra-Fast,CCS2,Taxi/Ride-share,Card,1.9,180.0,15.34,2761.2,1360.07,211.81,38.6,1150.72,28.7,4.1,Completed
SES-001827,2024-12-04,20,EV-075,Delhi,Delhi,Partner,AC Level 2,CCS2,Fleet,Card,3.01,58.01,9.45,548.19,461.09,154.44,25.76,-93.1,74.2,5.0,Completed
SES-000829,2025-01-11,17,EV-049,Chennai,Tamil Nadu,Own,DC Ultra-Fast,Type 2,Fleet,Card,0.24,16.56,18.77,310.83,96.9,248.44,78.58,-113.09,21.8,3.2,Completed
SES-001220,2024-11-05,7,EV-020,Gurugram,Haryana,Franchise,AC Level 2,Type 2,Private,Wallet,0.55,8.95,11.52,103.1,68.86,165.44,66.1,-197.3,27.4,4.1,Completed
SES-002854,2024-09-13,10,EV-090,Jaipur,Rajasthan,Own,DC Fast,CHAdeMO,Private,UPI,1.32,66.4,13.51,897.06,429.81,113.76,42.62,310.87,51.1,5.0,Completed
SES-004176,2025-04-07,21,EV-002,Hyderabad,Telangana,Partner,DC Fast,CCS2,Corporate,Wallet,0.47,21.04,12.24,257.53,170.55,181.52,63.67,-158.21,15.2,3.9,Completed
SES-000307,2025-09-02,15,EV-070,Hyderabad,Telangana,Own,AC Level 2,CCS2,Fleet,UPI,0.35,3.97,8.73,34.66,31.82,23.89,45.16,-66.21,12.6,3.8,Completed
SES-004456,2024-06-10,18,EV-044,Mumbai,Maharashtra,Franchise,DC Fast,CCS2,Taxi/Ride-share,UPI,0.67,36.55,11.33,414.11,235.19,181.94,8.7,-11.72,40.0,3.6,Completed
SES-002104,2024-08-19,14,EV-003,Chennai,Tamil Nadu,Own,AC Level 2,CHAdeMO,Private,Card,0.62,11.48,10.86,124.67,63.56,64.67,49.93,-53.49,32.2,4.4,Completed
SES-000507,2024-07-05,17,EV-001, Bengaluru ,Karnataka,Own,AC Level 2,CCS2,Private,UPI,0.64,11.33,11.02,124.86,78.2,126.17,52.11,-131.62,29.6,4.2,Completed
SES-002538,2025-08-17,14,EV-026,Lucknow,Uttar Pradesh,Partner,DC Fast,Type 2,Private,Card,1.6,68.81,11.77,809.89,577.38,165.98,54.54,11.99,34.8,4.3,Completed
SES-000481,2024-02-15,9,EV-099,Hyderabad,Telangana,Partner,DC Fast,Type 2,Fleet,UPI,1.5,71.4,11.41,814.67,603.38,143.52,74.57,-6.8,39.4,5.0,Completed
SES-000609,2024-09-28,23,EV-084,Chennai,Tamil Nadu,Own,DC Fast,CCS2,Corporate,UPI,1.22,63.38,15.51,983.02,483.01,216.42,39.51,244.08,26.2,3.7,Cancelled
SES-002905,2024-10-18,16,EV-058,Jaipur,Rajasthan,Own,AC Level 2,CCS2,Taxi/Ride-share,Wallet,1.43,25.71,9.65,248.1,186.97,31.14,24.65,5.34,47.3,3.6,Completed
SES-001411,2025-02-28,17,EV-087,Gurugram,Haryana,Franchise,DC Fast,CCS2,Fleet,UPI,0.21,7.85,12.01,94.28,66.04,28.96,17.5,-18.22,40.4,4.5,Completed
SES-001282,2024-10-23,5,EV-026,Jaipur,Rajasthan,Own,DC Fast,CHAdeMO,Corporate,Card,0.23,7.82,14.85,116.13,60.04,136.69,67.63,-148.23,2.0,4.2,Completed
SES-001240,2024-08-30,6,EV-022,Chennai,Tamil Nadu,Franchise,DC Fast,CCS2,Private,UPI,0.85,26.35,11.73,309.09,140.11,203.27,48.0,-82.29,15.7,4.7,Completed
SES-004685,2025-09-10,11,EV-044,Mumbai,Maharashtra,Own,AC Level 2,CCS2,Private,UPI,0.48,9.24,10.56,97.57,60.39,49.14,30.63,-42.59,32.6,5.0,Completed
SES-004864,2025-07-25,12,EV-088,Bengaluru,Karnataka,Own,DC Fast,CHAdeMO,Corporate,UPI,1.16,45.51,15.17,690.39,237.17,116.61,14.8,321.81,34.7,4.0,Completed
SES-002972,2024-10-10,7,EV-033,Mumbai,Maharashtra,Partner,DC Ultra-Fast,CCS2,Fleet,Wallet,0.62,58.87,18.85,1109.7,356.5,105.55,70.22,577.43,28.0,4.7,Completed
SES-004757,2025-11-06,0,EV-051,Jaipur,Rajasthan,Own,DC Fast,CCS2,Private,UPI,1.91,59.67,15.76,940.4,328.56,83.58,70.91,457.35,20.8,4.2,Completed
SES-004541,2024-08-09,11,EV-075,Pune,Maharashtra,Franchise,AC Level 2,Type 2,Corporate,Card,1.71,27.24,8.15,222.01,204.02,201.23,40.09,-223.33,11.6,3.1,Completed
SES-002352,2025-08-29,17,EV-099,Jaipur,Rajasthan,Own,DC Fast,CCS2,Fleet,UPI,1.84,92.01,11.11,1022.23,497.28,207.86,16.66,300.43,29.4,3.5,Completed
SES-001812,2025-10-11,1,EV-002,Pune,Maharashtra,Own,DC Fast,CHAdeMO,Taxi/Ride-share,UPI,2.16,96.22,14.64,1408.66,700.83,125.08,45.03,537.72,29.6,4.3,Cancelled
SES-000037,2025-04-11,22,EV-052,Lucknow,Uttar Pradesh,Own,DC Ultra-Fast,CCS2,Private,UPI,1.01,109.87,15.54,1707.38,800.19,77.45,10.97,818.77,11.3,4.9,Completed
SES-000859,2024-08-11,13,EV-031,Bengaluru,Karnataka,Partner,DC Fast,CCS2,Private,Wallet,2.03,101.33,11.19,1133.88,655.39,116.66,57.9,303.93,43.0,4.9,Cancelled
SES-001796,2024-01-04,4,EV-030,Lucknow,Uttar Pradesh,Partner,DC Fast,CCS2,Corporate,Wallet,0.67,37.02,14.46,535.31,306.93,214.96,62.44,-49.02,37.2,3.7,Completed
SES-001799,2024-12-24,9,EV-083,Ahmedabad,Gujarat,Franchise,AC Level 2,CHAdeMO,Taxi/Ride-share,Corporate Account,1.84,20.37,11.93,243.01,114.98,55.52,5.34,67.17,44.3,4.0,Completed
SES-000454,2025-09-30,10,EV-034,Delhi,Delhi,Own,AC Level 2,CCS2,Taxi/Ride-share,UPI,1.86,27.85,11.25,313.31,205.43,77.31,52.93,-22.36,27.4,3.9,Completed
SES-001617,2024-07-18,4,EV-009,Lucknow,Uttar Pradesh,Own,DC Ultra-Fast,Type 2,Corporate,UPI,0.53,50.0,15.63,781.5,377.55,207.61,54.73,141.61,14.8,4.9,Completed
SES-003871,2024-12-15,18,EV-010,Mumbai,Maharashtra,Partner,DC Fast,CCS2,Private,Card,0.63,28.39,13.82,392.35,165.67,209.12,28.06,-10.5,14.3,4.7,Failed
SES-004244,2024-10-03,18,EV-052,Delhi,Delhi,Franchise,DC Fast,Type 2,Private,Card,2.14,93.19,15.44,1438.85,601.07,76.28,39.25,722.25,67.3,4.5,Completed
SES-002577,2024-01-09,9,EV-046,Pune,Maharashtra,Own,DC Fast,CCS2,Private,Wallet,0.42,14.34,11.32,162.33,108.95,212.62,47.99,-207.23,25.6,4.5,Completed
SES-004431,2024-11-06,8,EV-003,Jaipur,Rajasthan,Franchise,DC Ultra-Fast,CCS2,Fleet,Card,0.78,68.39,17.92,1225.55,414.9,130.59,73.54,606.52,42.7,4.8,Completed
SES-002129,2024-12-31,8,EV-063,Hyderabad,Telangana,Own,AC Level 2,CCS2,Private,UPI,1.0,11.73,9.87,115.78,61.17,110.28,11.71,-67.38,58.1,4.3,Completed
SES-002974,2024-05-23,13,EV-097,Gurugram,Haryana,Partner,DC Ultra-Fast,CCS2,Private,UPI,0.46,63.3,17.96,1136.87,528.98,115.07,32.63,460.19,33.7,4.5,Completed
SES-004167,2024-06-03,9,EV-038,Jaipur,Rajasthan,Partner,DC Ultra-Fast,CCS2,Taxi/Ride-share,UPI,0.52,68.56,18.47,1266.3,464.52,245.42,34.02,522.34,36.6,3.4,Completed
SES-004753,2024-07-25,7,EV-009,Gurugram,Haryana,Own,AC Level 2,Type 2,Private,UPI,1.76,27.35,8.8,240.68,155.9,73.01,24.27,-12.5,44.1,3.2,Failed
SES-004352,2025-12-31,2,EV-085,Lucknow,Uttar Pradesh,Own,AC Level 2,CCS2,Fleet,UPI,0.63,9.69,11.88,115.12,71.17,198.2,76.72,-230.97,27.2,3.7,Completed
SES-001707,2025-01-29,2,EV-051,Ahmedabad,Gujarat,Own,DC Ultra-Fast,CCS2,Fleet,UPI,0.79,99.3,15.65,1554.04,598.74,83.06,72.7,799.54,19.3,4.5,Completed
SES-000861,2025-05-06,12,EV-030,Mumbai,Maharashtra,Own,DC Ultra-Fast,CCS2,Private,UPI,0.69,57.59,15.79,909.35,324.12,320.79,40.27,224.17,35.4,3.1,Completed
SES-004401,2024-07-11,20,EV-042,Pune,Maharashtra,Own,DC Ultra-Fast,CCS2,Private,UPI,0.44,43.03,14.02,603.28,359.92,83.94,11.3,148.12,58.0,3.9,Completed
SES-003682,2024-03-22,16,EV-012,Ahmedabad,Gujarat,Own,AC Level 2,CCS2,Private,UPI,0.15,2.2,10.01,22.02,15.54,119.28,68.96,-181.76,40.0,4.4,Completed
SES-002451,2024-09-24,6,EV-024,Mumbai,Maharashtra,Partner,DC Fast,CCS2,Fleet,Wallet,0.69,27.73,11.25,311.96,174.0,67.45,7.6,62.91,24.0,4.4,Completed
SES-002650,2025-07-18,12,EV-084,Ahmedabad,Gujarat,Own,DC Ultra-Fast,Type 2,Taxi/Ride-share,UPI,0.38,28.27,17.7,500.38,207.87,262.54,35.27,-5.3,20.0,3.5,Completed
SES-002492,2025-11-11,18,EV-039,Delhi,Delhi,Own,AC Level 2,CCS2,Fleet,Card,0.58,6.41,9.78,62.69,54.19,201.71,30.76,-223.97,27.3,3.2,Completed
SES-000066,2025-03-27,0,EV-007,Gurugram,Haryana,Franchise,DC Ultra-Fast,CCS2,Fleet,Wallet,1.03,129.8,17.46,2266.31,1020.97,218.78,28.6,997.96,45.1,4.9,Completed
SES-002751,2025-02-23,1,EV-044,Jaipur,Rajasthan,Franchise,AC Level 2,CCS2,Private,Card,1.59,30.87,10.66,329.07,194.77,143.52,74.59,-83.81,67.1,4.4,Completed
SES-004108,2024-08-30,20,EV-048,Lucknow,Uttar Pradesh,Own,dc fast,CHAdeMO,Private,UPI,0.46,23.53,15.09,355.07,198.2,52.08,21.15,83.64,10.0,5.0,Completed
SES-003620,2024-09-13,3,EV-011,Hyderabad,Telangana,Own,DC Fast,CHAdeMO,Private,UPI,1.72,86.92,12.73,1106.49,738.74,53.78,49.08,264.89,56.3,4.1,Completed
SES-001044,2025-09-05,22,EV-059,Lucknow,Uttar Pradesh,Own,DC Ultra-Fast,Type 2,Private,Wallet,0.64,72.34,18.75,1356.38,470.83,298.92,73.11,513.52,11.0,3.4,Completed
SES-003939,2025-11-02,7,EV-031,Hyderabad,Telangana,Own,DC Ultra-Fast,CHAdeMO,Private,Corporate Account,0.35,32.95,17.51,576.95,216.15,260.36,74.61,25.83,25.6,4.0,Completed
SES-004927,2025-02-24,23,EV-022,Delhi,Delhi,Own,AC Level 2,CCS2,Fleet,UPI,0.76,14.82,10.73,159.02,92.89,129.41,23.63,-86.91,30.6,3.8,Completed
SES-002107,2024-07-26,19,EV-099,Chennai,Tamil Nadu,Partner,DC Fast,Type 2,Corporate,UPI,1.02,35.54,13.15,467.35,185.91,201.5,42.31,37.63,37.0,3.0,Completed
SES-002043,2025-11-28,6,EV-021,Mumbai,Maharashtra,Own,DC Fast,CCS2,Private,Corporate Account,0.15,8.28,14.15,117.16,65.19,70.13,67.51,-85.67,13.6,4.0,Completed
SES-004624,2025-10-05,14,EV-077,Mumbai,Maharashtra,Own,DC Fast,CCS2,Fleet,UPI,0.91,32.29,12.23,394.91,214.03,179.59,67.89,-66.6,2.0,4.0,Completed
SES-000451,2025-12-12,14,EV-001,Pune,Maharashtra,Franchise,DC Fast,CCS2,Private,UPI,0.22,6.09,13.93,84.83,36.05,124.48,75.97,-151.67,23.7,4.6,Completed
SES-003410,2025-01-21,21,EV-010,Lucknow,Uttar Pradesh,Franchise,DC Fast,Type 2,Fleet,Card,0.83,39.21,15.06,590.5,291.38,155.08,27.42,116.62,19.6,3.8,Cancelled
SES-003161,2024-05-14,8,EV-070,Mumbai,Maharashtra,Partner,AC Level 2,CCS2,Private,Corporate Account,0.61,8.69,9.2,79.95,49.9,50.3,46.22,-66.47,38.0,3.6,Completed
SES-002614,2024-08-19,18,EV-087,Ahmedabad,Gujarat,Own,AC Level 2,CCS2,Corporate,UPI,0.15,2.2,10.11,22.24,11.81,195.31,7.43,-192.31,23.6,4.3,Completed
SES-004911,2025-06-25,9,EV-068,Lucknow,Uttar Pradesh,Partner,DC Fast,CHAdeMO,Private,Corporate Account,0.88,35.27,12.27,432.76,208.55,61.94,59.13,103.14,33.8,4.5,Completed
SES-000869,2024-06-04,14,EV-063,Hyderabad,Telangana,Partner,DC Ultra-Fast,CCS2,Corporate,Card,1.27,162.42,19.85,3224.04,1218.0,95.19,18.64,1892.21,28.9,4.3,Completed
SES-001331,2025-12-01,1,EV-044,Ahmedabad,Gujarat,Own,DC Fast,CCS2,Private,Wallet,0.73,33.4,11.91,397.79,214.62,163.27,54.76,-34.86,47.5,3.8,Completed
SES-003523,2025-02-10,22,EV-025,Gurugram,Haryana,Own,AC Level 2,CCS2,Fleet,Corporate Account,0.49,7.42,10.64,78.95,45.28,74.07,12.84,-53.24,43.1,4.1,Completed
SES-000255,2025-07-03,8,EV-031,Hyderabad,Telangana,Own,DC Ultra-Fast,Type 2,Private,Card,1.15,156.15,18.67,2915.32,998.72,33.81,35.56,1847.23,44.4,2.9,Completed
SES-004618,2025-08-02,17,EV-039,Pune,Maharashtra,Partner,DC Fast,CCS2,Taxi/Ride-share,UPI,1.32,61.32,14.61,895.89,316.46,34.09,57.05,488.29,40.8,4.8,Completed
SES-002276,2025-02-17,22,EV-045,Jaipur,Rajasthan,Franchise,DC Fast,CCS2,Private,UPI,1.27,42.62,14.23,606.48,230.19,20.51,31.77,324.01,44.5,4.2,Completed
SES-001117,2024-10-23,10,EV-050,Jaipur,Rajasthan,Partner,AC Level 2,Type 2,Fleet,UPI,0.82,14.33,10.9,156.2,121.09,121.69,36.35,-122.93,41.3,4.4,Completed
SES-003090,2025-03-08,15,EV-029,Ahmedabad,Gujarat,Own,DC Ultra-Fast,Type 2,Fleet,UPI,1.11,142.04,16.93,2404.74,753.95,256.02,57.21,1337.56,44.2,3.7,Completed
SES-003917,2025-01-11,1,EV-071,Hyderabad,Telangana,Own,DC Fast,Type 2,Fleet,Card,0.5,21.17,15.13,320.3,123.38,76.16,11.56,109.2,26.0,4.7,Completed
SES-002053,2025-01-27,11,EV-017,Hyderabad,Telangana,Own,DC Fast,CHAdeMO,Private,Corporate Account,0.99,42.34,12.38,524.17,311.75,157.51,63.15,-8.24,31.0,4.4,Completed
SES-002885,2024-10-22,10,EV-044,Jaipur,Rajasthan,Partner,DC Ultra-Fast,CCS2,Taxi/Ride-share,UPI,0.29,31.11,18.54,576.78,182.42,119.74,51.11,223.51,9.5,4.4,Completed
SES-004355,2025-01-04,3,EV-062,Chennai,Tamil Nadu,Franchise,DC Ultra-Fast,Type 2,Fleet,Wallet,0.53,64.96,19.68,1278.41,469.57,142.39,67.76,598.69,19.8,3.9,Failed
SES-003341,2025-09-16,19,EV-082,Bengaluru,Karnataka,Franchise,AC Level 2,CHAdeMO,Taxi/Ride-share,Card,1.67,31.7,8.38,265.65,203.34,32.59,24.8,4.92,45.2,5.0,Completed
SES-002498,2024-05-06,23,EV-075,Gurugram,Haryana,Own,DC Fast,CCS2,Fleet,UPI,3.67,172.49,15.47,2668.42,1396.85,130.51,74.44,1066.62,73.6,4.3,Completed
SES-002027,2024-08-27,13,EV-068,Delhi,Delhi,Own,DC Ultra-Fast,CCS2,Taxi/Ride-share,Wallet,0.75,95.22,19.22,1830.13,722.83,151.73,15.09,940.48,2.0,4.9,Completed
SES-003203,2024-04-16,17,EV-047,Delhi,Delhi,Own,,CCS2,Taxi/Ride-share,Corporate Account,0.88,17.38,11.41,198.31,131.47,57.7,49.06,-39.92,26.9,4.3,Completed
SES-000100,2024-10-13,23,EV-026,Jaipur,Rajasthan,Own,AC Level 2,CCS2,Private,UPI,0.55,10.88,11.13,121.09,69.15,31.91,49.89,-29.86,36.3,4.4,Completed
SES-003422,2024-11-01,1,EV-069,Pune,Maharashtra,Partner,AC Level 2,CCS2,Taxi/Ride-share,UPI,0.15,2.0,8.36,16.72,11.72,133.15,18.24,-146.39,7.8,3.9,Completed
SES-002412,2024-03-11,19,EV-079,Ahmedabad,Gujarat,Own,AC Level 2,CCS2,Private,Card,0.75,12.76,8.41,107.31,82.29,47.11,54.14,-76.23,44.9,3.7,Cancelled
SES-002054,2025-06-06,11,EV-069,Pune,Maharashtra,Own,AC Level 2,CHAdeMO,Corporate,UPI,0.98,13.21,8.82,116.51,87.19,194.33,13.74,-178.75,26.3,4.3,Completed
SES-004131,2024-08-15,9,EV-058,Gurugram,Haryana,Partner,AC Level 2,Type 2,Private,Corporate Account,1.03,20.54,10.81,222.04,117.39,208.91,39.56,-143.82,26.6,4.7,Completed
SES-002085,2024-05-19,20,EV-021,Mumbai,Maharashtra,Partner,AC Level 2,Type 2,Fleet,Card,0.15,2.23,9.94,22.17,17.41,126.84,48.33,-170.41,13.7,3.3,Completed
SES-002145,2025-11-30,23,EV-039,Lucknow,Uttar Pradesh,Own,AC Level 2,CCS2,Private,Corporate Account,1.25,15.62,8.04,125.58,132.12,158.78,74.29,-239.61,25.5,3.0,Completed
SES-004643,2024-07-27,17,EV-062,Chennai,Tamil Nadu,Partner,AC Level 2,CCS2,Taxi/Ride-share,Wallet,1.45,18.88,9.81,185.21,150.13,76.1,47.32,-88.34,45.1,3.7,Completed
SES-002402,2025-01-21,23,EV-011,Gurugram,Haryana,Partner,DC Fast,CCS2,Private,Wallet,0.96,54.71,11.99,655.97,386.92,179.15,38.5,51.4,34.6,3.6,Completed
SES-004967,2024-11-23,17,EV-085,Mumbai,Maharashtra,Franchise,DC Fast,Type 2,Taxi/Ride-share,Card,2.27,76.23,14.44,1100.76,511.57,199.01,70.6,319.58,34.8,5.0,Completed
SES-001159,2025-05-06,12,EV-088,Pune,Maharashtra,Own,AC Level 2,CCS2,Taxi/Ride-share,UPI,0.48,5.05,11.05,55.8,37.36,34.95,49.82,-66.33,21.7,4.1,Cancelled
SES-004076,2024-07-03,7,EV-049,Pune,Maharashtra,Own,DC Fast,CCS2,Corporate,UPI,0.83,26.53,13.12,348.07,185.51,130.24,60.34,-28.02,11.1,4.2,Cancelled
SES-002598,2025-08-13,13,EV-038,Delhi,Delhi,Franchise,AC Level 2,Type 2,Private,UPI,0.28,3.08,10.09,31.08,25.14,58.91,63.56,-116.53,33.5,3.5,Completed
SES-004942,2024-10-11,12,EV-071,Gurugram,Haryana,Own,AC Level 2,CCS2,Corporate,Card,0.92,18.69,8.6,160.73,152.03,169.82,17.9,-179.02,29.2,4.0,Completed
SES-001304,2024-02-01,23,EV-071,Chennai,Tamil Nadu,Franchise,DC Fast,CCS2,Fleet,Card,1.13,54.8,14.0,767.2,425.48,155.03,27.65,159.04,64.7,4.0,Completed
SES-001932,2025-12-20,1,EV-028,Jaipur,Rajasthan,Partner,DC Ultra-Fast,CCS2,Corporate,Card,0.84,73.44,15.02,1103.07,495.26,214.54,11.28,381.99,38.1,4.1,Completed
SES-000241,2025-11-12,13,EV-015,Bengaluru,Karnataka,Franchise,DC Fast,CCS2,Private,UPI,1.99,113.25,13.25,1500.56,724.4,62.69,59.58,653.89,74.6,4.1,Completed
SES-001976,2025-10-23,7,EV-080,Delhi,Delhi,Franchise,DC Fast,Type 2,Taxi/Ride-share,Card,0.91,31.4,12.52,393.13,239.89,73.66,28.97,50.61,28.5,4.1,Completed
SES-003722,2024-04-02,21,EV-095,Hyderabad,Telangana,Own,AC Level 2,CCS2,Private,Corporate Account,0.29,3.71,8.49,31.5,21.42,186.55,75.59,-252.06,16.4,4.3,Completed
SES-004374,2024-12-11,11,EV-061,Chennai,Tamil Nadu,Partner,AC Level 2,CCS2,Fleet,Card,2.4,45.0,9.59,431.55,313.08,184.2,7.23,-72.96,64.1,4.5,Completed
SES-001923,2024-01-25,10,EV-063,Mumbai,Maharashtra,Own,DC Ultra-Fast,CHAdeMO,Taxi/Ride-share,Card,0.56,48.49,17.68,857.3,336.21,167.01,57.06,297.02,16.3,3.6,Completed
SES-003834,2025-05-06,13,EV-034,Delhi,Delhi,Own,DC Fast,Type 2,Private,Card,0.23,8.7,11.76,102.31,51.61,213.76,28.96,-192.02,27.4,4.0,Completed
SES-002896,2025-09-08,22,EV-013,Bengaluru,Karnataka,Own,DC Fast,CCS2,,UPI,0.3,9.87,11.26,111.14,65.46,134.26,60.06,-148.64,2.0,4.7,Failed
SES-004417,2024-07-06,20,EV-030,Pune,Maharashtra,Franchise,DC Ultra-Fast,Type 2,Fleet,UPI,2.45,180.0,19.6,3528.0,1131.84,254.43,18.85,2122.88,37.2,4.6,Completed
SES-001451,2024-07-15,19,EV-017,Mumbai,Maharashtra,Partner,DC Fast,Type 2,Private,UPI,1.46,59.74,14.92,891.32,318.89,128.6,78.34,365.49,45.0,2.7,Completed
SES-000908,2025-07-07,4,EV-052,Mumbai,Maharashtra,Own,DC Fast,Type 2,Fleet,UPI,1.02,54.05,15.71,849.13,377.3,74.84,67.39,329.6,22.6,4.5,Completed
SES-001523,2025-11-15,0,EV-092,Chennai,Tamil Nadu,Own,AC Level 2,Type 2,Private,UPI,0.67,8.25,9.27,76.48,62.42,58.11,24.3,-68.35,30.5,3.5,Completed
SES-003684,2024-01-31,18,EV-077,Pune,Maharashtra,Own,DC Fast,Type 2,Private,UPI,0.29,8.63,15.33,132.3,47.44,83.02,42.41,-40.57,2.0,4.3,Completed
SES-003367,2024-01-29,13,EV-031,Hyderabad,Telangana,Partner,DC Fast,CHAdeMO,Private,,0.5,17.6,15.69,276.14,124.32,166.89,5.29,-20.36,47.0,4.2,Completed
SES-002343,2024-06-07,19,EV-052,Gurugram,Haryana,Own,DC Fast,CCS2,Fleet,UPI,2.08,60.81,15.98,971.74,514.68,63.8,31.17,362.09,24.7,3.7,Completed
SES-003034,2024-03-18,9,EV-059,Delhi,Delhi,Own,DC Fast,CCS2,Corporate,Corporate Account,1.06,29.07,14.33,416.57,196.76,126.44,33.67,59.7,24.9,4.7,Completed
SES-000971,2024-09-14,21,EV-080,Gurugram,Haryana,Own,DC Fast,CCS2,Fleet,Card,1.7,72.63,12.29,892.62,547.28,120.98,40.13,184.23,46.9,3.8,Completed
SES-003357,2024-01-23,3,EV-063,Pune,Maharashtra,Own,DC Fast,Type 2,Private,Wallet,1.58,58.89,12.73,749.67,491.17,165.33,6.31,86.86,52.6,4.3,Completed
SES-003296,2024-10-02,7,EV-032,Delhi,Delhi,Franchise,AC Level 2,Type 2,Private,UPI,0.66,10.04,9.43,94.68,58.29,210.77,45.55,-219.93,15.8,4.3,Completed
SES-000394,2025-07-21,6,EV-089,Gurugram,Haryana,Own,AC Level 2,Type 2,Taxi/Ride-share,Card,1.76,28.71,10.4,298.58,154.92,68.25,15.53,59.88,55.5,5.0,Completed
SES-004129,2025-01-19,3,EV-018,Ahmedabad,Gujarat,Own,DC Fast,CCS2,Taxi/Ride-share,Card,2.28,99.42,15.34,1525.1,757.41,138.21,20.72,608.76,53.3,4.2,Failed
SES-000706,2024-07-22,23,EV-014,Mumbai,Maharashtra,Own,AC Level 2,CCS2,Taxi/Ride-share,Card,0.15,2.0,11.44,22.88,16.93,22.45,27.36,-43.86,19.3,4.3,Completed
SES-004655,2025-11-27,13,EV-084,Gurugram,Haryana,Own,DC Ultra-Fast,CCS2,Private,Wallet,0.95,75.17,18.8,1413.2,542.62,163.14,64.04,643.4,45.8,4.3,Completed
SES-003644,2025-05-09,0,EV-033,Bengaluru,Karnataka,Own,DC Fast,Type 2,Taxi/Ride-share,Card,1.26,43.78,14.62,640.06,338.06,34.43,50.73,216.84,37.7,3.3,Completed
SES-001537,2024-02-01,21,EV-045,Mumbai,Maharashtra,Own,DC Fast,CCS2,Private,Card,0.81,38.7,12.4,479.88,294.52,151.06,74.95,-40.65,17.1,5.0,Cancelled
SES-002665,2025-11-21,21,EV-077,Pune,Maharashtra,Own,AC Level 2,CCS2,Fleet,UPI,1.97,35.21,10.51,370.06,219.84,197.78,70.46,-118.02,47.1,4.0,Completed
SES-000616,2024-09-09,12,EV-008,Jaipur,Rajasthan,Own,AC Level 2,CCS2,Fleet,UPI,0.85,11.55,10.25,118.39,85.03,34.82,14.13,-15.59,26.7,3.9,Completed
SES-000680,2025-06-01,21,EV-008,Jaipur,Rajasthan,Own,DC Fast,CCS2,Corporate,Wallet,0.76,33.29,14.98,498.68,205.74,64.78,28.66,199.5,28.3,4.1,Completed
SES-004709,2025-05-01,13,EV-061,Mumbai,Maharashtra,Franchise,DC Fast,CCS2,Fleet,UPI,0.33,17.03,15.45,263.11,100.26,214.42,65.78,-117.35,7.7,4.6,Completed
SES-003096,2024-08-20,6,EV-053,Gurugram,Haryana,Own,DC Fast,CCS2,Private,Corporate Account,1.28,65.51,12.93,847.04,446.65,67.58,47.28,285.53,27.9,4.3,Completed
SES-002248,2025-04-22,15,EV-038,Delhi,Delhi,Own,DC Fast,CCS2,Private,Corporate Account,0.15,5.33,11.49,61.24,37.49,180.8,48.98,-206.03,6.0,5.0,Completed
SES-002704,2024-03-24,2,EV-049,Bengaluru,Karnataka,Partner,DC Fast,CCS2,Fleet,UPI,1.73,75.23,14.85,1117.17,415.72,151.73,56.79,492.93,59.4,3.8,Completed
SES-002952,2025-04-20,6,EV-083,Mumbai,Maharashtra,Own,AC Level 2,CHAdeMO,Fleet,Wallet,2.14,25.95,8.76,227.32,189.47,64.15,11.53,-37.83,26.2,4.4,Completed
SES-005000,2024-06-16,12,EV-083,Hyderabad,Telangana,Own,DC Fast,CCS2,Fleet,UPI,0.18,8.09,14.07,113.83,43.22,189.91,51.71,-171.01,2.0,3.8,Completed
SES-002003,2025-05-23,17,EV-079,Ahmedabad,Gujarat,Own,DC Fast,CCS2,Taxi/Ride-share,UPI,0.51,13.78,12.75,175.7,94.68,157.59,49.27,-125.84,28.3,5.0,Completed
SES-001402,2024-11-02,9,EV-064,Chennai,Tamil Nadu,Own,AC Level 2,CCS2,Fleet,UPI,0.4,4.74,11.94,56.6,34.82,200.54,65.59,-244.35,24.4,4.5,Completed
SES-002452,2024-12-17,15,EV-061,Mumbai,Maharashtra,Franchise,DC Fast,CCS2,Private,Card,1.15,37.14,13.41,498.05,293.85,96.12,17.57,90.51,59.7,3.8,Completed
SES-000226,2024-08-27,0,EV-068,Gurugram,Haryana,Partner,AC Level 2,CCS2,Fleet,UPI,0.66,7.61,9.67,73.59,44.56,96.64,66.98,-134.59,31.7,3.8,Completed
SES-000535,2025-05-18,22,EV-015,Ahmedabad,Gujarat,Own,AC Level 2,CHAdeMO,Private,UPI,1.38,27.3,11.15,304.4,208.27,129.36,9.95,-43.18,40.2,4.2,Completed
SES-002832,2025-11-12,14,EV-077,Lucknow,Uttar Pradesh,Own,AC Level 2,CCS2,Taxi/Ride-share,Card,2.09,36.68,9.98,366.07,243.99,143.17,62.18,-83.27,52.8,3.8,Completed
SES-003249,2025-04-04,14,EV-030,Pune,Maharashtra,Own,DC Fast,CCS2,Private,UPI,0.21,10.97,13.85,151.93,83.54,71.51,10.67,-13.79,14.0,4.2,Completed
SES-001642,2025-08-03,16,EV-067,Jaipur,Rajasthan,Own,AC Level 2,Type 2,Private,Wallet,0.69,12.5,10.37,129.62,105.4,152.46,7.29,-135.53,33.2,3.7,Completed
SES-002133,2024-06-05,4,EV-020,Mumbai,Maharashtra,Own,DC Fast,Type 2,Corporate,Card,0.45,19.84,13.81,273.99,139.39,154.69,33.2,-53.29,19.1,4.3,Completed
SES-002809,2025-05-21,7,EV-006,Ahmedabad,Gujarat,Partner,AC Level 2,CCS2,Private,UPI,0.53,11.0,9.64,106.04,85.97,86.3,7.77,-74.0,51.2,4.0,Completed
SES-001074,2025-11-13,21,EV-079,Chennai,Tamil Nadu,Partner,AC Level 2,CCS2,Private,Corporate Account,1.52,19.0,10.84,205.96,137.73,58.16,46.8,-36.73,33.1,4.3,Completed
SES-001413,2024-01-25,23,EV-022,Gurugram,Haryana,Own,DC Fast,Type 2,Private,Card,0.55,30.24,14.41,435.76,163.08,162.62,12.73,97.33,28.1,3.4,Completed
SES-002866,2024-10-18,19,EV-013,Pune,Maharashtra,Franchise,DC Fast,Type 2,Private,UPI,0.79,43.1,12.15,523.67,313.97,128.36,5.35,75.99,37.5,4.6,Completed
SES-004846,2024-09-17,21,EV-014,Bengaluru,Karnataka,Partner,AC Level 2,CCS2,Corporate,Corporate Account,1.6,30.99,9.72,301.22,237.37,194.8,57.11,-188.06,43.2,5.0,Completed
SES-003065,2024-06-29,3,EV-022,Pune,Maharashtra,Own,AC Level 2,Type 2,Corporate,UPI,1.15,22.87,9.24,211.32,146.15,44.04,28.51,-7.38,2.0,4.6,Completed
SES-001504,2024-07-02,15,EV-100,Hyderabad,Telangana,Partner,AC Level 2,CCS2,Private,UPI,1.34,13.33,9.26,123.44,100.18,156.01,64.72,-197.47,35.1,3.8,Cancelled
SES-004440,2024-09-20,16,EV-094,Jaipur,Rajasthan,Own,AC Level 2,CCS2,Private,Wallet,0.41,7.38,8.52,62.88,45.99,53.3,74.32,-110.73,9.1,2.9,Completed
SES-003961,2024-05-14,1,EV-071,Mumbai,Maharashtra,Franchise,AC Level 2,CCS2,Fleet,UPI,1.76,20.51,8.8,180.49,148.19,42.23,33.56,-43.49,51.1,3.6,Completed
SES-000214,2024-12-01,9,EV-033,,Telangana,Partner,AC Level 2,Type 2,Private,Card,0.86,14.67,9.03,132.47,93.43,144.25,66.06,-171.27,28.7,4.3,Completed
SES-001032,2024-04-07,1,EV-080,Pune,Maharashtra,Own,AC Level 2,CCS2,Taxi/Ride-share,UPI,3.36,63.84,9.16,584.77,349.54,35.15,31.65,168.43,73.1,4.8,Completed
SES-003435,2025-07-30,20,EV-043,Hyderabad,Telangana,Franchise,AC Level 2,CCS2,Private,UPI,0.21,3.38,9.33,31.54,18.7,69.35,79.59,-136.1,12.1,5.0,Completed
SES-002146,2024-12-15,2,EV-082,Pune,Maharashtra,Own,AC Level 2,CCS2,Taxi/Ride-share,Card,1.43,17.61,9.74,171.52,89.62,176.79,23.75,-118.64,42.5,4.6,Completed
SES-001517,2025-03-22,3,EV-010,Mumbai,Maharashtra,Own,AC Level 2,CCS2,Private,Card,0.38,6.26,9.56,59.85,50.0,115.64,75.92,-181.71,23.9,3.8,Completed
SES-001638,2024-12-18,11,EV-041,Lucknow,Uttar Pradesh,Own,AC Level 2,CCS2,Fleet,Wallet,0.37,5.59,9.88,55.23,29.73,152.05,24.16,-150.71,15.4,3.9,Completed
SES-004485,2025-05-01,11,EV-017,Bengaluru,Karnataka,Franchise,DC Fast,CCS2,Taxi/Ride-share,Wallet,0.91,29.39,12.42,365.02,155.32,133.93,11.49,64.28,27.4,3.9,Completed
SES-002045,2025-04-26,16,EV-065,Delhi,Delhi,Own,DC Fast,Type 2,Private,UPI,0.71,27.21,15.31,416.59,206.38,51.62,8.14,150.45,47.6,3.6,Completed
SES-002655,2025-10-30,4,EV-094,Bengaluru,Karnataka,Own,AC Level 2,CCS2,Fleet,Card,0.15,2.0,10.55,21.1,13.05,213.82,12.21,-217.98,31.2,3.4,Completed
SES-003495,2025-01-28,10,EV-008,Hyderabad,Telangana,Own,AC Level 2,CCS2,Taxi/Ride-share,UPI,0.15,2.67,8.86,23.66,22.65,27.43,28.64,-55.06,16.1,3.5,Cancelled
SES-004619,2024-09-13,9,EV-092,Jaipur,Rajasthan,Franchise,DC Fast,CCS2,Private,Card,0.58,27.29,14.87,405.8,225.95,79.25,40.62,59.98,7.8,3.4,Completed
SES-001528,2024-05-25,16,EV-071,Mumbai,Maharashtra,Franchise,DC Fast,Type 2,Taxi/Ride-share,UPI,0.84,34.61,11.02,381.4,253.81,107.02,45.47,-24.9,38.3,3.7,Completed
SES-001715,2025-06-18,3,EV-085,Jaipur,Rajasthan,Own,AC Level 2,CCS2,Private,Card,1.42,16.9,8.52,143.99,138.14,47.83,77.34,-119.32,42.8,3.8,Completed
SES-001708,2025-07-15,4,EV-038,Gurugram,Haryana,Own,DC Ultra-Fast,CCS2,Corporate,UPI,0.38,34.25,15.24,521.97,174.67,263.23,42.35,41.72,16.6,4.8,Completed
SES-000407,2025-08-09,20,EV-023,Bengaluru,Karnataka,Own,AC Level 2,CCS2,Private,UPI,0.81,14.91,10.27,153.13,102.72,84.17,56.34,-90.1,18.1,4.1,Completed
SES-004177,2025-04-25,10,EV-085,Hyderabad,Telangana,Own,AC Level 2,CHAdeMO,Private,Wallet,0.99,10.7,8.25,88.28,65.71,136.77,13.19,-127.39,21.9,3.4,Completed
SES-000579,2025-12-12,16,EV-022,Lucknow,Uttar Pradesh,Own,DC Ultra-Fast,Type 2,Private,Corporate Account,1.04,87.16,19.28,1680.44,576.57,243.63,21.73,838.51,26.9,3.7,Completed
SES-000368,2025-03-11,2,EV-006,Pune,Maharashtra,Partner,DC Fast,CHAdeMO,Private,Card,0.62,20.64,12.8,264.19,139.45,196.21,55.68,-127.15,19.0,3.5,Completed
SES-002993,2025-06-05,18,EV-027,Delhi,Delhi,Own,AC Level 2,CCS2,Private,UPI,1.23,16.35,9.15,149.6,116.7,166.17,14.02,-147.29,29.3,4.9,Completed
SES-000537,2024-10-11,12,EV-052,Lucknow,Uttar Pradesh,Franchise,AC Level 2,CCS2,,Card,2.21,31.06,8.72,270.84,204.24,119.91,54.96,-108.27,44.1,4.2,Completed
SES-000148,2025-12-13,14,EV-047,Lucknow,Uttar Pradesh,Partner,DC Fast,Type 2,Fleet,UPI,3.15,96.29,14.0,1348.06,812.46,180.7,22.67,332.23,60.8,3.5,Failed
SES-003543,2025-06-16,19,EV-082,Ahmedabad,Gujarat,Partner,DC Ultra-Fast,CHAdeMO,Fleet,Wallet,0.42,44.05,16.72,736.52,341.1,80.44,39.19,275.79,32.7,3.7,Completed
SES-002001,2025-08-20,20,EV-053,Gurugram,Haryana,Own,DC Fast,CCS2,Taxi/Ride-share,UPI,0.75,33.44,12.36,413.32,238.76,149.46,14.99,10.11,27.0,3.5,Completed
SES-002427,2024-05-24,13,EV-010,Chennai,Tamil Nadu,Own,DC Fast,CCS2,Taxi/Ride-share,UPI,2.03,72.7,12.86,934.92,482.99,164.49,61.28,226.16,51.3,5.0,Completed
SES-000651,2024-01-18,17,EV-069,Delhi,Delhi,Own,DC Ultra-Fast,Type 2,Taxi/Ride-share,Card,0.28,37.45,16.18,605.94,280.62,191.29,53.14,80.89,6.1,3.5,Completed
SES-000194,2024-11-11,8,EV-078,Delhi,Delhi,Franchise,DC Fast,CCS2,Private,Card,0.18,9.87,12.45,122.88,75.66,116.11,5.69,-74.58,13.6,4.5,Completed
SES-001944,2024-04-27,7,EV-088,Jaipur,Rajasthan,Own,DC Fast,CCS2,Fleet,UPI,0.49,18.04,15.8,285.03,145.13,166.07,49.87,-76.04,20.4,4.2,Completed
SES-000939,2024-01-19,1,EV-075,Delhi,Delhi,Partner,AC Level 2,CCS2,Corporate,Card,0.75,8.9,9.46,84.19,58.91,109.24,70.78,-154.74,15.8,4.0,Completed
SES-000167,2025-10-15,6,EV-073,Gurugram,Haryana,Own,DC Fast,CCS2,Fleet,Card,1.71,55.7,14.43,803.75,331.36,130.94,23.61,317.84,39.8,3.1,Completed
SES-000543,2024-04-16,14,EV-043,Jaipur,Rajasthan,Own,DC Fast,CCS2,Taxi/Ride-share,Corporate Account,1.12,39.45,11.62,458.41,330.6,57.61,38.74,31.46,27.8,3.5,Completed
SES-003588,2025-08-06,21,EV-097,Pune,Maharashtra,Own,DC Ultra-Fast,Type 2,Private,Card,1.83,180.0,16.29,2932.2,1229.06,170.17,74.13,1458.84,44.3,5.0,Completed
SES-003804,2025-06-06,16,EV-008,Ahmedabad,Gujarat,Partner,AC Level 2,CCS2,Fleet,Corporate Account,0.78,13.18,10.47,137.99,80.78,137.24,49.74,-129.77,35.9,3.7,Failed
SES-000628,2024-09-22,19,EV-098,Bengaluru,Karnataka,Own,DC Fast,CCS2,Fleet,UPI,3.46,180.0,12.17,2190.6,1211.63,135.56,35.88,807.53,71.6,4.6,Completed
SES-002592,2025-05-05,10,EV-023,Mumbai,Maharashtra,Own,DC Fast,CCS2,Private,Corporate Account,0.78,42.14,15.91,670.45,339.5,59.83,6.81,264.31,30.4,3.4,Completed
SES-001102,2024-05-27,18,EV-091,Bengaluru,Karnataka,Own,AC Level 2,Type 2,Fleet,Corporate Account,0.95,12.04,10.77,129.67,75.73,202.9,37.35,-186.31,31.1,3.3,Completed
SES-004987,2024-04-08,1,EV-059,Pune,Maharashtra,Franchise,AC Level 2,CCS2,Fleet,Wallet,1.05,11.23,9.12,102.42,66.69,173.94,51.65,-189.86,21.5,5.0,Completed
SES-000586,2024-11-17,2,EV-096,Chennai,Tamil Nadu,Own,AC Level 2,CCS2,Taxi/Ride-share,Card,0.95,11.84,9.92,117.45,84.37,206.76,16.99,-190.67,31.1,3.5,Completed
SES-002766,2024-11-13,0,EV-002,Pune,Maharashtra,Franchise,DC Fast,CCS2,Fleet,Wallet,0.51,24.77,12.37,306.4,139.81,191.79,22.35,-47.55,37.6,3.8,Completed
SES-000372,2024-01-27,5,EV-065,Chennai,Tamil Nadu,Partner,DC Fast,Type 2,Fleet,Card,0.44,23.3,14.33,333.89,142.65,168.67,46.96,-24.39,22.5,4.5,Completed
SES-004311,2024-05-13,11,EV-085,Ahmedabad,Gujarat,Own,DC Ultra-Fast,CCS2,Corporate,Wallet,0.59,57.79,19.76,1141.93,314.68,136.72,14.26,676.27,14.5,5.0,Completed
SES-003618,2024-05-12,22,EV-046,Jaipur,Rajasthan,Partner,AC Level 2,CCS2,Private,Corporate Account,0.21,3.61,11.49,41.48,26.48,62.95,73.94,-121.89,21.5,4.4,Completed
SES-001553,2025-05-03,11,EV-013,Chennai,Tamil Nadu,Partner,DC Fast,CCS2,Private,UPI,0.59,29.37,13.74,403.54,202.61,85.85,37.12,77.96,25.9,4.7,Completed
SES-001272,2025-05-24,22,EV-065,Chennai,Tamil Nadu,Own,AC Level 2,CHAdeMO,Corporate,Wallet,0.58,8.83,10.15,89.62,66.92,149.54,11.47,-138.31,6.7,4.4,Completed
SES-004237,2025-08-15,16,EV-026,Gurugram,Haryana,Franchise,DC Fast,CCS2,Private,Corporate Account,1.65,89.67,14.68,1316.36,507.28,204.16,26.97,577.95,67.3,4.4,Completed
SES-003175,2024-11-22,3,EV-076,Chennai,Tamil Nadu,Own,DC Fast,CHAdeMO,Private,UPI,0.15,4.9,11.38,55.76,26.26,46.58,16.74,-33.82,42.4,4.2,Completed
SES-004230,2025-01-29,11,EV-047,Jaipur,Rajasthan,Partner,AC Level 2,CCS2,Taxi/Ride-share,UPI,2.03,41.29,9.09,375.33,323.1,182.1,43.46,-173.33,63.0,3.9,Completed
SES-002661,2025-04-01,13,EV-086,Jaipur,Rajasthan,Own,AC Level 2,CHAdeMO,Private,Card,0.82,15.43,8.23,126.99,115.92,156.56,5.68,-151.17,33.1,4.4,Completed
SES-002211,2024-11-13,8,EV-049,Ahmedabad,Gujarat,Own,AC Level 2,CCS2,Private,UPI,0.65,8.12,10.21,82.91,40.8,179.1,72.87,-209.86,53.7,4.0,Cancelled
SES-003186,2025-09-05,13,EV-084,Pune,Maharashtra,Own,DC Fast,CCS2,Private,Card,2.04,67.66,11.34,767.26,409.69,176.52,53.34,127.71,29.2,3.4,Completed
SES-002768,2024-11-12,9,EV-014,Lucknow,Uttar Pradesh,Own,AC Level 2,Type 2,Corporate,Wallet,0.74,14.99,10.39,155.75,118.14,175.36,42.53,-180.28,26.3,4.7,Completed
SES-000904,2024-02-16,0,EV-012,Mumbai,Maharashtra,Own,DC Fast,CHAdeMO,Corporate,Wallet,1.12,36.51,13.87,506.39,278.1,37.35,8.97,181.97,25.6,3.9,Completed
SES-001635,2024-07-17,2,EV-012,Chennai,Tamil Nadu,Partner,AC Level 2,CCS2,Private, UPI ,3.25,67.33,10.63,715.72,494.75,23.13,24.79,173.05,67.6,3.8,Completed
SES-000556,2025-05-22,23,EV-093,Hyderabad,Telangana,Own,DC Fast,CCS2,Private,Card,0.5,17.58,13.29,233.64,98.3,170.94,26.37,-61.97,16.2,4.3,Completed
SES-003603,2024-07-15,12,EV-009,Delhi,Delhi,Own,DC Fast,CCS2,Private,Card,0.93,42.1,12.9,543.09,336.64,155.15,67.8,-16.5,31.5,5.0,Completed
SES-004398,2025-04-17,12,EV-014,Ahmedabad,Gujarat,Own,DC Fast,Type 2,Private,UPI,0.24,7.79,12.95,100.88,39.09,137.1,43.07,-118.38,20.6,4.2,Completed
SES-004765,2025-02-20,16,EV-063,Chennai,Tamil Nadu,Partner,DC Ultra-Fast,CHAdeMO,Fleet,UPI,1.12,122.74,19.48,2390.98,925.9,67.89,61.78,1335.41,28.6,4.5,Completed
SES-003527,2025-02-03,1,EV-067,Mumbai,Maharashtra,Own,AC Level 2,CHAdeMO,Private,Card,1.4,23.21,11.83,274.57,168.56,151.84,6.4,-52.23,44.9,4.9,Completed
SES-002479,2025-05-05,4,EV-051,Chennai,Tamil Nadu,Own,DC Fast,CCS2,Corporate,Card,0.27,10.1,14.93,150.79,83.21,50.33,75.78,-58.53,24.6,4.2,Completed
SES-001650,2024-04-27,15,EV-098,Gurugram,Haryana,Own,DC Fast,CCS2,Private,Wallet,2.53,141.09,14.01,1976.67,1079.69,154.92,49.87,692.19,60.3,4.1,Completed
SES-003416,2024-06-16,2,EV-021,Hyderabad,Telangana,Franchise,DC Fast,CHAdeMO,Taxi/Ride-share,UPI,1.19,55.83,14.14,789.44,415.1,79.78,27.98,266.58,46.0,4.0,Completed
SES-000284,2025-12-06,4,EV-087,Bengaluru,Karnataka,Partner,DC Ultra-Fast,CHAdeMO,Corporate,UPI,1.01,70.85,14.51,1028.03,572.96,65.48,72.11,317.48,31.9,4.3,Completed
SES-004102,2025-06-09,9,EV-025,Ahmedabad,Gujarat,Own,AC Level 2,CCS2,Private,Corporate Account,2.19,23.08,10.19,235.19,130.47,65.21,57.9,-18.39,25.1,4.2,Completed
SES-001445,2025-02-13,2,EV-021,Gurugram,Haryana,Own,DC Fast,CCS2,Fleet,Corporate Account,0.88,49.84,14.65,730.16,262.32,73.97,63.05,330.82,35.3,4.1,Completed
SES-004771,2025-07-26,5,EV-079,Bengaluru,Karnataka,Franchise,AC Level 2,Type 2,Private,Wallet,0.34,3.62,8.92,32.29,28.16,58.82,76.16,-130.85,35.1,4.3,Completed
SES-002017,2024-02-03,17,EV-078,Delhi,Delhi,Partner,DC Fast,CCS2,Fleet,UPI,0.57,18.75,11.57,216.94,137.58,55.49,55.42,-31.55,25.2,4.6,Completed
SES-003403,2024-11-12,16,EV-078,Lucknow,Uttar Pradesh,Own,DC Fast,CCS2,Private,Wallet,1.2,65.51,13.32,872.59,377.65,133.08,49.12,312.74,30.0,4.8,Cancelled
SES-000676,2024-03-29,5,EV-046,Bengaluru,Karnataka,Franchise,AC Level 2,CCS2,Fleet,UPI,0.18,2.68,11.62,31.14,21.39,105.62,16.23,-112.1,22.0,4.3,Completed
SES-004390,2024-12-26,9,EV-080,Chennai,Tamil Nadu,Own,AC Level 2,CCS2,Taxi/Ride-share,Wallet,0.91,17.01,8.64,146.97,124.34,122.22,18.31,-117.9,44.3,4.3,Completed
SES-003348,2024-04-25,22,EV-072,Ahmedabad,Gujarat,Own,DC Ultra-Fast,CHAdeMO,Corporate,UPI,2.17,157.24,15.39,2419.92,1061.44,64.99,70.62,1222.87,66.8,4.8,Completed
SES-002849,2024-09-05,11,EV-067,Lucknow,Uttar Pradesh,Franchise,DC Fast,Type 2,Corporate,Card,3.35,180.0,14.72,2649.6,1046.74,142.27,76.58,1384.01,77.7,3.3,Completed
SES-001378,2025-07-12,4,EV-071,Pune,Maharashtra,Partner,AC Level 2,CHAdeMO,Taxi/Ride-share,Corporate Account,1.7,33.56,9.18,308.08,192.91,216.65,57.4,-158.88,53.5,3.4,Completed
SES-001350,2024-07-03,23,EV-078,Delhi,Delhi,Partner,AC Level 2,CHAdeMO,Taxi/Ride-share,Card,0.5,8.38,10.5,87.99,49.83,74.51,16.4,-52.75,39.3,4.0,Completed
SES-000843,2024-08-02,6,EV-042,Ahmedabad,Gujarat,Own,DC Fast,Type 2,Corporate,UPI,1.48,82.35,11.81,972.55,447.58,216.02,23.03,285.92,27.0,3.1,Completed
SES-001969,2024-01-27,17,EV-051,Ahmedabad,Gujarat,Partner,AC Level 2,CCS2,Private,Wallet,3.67,58.35,11.52,672.19,359.58,59.46,51.52,201.63,80.2,3.6,Completed
SES-000071,2024-07-17,22,EV-035,Jaipur,Rajasthan,Own,DC Fast,Type 2,Taxi/Ride-share,Corporate Account,0.62,17.11,13.86,237.14,95.39,212.75,36.65,-107.65,16.7,4.2,Completed
SES-001664,2025-12-04,9,EV-051,Hyderabad,Telangana,Own,DC Fast,Type 2,Private,Card,0.45,19.24,13.86,266.67,113.32,177.32,72.98,-96.95,33.7,2.9,Failed
SES-000047,2025-04-25,17,EV-032,Mumbai,Maharashtra,Own,DC Ultra-Fast,CCS2,Private,UPI,2.53,180.0,19.6,3528.0,951.12,50.06,6.4,2520.42,35.9,4.9,Completed
SES-001164,2024-04-20,16,EV-043,Bengaluru,Karnataka,Franchise,AC Level 2,Type 2,Private,Card,0.15,3.0,9.76,29.28,19.93,126.79,29.4,-146.84,23.1,3.4,Completed
SES-002874,2025-09-15,0,EV-041,Ahmedabad,Gujarat,Franchise,AC Level 2,CHAdeMO,Corporate,UPI,2.12,43.26,10.82,468.07,256.1,156.96,7.19,47.82,53.7,3.8,Completed
SES-002932,2025-02-01,23,EV-005,Lucknow,Uttar Pradesh,Own,AC Level 2,CCS2,Corporate,Corporate Account,1.6,17.44,8.24,143.71,141.82,65.94,70.79,-134.84,41.2,4.8,Completed
SES-000785,2025-01-31,15,EV-006,Jaipur,Rajasthan,Partner,AC Level 2,CCS2,Private,UPI,0.39,6.71,11.22,75.29,40.02,66.88,48.96,-80.57,37.2,4.6,Completed
SES-000423,2025-03-02,23,EV-067,Pune,Maharashtra,Own,AC Level 2,CCS2,Private,UPI,0.8,10.07,11.03,111.07,84.6,162.71,9.87,-146.11,20.3,3.5,Completed
SES-000925,2025-03-20,22,EV-031,Gurugram,Haryana,Franchise,AC Level 2,CCS2,Private,UPI,0.76,14.67,11.5,168.7,77.55,29.61,65.4,-3.86,20.3,4.1,Completed
SES-000926,2025-03-18,12,EV-050,Lucknow,Uttar Pradesh,Own,AC Level 2,CCS2,Fleet,UPI,2.99,55.27,10.92,603.55,354.87,47.26,5.28,196.14,49.8,4.0,Completed
SES-001695,2025-12-29,17,EV-001,Delhi,Delhi,Own,DC Fast,CCS2,Private,UPI,2.0,66.05,15.89,1049.53,352.61,205.35,23.64,467.93,15.0,3.5,Completed
SES-000817,2024-03-26,8,EV-097,Jaipur,Rajasthan,Franchise,DC Fast,CCS2,Fleet,Corporate Account,0.33,16.43,12.82,210.63,85.32,33.44,60.23,31.64,18.8,4.6,Completed
SES-000865,2025-01-12,1,EV-073,Pune,Maharashtra,Own,DC Fast,CCS2,Fleet,Wallet,0.22,9.52,13.42,127.76,61.4,196.02,70.05,-199.71,17.2,4.9,Completed
SES-003605,2024-07-16,7,EV-035,Gurugram,Haryana,Franchise,AC Level 2,Type 2,Fleet,Card,1.18,16.84,11.55,194.5,100.01,186.22,9.4,-101.13,42.1,4.6,Completed
SES-004463,2024-09-16,5,EV-011,Ahmedabad,Gujarat,Franchise,DC Fast,CCS2,Private,Wallet,1.15,58.12,14.83,861.92,423.77,98.98,44.89,294.28,34.8,4.3,Cancelled
SES-002121,2025-09-11,4,EV-077,Hyderabad,Telangana,Own,DC Fast,CCS2,Taxi/Ride-share,UPI,0.59,21.01,15.98,335.74,159.08,216.67,68.49,-108.5,36.8,3.7,Completed
SES-003067,2025-03-03,11,EV-011,Pune,Maharashtra,Own,AC Level 2,CCS2,Private,Wallet,0.67,8.38,11.54,96.71,62.72,135.97,11.79,-113.77,17.9,4.4,Completed
SES-002084,2025-11-16,3,EV-091,Hyderabad,Telangana,Partner,DC Ultra-Fast,CCS2,Private,Corporate Account,0.26,32.35,18.92,612.06,240.1,193.99,59.24,118.73,47.1,5.0,Completed
SES-002407,2024-02-14,20,EV-038,Mumbai,Maharashtra,Own,AC Level 2,CCS2,Private,UPI,1.25,23.07,9.26,213.63,128.19,41.92,77.27,-33.75,64.8,3.9,Completed
SES-001459,2024-10-20,7,EV-014,Jaipur,Rajasthan,Partner,DC Fast,Type 2,Private,Corporate Account,0.68,21.61,14.51,313.56,126.61,165.48,42.11,-20.64,29.6,4.7,Completed
SES-001717,2024-10-03,23,EV-039,Delhi,Delhi,Partner,AC Level 2,CCS2,Private,Card,1.06,20.76,9.7,201.37,158.44,72.91,35.42,-65.4,30.1,4.7,Completed
SES-003968,2025-09-26,18,EV-070,Mumbai,Maharashtra,Own,AC Level 2,CCS2,Private,Card,0.15,2.14,11.5,24.61,11.82,166.66,33.43,-187.3,29.2,3.4,Completed
SES-003928,2025-06-26,4,EV-013,Chennai,Tamil Nadu,Own,AC Level 2,CCS2,Corporate,UPI,2.23,23.29,8.75,203.79,167.34,116.36,44.87,-124.78,54.5,4.5,Completed
SES-001379,2025-02-05,5,EV-090,Chennai,Tamil Nadu,Partner,AC Level 2,CHAdeMO,Private,UPI,0.52,8.19,11.5,94.18,62.73,51.14,76.25,-95.94,30.5,3.2,Completed
SES-004333,2025-03-12,1,EV-097,Bengaluru,Karnataka,Partner,DC Ultra-Fast,Type 2,Private,Card,0.87,65.15,18.0,1172.7,354.98,196.83,73.33,547.56,24.3,4.3,Completed
SES-000989,2025-05-26,12,EV-029,Hyderabad,Telangana,Franchise,DC Fast,CCS2,Private,UPI,0.62,26.07,11.77,306.84,138.17,83.29,51.72,33.66,7.3,4.5,Completed
SES-004025,2024-03-03,6,EV-055,Delhi,Delhi,Own,AC Level 2,CCS2,Private,Card,0.42,8.12,9.11,73.97,43.43,26.4,70.57,-66.43,39.8,3.7,Completed
SES-002078,2025-10-07,18,EV-095,Mumbai,Maharashtra,Partner,DC Fast,CCS2,private,Corporate Account,1.55,71.83,15.63,1122.7,379.13,23.01,43.92,676.64,61.9,4.0,Completed
SES-000269,2025-04-07,12,EV-073,Delhi,Delhi,Partner,DC Fast,CCS2,Private,UPI,0.25,9.6,11.13,106.85,61.93,33.42,56.64,-45.14,7.0,4.1,Completed
SES-001484,2025-10-31,2,EV-096,Mumbai,Maharashtra,Partner,AC Level 2,CCS2,Private,UPI,1.32,21.75,11.91,259.04,154.59,105.07,24.86,-25.48,51.4,3.9,Completed
SES-004470,2025-07-09,22,EV-050,Ahmedabad,Gujarat,Own,DC Ultra-Fast,CHAdeMO,Corporate,Corporate Account,0.25,29.88,14.29,426.99,156.16,148.01,63.58,59.24,35.5,,Completed
SES-000189,2024-01-25,2,EV-028,Chennai,Tamil Nadu,Own,AC Level 2,CCS2,Private,UPI,1.27,19.25,9.24,177.87,144.78,51.93,60.93,-79.77,10.3,5.0,Completed
SES-000285,2025-08-25,14,EV-096,Chennai,Tamil Nadu,Own,AC Level 2,Type 2,Private,UPI,0.89,13.06,8.2,107.09,95.28,55.65,36.69,-80.53,38.1,3.6,Completed
SES-004558,2024-04-05,4,EV-049,Hyderabad,Telangana,Franchise,AC Level 2,Type 2,Private,UPI,0.45,5.31,10.68,56.71,35.32,143.89,58.63,-181.13,16.6,3.2,Completed
SES-003606,2024-11-19,15,EV-071,Hyderabad,Telangana,Own,DC Fast,CCS2,Private,UPI,3.73,145.5,14.28,2077.74,1175.51,215.24,36.41,650.58,68.4,3.5,Completed
SES-004104,2025-06-11,12,EV-090,Bengaluru,Karnataka,Franchise,AC Level 2,Type 2,Private,Card,1.21,22.56,10.1,227.86,161.04,79.05,36.74,-48.97,47.7,2.7,Completed
SES-000760,2024-07-08,7,EV-023,Gurugram,Haryana,Franchise,AC Level 2,CCS2,Private,UPI,0.92,15.97,9.64,153.95,87.74,83.29,43.71,-60.79,51.0,4.2,Completed
SES-002062,2024-12-20,22,EV-038,Hyderabad,Telangana,Own,AC Level 2,CCS2,Corporate,UPI,2.54,37.91,8.13,308.21,304.86,130.25,58.89,-185.79,42.5,5.0,Completed
SES-003949,2024-02-19,5,EV-068,Hyderabad,Telangana,Own,DC Fast,Type 2,Private,UPI,2.29,87.86,11.21,984.91,550.01,113.75,72.42,248.73,74.2,3.6,Completed
SES-004549,2025-06-26,23,EV-066,Chennai,Tamil Nadu,Franchise,AC Level 2,CHAdeMO,Taxi/Ride-share,UPI,0.57,11.67,9.0,105.03,85.76,30.07,72.24,-83.04,24.5,4.0,Completed
SES-002158,2024-05-15,12,EV-068,Ahmedabad,Gujarat,Own,DC Ultra-Fast,CHAdeMO,Taxi/Ride-share,Corporate Account,0.47,37.96,19.48,739.46,200.12,182.29,21.29,335.76,31.6,5.0,Completed
SES-000055,2025-11-15,0,EV-037,Jaipur,Rajasthan,Partner,AC Level 2,Type 2,Corporate,UPI,1.93,33.79,9.22,311.54,253.2,216.45,79.66,-237.77,48.1,3.6,Completed
SES-004439,2025-11-11,4,EV-074,Jaipur,Rajasthan,Partner,DC Fast,CCS2, Taxi/Ride-share ,UPI,4.06,180.0,11.65,2097.0,1090.16,23.67,73.8,909.37,79.4,3.9,Completed
SES-002279,2025-01-05,20,EV-034,Delhi,Delhi,Partner,AC Level 2,CCS2,Private,UPI,0.44,7.48,8.63,64.55,47.77,178.14,65.95,-227.31,38.6,4.1,Completed
SES-002555,2024-09-22,6,EV-054,Hyderabad,Telangana,Own,AC Level 2,CCS2,Private,UPI,0.58,7.57,10.58,80.09,50.31,51.37,64.46,-86.05,21.7,4.8,Completed
SES-003125,2025-09-25,13,EV-011,Hyderabad,Telangana,Own,AC Level 2,CCS2,Private,Wallet,1.03,15.13,10.86,164.31,113.97,60.86,38.28,-48.8,28.8,4.3,Completed
SES-004962,2025-05-13,20,EV-052,Gurugram,Haryana,Franchise,AC Level 2,CHAdeMO,Corporate,UPI,1.38,26.85,10.33,277.36,209.02,149.68,14.36,-95.7,32.5,3.4,Cancelled
SES-001780,2025-08-19,9,EV-094,Delhi,Delhi,Franchise,DC Fast,CHAdeMO,Fleet,UPI,1.2,,15.2,932.06,335.7,20.19,69.2,506.97,27.0,3.6,Completed
SES-001611,2024-01-18,12,EV-064,Jaipur,Rajasthan,Franchise,DC Fast,CCS2,Private,Wallet,0.46,13.01,13.71,178.37,81.83,89.8,55.78,-49.04,7.2,3.8,Cancelled
SES-002012,2024-05-15,8,EV-077,Gurugram,Haryana,Own,DC Ultra-Fast,Type 2,Taxi/Ride-share,Wallet,0.56,52.07,17.54,913.31,336.84,,20.58,267.48,11.1,4.3,Completed
SES-000376,2025-03-01,0,EV-052,Jaipur,Rajasthan,Partner,AC Level 2,CHAdeMO,Private,UPI,0.55,11.46,10.01,114.71,96.71,196.05,74.11,-252.16,15.3,4.7,Completed
SES-004040,2025-07-16,22,EV-008,Ahmedabad,Gujarat,Partner,DC Fast,CCS2,Corporate,UPI,1.17,37.28,13.64,508.5,214.43,219.16,51.83,23.08,12.6,3.9,Completed
SES-001583,2024-11-09,11,EV-016,Chennai,Tamil Nadu,Own,AC Level 2,CCS2,Taxi/Ride-share,Card,1.87,26.87,8.88,238.61,148.71,166.27,59.17,-135.54,43.3,2.9,Completed
SES-002245,2025-10-14,13,EV-023,Jaipur,Rajasthan,Own,DC Fast,CHAdeMO,Corporate,UPI,0.34,14.66,14.07,206.27,91.25,207.51,22.22,-114.71,14.0,3.9,Completed
SES-001663,2024-03-09,10,EV-008,Ahmedabad,Gujarat,Own,AC Level 2,CCS2,Taxi/Ride-share,UPI,0.88,16.0,11.99,191.84,95.73,46.6,36.93,12.58,22.4,3.0,Completed
SES-004161,2025-03-26,15,EV-002,Bengaluru,Karnataka,Own,DC Fast,CHAdeMO,Private,UPI,1.01,53.3,15.38,819.75,326.43,157.88,64.97,270.47,51.2,4.6,Completed
SES-003672,2025-03-11,9,EV-036,Lucknow,Uttar Pradesh,Own,AC Level 2,CCS2,Corporate,Wallet,1.0,17.95,11.98,215.04,146.36,128.19,60.92,-120.43,25.4,4.7,Completed
SES-003168,2024-12-30,9,EV-013,Hyderabad,Telangana,Own,DC Ultra-Fast,CCS2,Corporate,Card,1.3,180.0,19.69,3544.2,994.87,198.39,32.79,2318.15,41.4,3.8,Completed
SES-000848,2025-01-26,13,EV-055,Hyderabad,Telangana,Partner,AC Level 2,CHAdeMO,Private,Card,0.42,8.74,10.2,89.15,59.21,151.93,77.9,-199.89,23.2,3.9,Completed
SES-003340,2024-01-10,17,EV-032,Hyderabad,Telangana,Own,DC Fast,CCS2,Corporate,UPI,0.15,5.05,11.87,59.94,34.98,69.85,5.35,-50.24,25.0,4.1,Completed
SES-000846,2025-05-02,2,EV-034,Jaipur,Rajasthan,Partner,AC Level 2,CCS2,Private,UPI,0.41,8.33,11.52,95.96,55.24,121.33,48.49,-129.1,7.2,4.0,Cancelled
SES-004235,2024-12-29,19,EV-042,Gurugram,Haryana,Partner,DC Fast,CCS2,Private,Card,2.12,105.07,12.99,1364.86,859.09,60.17,38.8,406.8,45.0,3.8,Completed
SES-000484,2025-08-06,10,EV-031,Lucknow,Uttar Pradesh,Own,DC Fast,CCS2,Private,UPI,1.0,38.96,14.6,568.82,309.55,193.89,45.29,20.09,35.4,5.0,Completed
SES-000236,2025-09-07,22,EV-014,Pune,Maharashtra,Partner,AC Level 2,CCS2,Fleet,UPI,1.22,12.24,8.95,109.55,67.52,153.35,33.02,-144.34,30.0,3.6,Completed
SES-003624,2024-08-23,18,EV-035,Pune,Maharashtra,Franchise,AC Level 2,CHAdeMO,Corporate,UPI,0.8,7.94,11.23,89.17,48.53,158.33,24.19,-141.88,30.8,3.8,Completed
SES-003705,2025-08-24,13,EV-073,Jaipur,Rajasthan,Own,DC Ultra-Fast,CHAdeMO,Taxi/Ride-share,Corporate Account,1.09,116.93,19.07,2229.86,697.75,69.84,33.23,1429.04,36.3,4.5,Completed
SES-003453,2025-02-22,8,EV-094,Lucknow,Uttar Pradesh,Own,DC Fast,CCS2,Private,Card,1.48,82.72,14.92,1234.18,633.9,35.66,51.0,513.62,25.9,3.9,Completed
SES-004466,2024-02-19,10,EV-020,Gurugram,Haryana,Franchise,AC Level 2,CHAdeMO,Private,UPI,0.15,2.0,10.0,20.0,15.11,179.37,30.83,-205.31,24.8,3.6,Completed
SES-002433,2025-04-28,1,EV-087,Gurugram,Haryana,Own,AC Level 2,CCS2,Corporate,UPI,0.53,7.6,8.85,67.26,45.37,110.54,51.35,-140.0,27.5,5.0,Completed
SES-001125,2025-08-23,13,EV-039,Delhi,Delhi,Franchise,AC Level 2,CCS2,Fleet,UPI,1.02,11.13,11.41,126.99,83.77,155.8,78.55,-191.13,33.2,4.1,Completed
SES-002639,2024-05-07,19,EV-053,Delhi,Delhi,Own,AC Level 2,CCS2,Private,Card,0.26,4.57,8.6,39.3,32.22,48.71,63.55,-105.18,19.0,4.3,Completed
SES-001357,2024-02-07,11,EV-029,Ahmedabad,Gujarat,Own,AC Level 2,CCS2,Corporate,Wallet,0.29,5.46,9.88,53.94,43.74,203.83,20.62,-214.25,2.0,4.6,Completed
SES-002224,2025-12-07,7,EV-009,Delhi,Delhi,Franchise,AC Level 2,Type 2,Fleet,Card,0.45,6.2,8.89,55.12,34.09,193.18,58.85,-231.0,31.2,3.0,Completed
SES-002484,2024-04-11,0,EV-029,Lucknow,Uttar Pradesh,Own,DC Ultra-Fast,CCS2,Taxi/Ride-share,Wallet,1.13,109.14,18.87,2059.47,849.94,314.71,23.96,870.86,35.7,4.2,Completed
SES-000823,2025-09-25,3,EV-035,Pune,Maharashtra,Partner,AC Level 2,CCS2,Private,Corporate Account,1.0,18.94,11.03,208.91,110.99,217.18,43.93,-163.19,28.7,4.7,Completed
SES-000557,2025-10-12,6,EV-088,Delhi,Delhi,Own,AC Level 2,CCS2,Private,Card,1.49,15.85,8.68,137.58,92.51,93.01,31.34,-79.28,43.4,4.1,Completed
SES-001283,2025-04-13,21,EV-080,Bengaluru,Karnataka,Franchise,AC Level 2,CCS2,Taxi/Ride-share,Corporate Account,1.43,27.23,8.88,241.8,137.2,156.28,69.79,-121.47,37.1,3.5,Completed
SES-003723,2024-04-09,19,EV-079,Hyderabad,Telangana,Franchise,DC Fast,CCS2,Taxi/Ride-share,Card,1.96,85.83,13.24,1136.39,477.24,155.2,77.33,426.62,36.4,4.8,Completed
SES-000824,2025-07-07,4,EV-062,Chennai,Tamil Nadu,Own,AC Level 2,Type 2,Private,Wallet,0.47,8.67,11.24,97.45,69.36,205.49,61.06,-238.46,13.3,4.3,Completed
SES-004818,2024-07-15,6,EV-014,Chennai,Tamil Nadu,Own,DC Fast,CCS2,Taxi/Ride-share,Corporate Account,0.63,26.66,13.95,371.91,202.21,198.06,28.34,-56.7,30.9,3.8,Completed
SES-002851,2025-05-13,1,EV-076,Bengaluru,Karnataka,Own,AC Level 2,CCS2,Private,Card,1.62,27.14,10.76,292.03,217.04,206.08,34.01,-165.1,37.2,4.8,Completed
SES-004179,2025-10-19,21,EV-061,Delhi,Delhi,Franchise,AC Level 2,Type 2,Taxi/Ride-share,Wallet,1.16,19.36,10.23,198.05,135.87,64.21,62.86,-64.89,23.1,4.3,Completed
SES-003262,2025-06-02,15,EV-061,Delhi,Delhi,Own,DC Fast,CCS2,Private,Corporate Account,0.48,15.28,13.81,211.02,120.61,199.08,59.92,-168.59,26.2,4.2,Completed
SES-004925,2025-01-29,11,EV-033,Lucknow,Uttar Pradesh,Franchise,AC Level 2,CHAdeMO,Taxi/Ride-share,Wallet,1.91,25.56,10.13,258.92,160.47,34.48,12.16,51.81,61.5,4.0,Completed
SES-001845,2024-09-14,19,EV-004,Lucknow,Uttar Pradesh,Own,AC Level 2,CCS2,Private,UPI,0.15,2.25,10.19,22.93,15.99,194.59,55.16,-242.81,6.4,3.7,Completed
SES-001252,2025-07-04,18,EV-038,Mumbai,Maharashtra,Own,AC Level 2,Type 2,Corporate,Wallet,1.83,29.48,11.7,344.92,185.83,134.15,67.26,-42.32,31.9,4.0,Completed
SES-000211,2025-12-04,1,EV-056,Bengaluru,Karnataka,Franchise,DC Fast,CCS2,Taxi/Ride-share,Corporate Account,0.86,39.02,14.85,579.45,211.43,118.56,27.82,221.64,23.3,3.6,Completed
SES-001532,2024-01-12,11,EV-090,Bengaluru,Karnataka,Franchise,DC Ultra-Fast,CCS2,Taxi/Ride-share,Corporate Account,2.7,180.0,17.18,3092.4,1349.75,294.0,78.33,1370.32,34.6,3.5,Completed
SES-001616,2025-01-18,3,EV-037,Delhi,Delhi,Franchise,AC Level 2,CCS2,Private,UPI,1.69,26.89,11.07,297.67,147.07,23.09,52.9,74.61,56.3,3.6,Completed
SES-003776,2024-10-02,3,EV-093,Bengaluru,Karnataka,Partner,AC Level 2,CCS2,Taxi/Ride-share,UPI,1.18,14.22,11.43,162.53,95.69,204.31,78.86,-216.33,17.7,3.9,Completed
SES-004252,2024-06-23,20,EV-084,Gurugram,Haryana,Own,DC Fast,CCS2,Corporate,UPI,0.34,16.82,15.44,259.7,105.31,131.65,52.42,-29.68,10.1,4.6,Completed
SES-000140,2025-04-13,19,EV-096,Hyderabad,Telangana,Own,AC Level 2,CCS2,Private,Card,2.24,28.17,8.87,249.87,155.25,131.05,59.67,-96.1,43.2,5.0,Completed
SES-004283,2025-07-21,9,EV-061,Jaipur,Rajasthan,Own,AC Level 2,CHAdeMO,Private,UPI,0.48,9.22,10.84,99.94,62.7,39.33,21.74,-23.83,32.2,3.7,Completed
SES-004065,2024-12-29,1,EV-099,Lucknow,Uttar Pradesh,Own,DC Fast,Type 2,Private,UPI,0.69,29.51,13.62,401.93,203.02,158.42,57.39,-16.9,24.8,3.9,Completed
SES-002417,2024-07-26,9,EV-052,Gurugram,Haryana,Franchise,AC Level 2,CCS2,,Wallet,1.35,26.03,10.38,270.19,171.65,101.8,12.61,-15.87,51.2,4.9,Completed
SES-002499,2025-10-30,22,EV-082,Bengaluru,Karnataka,Own,DC Fast,CHAdeMO,Private,UPI,1.08,60.7,15.65,949.96,457.91,84.82,18.3,388.93,27.9,4.6,Completed
SES-002326,2025-10-20,11,EV-095,Mumbai,Maharashtra,Franchise,DC Fast,Type 2,Corporate,Card,1.22,56.27,14.66,824.92,443.66,88.07,55.68,237.51,66.4,4.2,Completed
SES-003371,2025-10-13,2,EV-029,Jaipur,Rajasthan,Franchise,AC Level 2,CCS2,Fleet,UPI,0.26,4.24,10.17,43.12,27.53,137.54,5.76,-127.71,25.7,4.2,Completed
SES-004616,2024-06-06,21,EV-026,Gurugram,Haryana,Own,AC Level 2,CCS2,Taxi/Ride-share,UPI,0.9,18.44,9.17,169.09,101.15,98.35,57.37,-87.78,35.7,4.9,Completed
SES-001054,2025-09-29,22,EV-099,Jaipur,Rajasthan,Own,DC Fast,CCS2,Private,UPI,1.89,98.44,15.84,1559.29,595.5,146.5,76.8,740.49,46.9,3.7,Completed
SES-003655,2024-04-16,5,EV-065,Hyderabad,Telangana,Own,AC Level 2,CCS2,Taxi/Ride-share,Corporate Account,1.68,32.02,10.09,323.08,160.93,29.49,49.34,83.32,42.8,4.4,Cancelled
SES-002620,2025-10-13,11,EV-036,Bengaluru,Karnataka,Partner,DC Fast,CCS2,Fleet,UPI,1.75,56.95,14.91,849.12,431.27,73.02,16.85,327.98,35.5,3.8,Completed
SES-004681,2025-07-21,23,EV-046,Jaipur,Rajasthan,Partner,DC Fast,CCS2,Corporate,Wallet,1.39,74.09,15.9,1178.03,397.3,142.52,40.51,597.7,37.5,3.7,Completed
SES-004232,2024-07-20,10,EV-094,Lucknow,Uttar Pradesh,Franchise,DC Fast,CCS2,Fleet,UPI,0.17,4.61,12.65,58.32,23.1,206.67,7.92,-179.37,18.8,3.9,Completed
SES-002015,2025-08-17,0,EV-045,Jaipur,Rajasthan,Franchise,DC Ultra-Fast,Type 2,Private,Wallet,2.49,180.0,18.31,3295.8,1437.82,189.45,46.35,1622.18,47.0,4.8,Completed
SES-004839,2025-10-27,8,EV-074,,Karnataka,Own,AC Level 2,Type 2,Private,Card,0.89,10.29,8.11,83.45,74.76,86.63,56.89,-134.83,23.1,3.7,Completed
SES-000594,2025-10-13,13,EV-083,Bengaluru,Karnataka,Partner,DC Fast,CCS2,Private,UPI,0.93,46.08,12.73,586.6,337.12,22.25,32.52,194.71,36.3,3.7,Completed
SES-002883,2024-02-15,11,EV-069,Lucknow,Uttar Pradesh,Franchise,AC Level 2,CCS2,Corporate,Wallet,0.88,15.07,10.23,154.17,96.44,182.78,47.31,-172.36,35.1,3.9,Completed
SES-000880,2025-10-24,16,EV-069,Bengaluru,Karnataka,Own,DC Fast,CCS2,Taxi/Ride-share,UPI,0.42,15.49,14.97,231.89,89.21,63.66,78.34,0.68,14.4,4.6,Cancelled
SES-003636,2025-12-09,0,EV-079,Hyderabad,Telangana,Own,DC Fast,CCS2,Private,Card,0.53,21.52,12.45,267.92,149.77,58.25,66.26,-6.36,11.8,4.3,Completed
SES-001033,2025-12-05,12,EV-071,Lucknow,Uttar Pradesh,Own,DC Ultra-Fast,CCS2,Private,Card,3.75,180.0,19.59,3526.2,1251.03,291.18,26.4,1957.59,48.7,3.8,Completed
SES-000345,2024-12-14,22,EV-077,Delhi,Delhi,Franchise,DC Fast,CHAdeMO,Private,Card,2.37,119.08,13.87,1651.64,849.89,128.18,75.13,598.44,60.9,4.1,Completed
SES-000842,2024-02-29,14,EV-001,Lucknow,Uttar Pradesh,Own,AC Level 2,Type 2,Private,Wallet,1.23,21.92,9.97,218.54,118.92,119.36,58.87,-78.61,38.9,4.3,Completed
SES-004424,2025-09-02,20,EV-002,Mumbai,Maharashtra,Partner,DC Fast,CHAdeMO,Fleet,UPI,1.0,36.27,14.65,531.36,291.53,197.55,50.43,-8.15,47.1,4.6,Completed
SES-002474,2024-10-30,6,EV-019,Delhi,Delhi,Partner,DC Ultra-Fast,CHAdeMO,Taxi/Ride-share,UPI,1.39,119.64,18.67,2233.68,929.96,263.37,32.74,1007.61,34.9,4.1,Completed
SES-004148,2025-10-14,1,EV-075,Lucknow,Uttar Pradesh,Partner,AC Level 2,CCS2,Corporate,Card,1.7,17.47,8.94,156.18,118.91,93.48,69.99,-126.2,36.3,4.0,Failed
SES-003253,2025-04-29,7,EV-077,Lucknow,Uttar Pradesh,Partner,DC Fast,CCS2,Fleet,Card,0.15,5.44,13.67,74.36,28.46,76.29,77.2,-107.59,27.7,3.5,Completed
SES-001864,2025-08-09,6,EV-025,Delhi,Delhi,Partner,DC Fast,CCS2,Private,Card,1.5,84.38,14.91,1258.11,666.95,133.63,54.4,403.13,81.4,3.9,Completed
SES-004021,2024-06-19,11,EV-021,Chennai,Tamil Nadu,Own,AC Level 2,Type 2,Corporate,UPI,1.59,22.46,11.89,267.05,114.73,208.7,67.88,-124.26,33.6,3.3,Completed
SES-003394,2025-12-26,16,EV-099,Pune,Maharashtra,Partner,AC Level 2,Type 2,Fleet,Card,2.73,35.11,8.33,292.47,196.14,135.33,43.99,-82.99,51.3,4.2,Completed
SES-003720,2025-04-23,6,EV-027,Lucknow,Uttar Pradesh,Own,DC Fast,CHAdeMO,Private,UPI,0.7,26.42,13.04,344.52,181.85,104.77,10.52,47.38,11.9,4.3,Completed
SES-004938,2025-06-02,4,EV-086,Lucknow,Uttar Pradesh,Own,DC Ultra-Fast,CCS2,Corporate,UPI,1.19,160.95,14.11,2271.0,851.75,184.66,13.74,1220.85,50.4,3.4,Completed
SES-003179,2024-04-29,14,EV-022,Mumbai,Maharashtra,Own,DC Fast,CCS2,Fleet,Card,0.44,22.99,13.09,300.94,150.17,24.43,29.54,96.8,26.1,4.5,Completed
SES-003789,2024-01-16,18,EV-012,Bengaluru,Karnataka,Own,DC Ultra-Fast,CCS2,Private,Card,1.21,126.93,17.98,2282.2,675.83,197.19,16.09,1393.09,57.5,4.0,Completed
SES-003448,2024-06-30,22,EV-023,Jaipur,Rajasthan,Franchise,AC Level 2,Type 2,Private,UPI,2.44,50.87,11.83,601.79,413.56,89.8,30.8,67.63,67.2,3.6,Completed
SES-003236,2025-11-07,6,EV-079,Mumbai,Maharashtra,Own,DC Ultra-Fast,CCS2,Private,UPI,0.15,13.37,19.66,262.85,109.02,190.96,22.54,-59.67,26.4,4.1,Completed
SES-003208,2024-09-03,3,EV-077,Pune,Maharashtra,Own,DC Fast,Type 2,Private,UPI,0.39,13.96,14.78,206.33,76.41,108.09,49.84,-28.01,11.9,4.6,Completed
SES-003099,2025-05-24,11,EV-018,Pune,Maharashtra,Own,DC Fast,Type 2,Private,UPI,0.34,18.5,11.07,204.8,114.23,126.43,11.31,-47.17,27.9,4.6,Completed
SES-001810,2025-03-21,2,EV-086,Jaipur,Rajasthan,Own,DC Fast,CCS2,Private,UPI,0.59,18.54,11.34,210.24,131.06,117.96,70.65,-109.43,47.4,3.9,Completed
SES-004039,2025-09-07,19,EV-092,Gurugram,Haryana,Franchise,AC Level 2,Type 2,Private,UPI,0.85,13.51,10.79,145.77,70.51,147.25,5.16,-77.15,12.7,3.6,Completed
SES-002910,2024-05-20,19,EV-066,Jaipur,Rajasthan,Partner,DC Fast,Type 2,Private,Corporate Account,0.52,15.34,15.47,237.31,94.42,38.23,23.79,80.87,25.2,4.6,Completed
SES-003356,2024-05-09,16,EV-099,Mumbai,Maharashtra,Partner,AC Level 2,Type 2,Private,UPI,0.15,3.04,11.45,34.81,15.84,211.07,52.98,-245.08,38.1,4.0,Completed
SES-001190,2024-05-22,2,EV-018,Pune,Maharashtra,Own,DC Fast,CCS2,Fleet,Wallet,0.53,27.38,14.25,390.16,223.87,47.02,65.91,53.36,24.0,4.4,Completed
SES-002235,2024-12-19,1,EV-039,Bengaluru,Karnataka,Own,DC Fast,CHAdeMO,Corporate,Card,1.37,53.04,11.59,614.73,367.86,172.99,77.8,-3.92,43.2,3.4,Completed
SES-004170,2025-05-31,23,EV-005,Mumbai,Maharashtra,Franchise,DC Fast,CCS2,Private,Wallet,0.37,10.36,14.27,147.84,73.3,36.96,17.01,20.57,25.3,3.0,Completed
SES-001359,2024-09-18,5,EV-097,Pune,Maharashtra,Own,AC Level 2,Type 2,Private,Corporate Account,0.61,6.42,9.81,62.98,42.83,195.01,23.81,-198.67,4.7,3.4,Completed
SES-001490,2024-09-10,19,EV-019,Jaipur,Rajasthan,Own,DC Ultra-Fast,CCS2,Private,Card,2.11,180.0,18.8,3384.0,1030.5,83.78,26.51,2243.21,36.8,3.9,Completed
SES-003639,2025-09-02,0,EV-047,Hyderabad,Telangana,Partner,AC Level 2,CHAdeMO,Private,UPI,0.68,6.91,9.49,65.58,52.67,183.22,72.4,-242.71,17.3,4.7,Completed
SES-001565,2024-08-15,11,EV-087,Mumbai,Maharashtra,Own,AC Level 2,CCS2,Taxi/Ride-share,Corporate Account,0.84,12.98,10.77,139.79,92.85,151.14,68.73,-172.93,22.9,3.0,Completed
SES-003859,2025-05-28,22,EV-084,Mumbai,Maharashtra,Franchise,AC Level 2,CCS2,Taxi/Ride-share,Wallet,0.78,9.94,9.66,96.02,80.98,132.01,69.19,-186.16,28.4,4.5,Completed
SES-003531,2024-10-11,5,EV-011,Chennai,Tamil Nadu,Partner,AC Level 2,Type 2,Private,UPI,2.4,28.89,10.89,314.61,154.83,209.83,5.03,-55.08,29.9,3.3,Completed
SES-002519,2024-03-10,19,EV-002,Chennai,Tamil Nadu,Franchise,AC Level 2,Type 2,Corporate,Card,3.28,54.76,8.27,452.87,314.94,97.43,57.94,-17.44,64.0,4.8,Cancelled
SES-000126,2024-02-10,14,EV-067,Hyderabad,Telangana,Own,DC Fast,CCS2,Private,Corporate Account,1.42,78.21,15.05,1177.06,499.67,209.9,21.18,446.31,40.2,4.8,Completed
SES-000365,2025-04-21,13,EV-043,Pune,Maharashtra,Franchise,DC Fast,CCS2,Private,UPI,1.37,50.01,14.14,707.14,274.92,45.33,10.21,376.68,40.3,4.1,Failed
SES-000118,2024-06-02,16,EV-026,Ahmedabad,Gujarat,Own,DC Fast,CHAdeMO,Private,UPI,1.73,62.47,12.23,764.01,495.6,209.29,43.04,16.08,58.9,3.3,Completed
SES-004473,2025-05-02,17,EV-026,Ahmedabad,Gujarat,Own,DC Fast,CCS2,Private,UPI,2.98,142.28,11.59,1649.03,1201.33,192.97,73.32,181.41,49.9,4.0,Completed
SES-000630,2025-06-17,15,EV-022,Mumbai,Maharashtra,Own,AC Level 2,Type 2,Fleet,Card,1.37,26.16,11.45,299.53,205.78,79.1,68.71,-54.06,56.0,3.9,Completed
SES-002576,2025-03-08,19,EV-058,Lucknow,Uttar Pradesh,Own,DC Fast,CCS2,Corporate,Corporate Account,1.1,30.34,12.08,366.51,200.18,127.79,9.95,28.59,33.1,3.7,Completed
SES-004793,2025-05-27,22,EV-064,Lucknow,Uttar Pradesh,Own,AC Level 2,CCS2,Fleet,Card,1.18,17.32,9.89,171.29,121.72,22.41,17.25,9.91,34.5,3.5,Completed
SES-001686,2025-09-20,20,EV-021,Pune,Maharashtra,Partner,DC Fast,Type 2,Fleet,Card,0.15,6.07,11.68,70.9,33.58,174.85,51.25,-188.78,14.8,3.9,Completed
SES-002013,2025-03-03,15,EV-019,Ahmedabad,Gujarat,Own,AC Level 2,CCS2,Private,Corporate Account,2.12,31.66,11.44,362.19,216.49,184.15,29.99,-68.44,49.7,4.1,Completed
SES-001989,2025-01-12,9,EV-086,Bengaluru,Karnataka,Own,AC Level 2,CHAdeMO,Private,Corporate Account,0.88,10.61,10.81,114.69,83.5,106.82,64.27,-139.9,42.8,4.5,Completed
SES-001519,2025-07-30,3,EV-016,Bengaluru,Karnataka,Franchise,AC Level 2,Type 2,Private,Card,0.62,7.38,11.9,87.82,41.38,160.93,61.93,-176.42,22.4,4.3,Completed
SES-004762,2024-04-01,9,EV-100,Ahmedabad,Gujarat,Franchise,DC Fast,CCS2,Private,UPI,1.03,42.41,12.92,547.94,265.85,178.83,43.07,60.19,46.9,,Completed
SES-001513,2025-01-14,11,EV-062,Chennai,Tamil Nadu,Own,DC Fast,CCS2,Private,Card,1.1,29.72,12.4,368.53,248.25,81.63,21.81,16.84,22.4,4.3,Completed
SES-003178,2024-03-31,4,EV-098,Ahmedabad,Gujarat,Own,AC Level 2,CHAdeMO,Private,UPI,1.07,18.86,10.84,204.44,154.66,194.1,20.87,-165.19,44.7,3.4,Cancelled
SES-000976,2025-07-24,16,EV-045,Jaipur,Rajasthan,Partner,AC Level 2,Type 2,Private,UPI,0.54,6.33,8.47,53.62,41.85,112.07,77.0,-177.3,14.7,4.9,Completed
SES-004493,2025-10-10,5,EV-030,Jaipur,Rajasthan,Franchise,DC Fast,CCS2,Corporate,UPI,1.51,61.54,12.41,763.71,398.44,36.68,40.17,288.42,34.2,4.9,Completed
SES-003750,2025-05-06,9,EV-062,Chennai,Tamil Nadu,Own,DC Fast,CCS2,Private,Wallet,0.24,9.81,11.23,110.17,59.26,155.72,35.85,-140.66,27.7,3.7,Completed
SES-004258,2025-08-22,13,EV-068,Pune,Maharashtra,Own,DC Fast,Type 2,Taxi/Ride-share,Wallet,0.96,32.83,12.23,401.51,201.63,96.8,55.77,47.31,34.5,5.0,Completed
SES-003059,2024-08-29,12,EV-037,Gurugram,Haryana,Own,DC Fast,CCS2,Taxi/Ride-share,Wallet,0.37,16.31,13.43,219.04,96.84,219.92,39.27,-136.99,32.5,4.0,Completed
SES-001736,2025-06-07,15,EV-075,Ahmedabad,Gujarat,Franchise,AC Level 2,CHAdeMO,Private,UPI,1.05,13.75,10.27,141.21,76.72,157.23,19.96,-112.7,16.6,4.7,Completed
SES-000478,2025-06-10,3,EV-028,Lucknow,Uttar Pradesh,Own,DC Ultra-Fast,CCS2,Taxi/Ride-share,Corporate Account,0.34,43.15,17.98,775.84,335.97,43.01,72.7,324.16,20.4,3.3,Cancelled
SES-001798,2025-12-22,23,EV-013,Lucknow,Uttar Pradesh,Franchise,DC Fast,CCS2,Private,Card,1.1,58.41,13.95,814.82,468.19,97.2,60.76,188.67,45.9,3.9,Completed
SES-001006,2024-02-21,6,EV-048,Jaipur,Rajasthan,Own,DC Ultra-Fast,CCS2,Taxi/Ride-share,UPI,1.16,132.92,14.44,1919.36,808.86,213.54,25.68,871.28,38.1,4.1,Completed
SES-000632,2025-10-31,21,EV-044,Pune,Maharashtra,Partner,DC Ultra-Fast,CCS2,Fleet,Corporate Account,0.82,88.6,14.58,1291.79,648.95,250.92,26.46,365.46,39.0,5.0,Completed
SES-002641,2024-02-27,11,EV-058,Lucknow,Uttar Pradesh,Own,DC Ultra-Fast,CCS2,Taxi/Ride-share,Card,4.5,180.0,17.56,3160.8,1375.57,193.57,12.97,1578.69,64.6,5.0,Completed
SES-001521,2024-03-10,13,EV-072,Ahmedabad,Gujarat,Franchise,AC Level 2,CCS2,Taxi/Ride-share,UPI,1.14,11.9,11.41,135.78,96.65,196.02,53.09,-209.98,17.2,2.5,Completed
SES-004656,2025-02-15,23,EV-016,Delhi,Delhi,Own,AC Level 2,Type 2,Taxi/Ride-share,UPI,0.15,2.98,11.06,32.96,20.52,139.67,62.48,-189.71,28.5,3.5,Completed
SES-001399,2024-03-07,10,EV-027,Gurugram,Haryana,Own,AC Level 2,CCS2,Fleet,UPI,0.15,2.34,8.39,19.63,16.26,25.61,57.77,-80.01,29.5,5.0,Completed
SES-004215,2025-09-07,12,EV-029,Chennai,Tamil Nadu,Franchise,DC Ultra-Fast,CHAdeMO,Private,UPI,0.35,43.3,15.03,650.8,268.45,165.07,72.47,144.81,10.8,3.9,Completed
SES-002329,2025-02-21,20,EV-040,Lucknow,Uttar Pradesh,Own,DC Ultra-Fast,CCS2,Private,Card,0.37,44.8,19.17,858.82,248.34,171.28,71.68,367.52,22.3,3.4,Completed
SES-004410,2024-03-05,15,EV-008,Delhi,Delhi,Own,DC Fast,CHAdeMO,Taxi/Ride-share,UPI,1.4,69.27,15.3,1059.83,423.97,138.45,75.41,422.0,37.4,3.7,Completed
SES-002938,2025-08-01,14,EV-027,Jaipur,Rajasthan,Franchise,AC Level 2,CCS2,Private,Card,0.88,11.54,9.05,104.44,82.44,213.59,9.26,-200.85,15.3,3.7,Completed
SES-004472,2025-04-21,14,EV-098,Delhi,Delhi,Own,AC Level 2,Type 2,Private,Wallet,2.92,35.47,11.12,394.43,276.0,127.94,9.4,-18.91,31.3,4.5,Completed
SES-002463,2025-04-21,22,EV-038,Bengaluru,Karnataka,Own,DC Ultra-Fast,Type 2,Private,Wallet,1.53,180.0,18.98,3416.4,937.7,243.38,50.29,2185.03,29.3,4.8,Completed
SES-004724,2025-01-14,21,EV-067,Delhi,Delhi,Partner,DC Fast,CHAdeMO,Corporate,UPI,0.51,21.79,15.29,333.17,173.5,166.85,13.74,-20.92,32.2,4.0,Completed
SES-002997,2024-08-06,23,EV-074,Pune,Maharashtra,Franchise,AC Level 2,Type 2,Taxi/Ride-share,Wallet,1.3,24.39,11.59,282.68,124.13,120.25,43.5,-5.2,25.6,3.7,Completed
SES-002918,2024-01-10,1,EV-046,Gurugram,Haryana,Partner,AC Level 2,CCS2,Corporate,UPI,1.02,16.83,10.23,172.17,122.4,37.59,70.05,-57.87,50.3,4.2,Completed
SES-003324,2025-07-31,6,EV-046,Delhi,Delhi,Franchise,DC Fast,CHAdeMO,Private,UPI,2.44,121.45,13.2,1603.14,738.32,20.69,63.13,781.0,61.1,4.2,Completed
SES-002621,2024-04-10,3,EV-027,Bengaluru,Karnataka,Own,DC Fast,CCS2,Fleet,UPI,0.71,27.23,14.95,407.09,227.26,212.65,21.66,-54.48,35.5,3.4,Completed
SES-001998,2024-08-28,8,EV-031,Pune,Maharashtra,Partner,AC Level 2,Type 2,Taxi/Ride-share,Wallet,0.76,9.79,8.33,81.55,74.52,22.27,56.76,-72.0,17.3,4.3,Completed
SES-004302,2025-06-10,8,EV-033,Chennai,Tamil Nadu,Own,AC Level 2,Type 2,Corporate,UPI,0.72,13.33,8.97,119.57,89.3,96.36,47.95,-114.04,34.8,5.0,Completed
SES-003118,2024-10-07,11,EV-046,Pune,Maharashtra,Franchise,DC Ultra-Fast,CCS2,Fleet,Corporate Account,1.07,114.27,14.77,1687.77,641.19,58.82,42.64,945.12,46.0,4.3,Completed
SES-001807,2025-01-08,0,EV-028,Mumbai,Maharashtra,Own,DC Fast,CCS2,Fleet,Corporate Account,1.0,53.45,12.95,692.18,423.26,205.72,39.93,23.27,21.5,4.8,Completed
SES-001990,2025-11-15,16,EV-049,Ahmedabad,Gujarat,Own,AC Level 2,Type 2,Private,Corporate Account,0.4,7.88,10.33,81.4,48.66,37.56,8.27,-13.09,38.2,3.8,Completed
SES-001576,2025-03-07,15,EV-003,Delhi,Delhi,Franchise,DC Fast,CCS2,Private,Corporate Account,1.79,93.0,11.54,1073.22,559.39,112.81,12.49,388.53,52.5,3.6,Completed
SES-002600,2024-04-07,9,EV-014,Chennai,Tamil Nadu,Franchise,DC Fast,CHAdeMO,Private,Card,1.31,37.82,13.27,501.87,303.4,153.12,38.3,7.05,35.9,3.2,Completed
SES-003951,2025-06-11,11,EV-029,Ahmedabad,Gujarat,Own,DC Ultra-Fast,CHAdeMO,Fleet,Card,0.33,23.1,19.55,451.6,117.09,,35.67,189.44,19.7,4.7,Completed
SES-001199,2025-08-31,0,EV-018,Delhi,Delhi,Own,DC Fast,CCS2,Private,Card,1.94,55.34,15.33,848.36,329.59,123.6,49.1,346.07,32.8,3.7,Completed
SES-002369,2024-04-18,4,EV-040,Delhi,Delhi,Own,DC Fast,CCS2,Private,Card,1.78,96.74,11.29,1092.19,539.35,137.33,18.81,396.7,49.3,4.1,Completed
SES-003597,2024-05-18,8,EV-069,Hyderabad,Telangana,Franchise,DC Fast,Type 2,Private,UPI,0.75,38.35,11.48,440.26,255.98,150.37,67.63,-33.72,4.4,4.5,Completed
SES-000470,2024-05-24,10,EV-083,Lucknow,Uttar Pradesh,Own,AC Level 2,CCS2,Private,Card,2.39,35.8,9.27,331.87,269.29,138.52,14.35,-90.29,20.1,3.6,Completed
SES-004580,2025-01-17,13,EV-009,Mumbai,Maharashtra,Partner,DC Fast,CCS2,Fleet,Wallet,0.28,8.44,13.42,113.26,64.12,85.39,20.22,-56.47,23.0,4.5,Completed
SES-004936,2024-11-06,3,EV-023,Hyderabad,Telangana,Partner,DC Ultra-Fast,CCS2,Taxi/Ride-share,Card,0.78,94.36,14.54,1371.99,600.21,273.9,48.69,449.19,32.2,4.5,Completed
SES-000867,2024-04-06,10,EV-015,Gurugram,Haryana,Partner,DC Fast,CCS2,Taxi/Ride-share,UPI,0.83,24.08,13.07,314.73,183.32,84.9,63.98,-17.47,33.4,3.8,Completed
SES-000080,2024-03-30,23,EV-066,Lucknow,Uttar Pradesh,Own,DC Fast,CCS2,Fleet,Card,0.7,37.1,12.16,451.14,242.29,67.68,23.01,118.16,20.1,4.1,Completed
SES-000534,2024-02-15,14,EV-062,Bengaluru,Karnataka,Partner,DC Fast,CCS2,Fleet,UPI,0.39,21.21,13.57,287.82,110.45,29.28,52.05,96.04,34.2,5.0,Completed
SES-001110,2025-02-24,13,EV-093,Mumbai,Maharashtra,Franchise,DC Fast,Type 2,Private,UPI,1.03,38.56,15.99,616.57,266.65,152.82,53.8,143.3,16.4,4.1,Cancelled
SES-002339,2025-12-07,16,EV-099,Delhi,Delhi,Partner,AC Level 2,CCS2,Private,UPI,1.18,15.33,10.44,160.05,93.13,38.42,56.76,-28.26,22.9,3.5,Completed
SES-004362,2025-01-11,8,EV-029,Delhi,Delhi,Partner,AC Level 2,CCS2,Private,Corporate Account,0.27,3.45,9.16,31.6,25.71,188.64,47.08,-229.83,20.5,4.7,Completed
SES-000165,2024-12-15,16,EV-076,Delhi,Delhi,Partner,DC Ultra-Fast,CCS2,Private,UPI,2.8,180.0,16.43,2957.4,1255.71,77.56,41.57,1582.56,49.8,4.4,Completed
SES-004015,2025-01-27,19,EV-002,Ahmedabad,Gujarat,Partner,DC Fast,Type 2,Corporate,Wallet,0.77,27.21,12.0,326.52,215.26,207.63,6.18,-102.55,9.5,4.0,Failed
SES-004531,2024-01-12,19,EV-040,Chennai,Tamil Nadu,Partner,AC Level 2,CHAdeMO,Taxi/Ride-share,Card,0.74,11.21,11.04,123.76,77.44,146.92,16.98,-117.58,27.0,4.7,Completed
SES-000876,2025-12-26,18,EV-016,Gurugram,Haryana,Own,AC Level 2,CCS2,Corporate,Corporate Account,0.59,9.7,10.52,102.04,77.71,120.32,55.79,-151.78,38.4,3.9,Completed
SES-000186,2025-08-17,0,EV-029,Mumbai,Maharashtra,Partner,AC Level 2,Type 2,Private,Card,1.96,19.93,10.54,210.06,152.5,31.17,20.81,5.58,35.9,3.4,Completed
SES-002166,2024-08-23,22,EV-069,Mumbai,Maharashtra,Partner,AC Level 2,Type 2,Fleet,UPI,0.42,7.58,9.77,74.06,46.94,185.58,16.17,-174.63,6.8,4.8,Completed
SES-002470,2025-01-13,14,EV-096,Hyderabad,Telangana,Own,DC Fast,Type 2,Private,Corporate Account,1.17,42.59,15.03,640.13,311.75,130.47,70.27,127.64,21.9,4.5,Completed
SES-001476,2025-03-11,15,EV-026,Bengaluru,Karnataka,Own,DC Fast,Type 2,Taxi/Ride-share,UPI,0.73,27.1,15.33,415.44,159.42,207.8,71.84,-23.62,28.2,4.4,Completed
SES-000136,2024-03-15,15,EV-084,Gurugram,Haryana,Own,AC Level 2,CCS2,Private,Card,1.03,16.26,10.68,173.66,94.35,21.46,17.09,40.76,35.5,3.8,Completed
SES-002420,2025-03-05,0,EV-005,Hyderabad,Telangana,Own,DC Fast,CHAdeMO,Fleet,UPI,1.9,104.18,15.95,1661.67,857.7,22.1,32.5,749.37,54.8,4.4,Completed
SES-003937,2025-11-21,16,EV-071,Pune,Maharashtra,Franchise, DC Fast ,CCS2,Taxi/Ride-share,Wallet,0.49,25.47,11.11,282.97,154.86,23.99,36.1,68.02,36.2,3.6,Completed
SES-004467,2024-09-28,18,EV-021,Jaipur,Rajasthan,Partner,DC Fast,Type 2,Taxi/Ride-share,Wallet,1.47,54.81,13.37,732.81,376.65,158.32,19.58,178.26,26.1,4.1,Completed
SES-003656,2024-03-22,21,EV-020,Mumbai,Maharashtra,Own,DC Ultra-Fast,CCS2,Private,UPI,1.22,139.22,17.13,2384.84,813.05,49.32,72.94,1449.53,64.7,4.5,Completed
SES-004415,2024-03-13,7,EV-069,Hyderabad,Telangana,Partner,DC Fast,CHAdeMO,Private,Card,3.04,162.87,12.11,1972.36,853.33,26.79,75.94,1016.3,60.4,3.1,Completed
SES-002892,2025-04-04,18,EV-071,Delhi,Delhi,Own,AC Level 2,Type 2,Private,Card,1.29,18.57,10.35,192.2,126.39,219.97,67.31,-221.47,20.4,5.0,Completed
SES-002098,2025-05-07,3,EV-070,Hyderabad,Telangana,Own,DC Fast,Type 2,Private,UPI,0.18,8.7,15.78,137.29,72.19,68.17,62.23,-65.3,18.1,3.3,Completed
SES-004704,2024-03-09,11,EV-098,Lucknow,Uttar Pradesh,Partner,AC Level 2,CCS2,Private,UPI,0.59,7.56,8.33,62.97,57.54,57.29,52.84,-104.7,23.5,5.0,Completed
SES-003870,2025-08-01,15,EV-032,Bengaluru,Karnataka,Partner,DC Ultra-Fast,CHAdeMO,Private,UPI,0.58,70.51,19.24,1356.61,575.62,114.25,41.82,624.92,44.9,4.6,Cancelled
SES-002575,2024-08-30,18,EV-008,Bengaluru,Karnataka,Own,DC Ultra-Fast,Type 2,Private,UPI,1.14,159.19,15.9,2531.12,1014.5,115.22,23.62,1377.78,60.0,4.7,Completed
SES-002501,2024-01-15,23,EV-063,Pune,Maharashtra,Own,AC Level 2,Type 2,Private,Wallet,0.85,10.21,9.65,98.53,78.57,74.01,21.33,-75.38,16.5,3.7,Completed
SES-004609,2024-08-07,23,EV-077,Delhi,Delhi,Own,DC Fast,CCS2,Private,UPI,0.61,24.79,13.92,345.08,125.92,87.75,37.28,94.13,27.1,4.3,Completed
SES-002731,2025-09-30,20,EV-069,Delhi,Delhi,Own,AC Level 2,CCS2,Corporate,Card,0.41,5.91,11.06,65.36,49.96,214.14,5.47,-204.21,33.7,4.4,Completed
SES-001229,2024-02-10,21,EV-071,Pune,Maharashtra,Partner,DC Fast,CHAdeMO,Private,UPI,3.36,139.46,14.67,2045.88,1181.48,178.73,54.45,631.22,67.2,4.6,Completed
SES-000648,2024-12-04,1,EV-023,Lucknow,Uttar Pradesh,Own,DC Fast,CCS2,Taxi/Ride-share,Wallet,1.56,43.45,15.71,682.6,276.54,68.71,43.31,294.04,46.1,4.3,Completed
SES-004654,2025-11-11,15,EV-012,Chennai,Tamil Nadu,Own,AC Level 2,Type 2,Private,UPI,0.95,18.39,11.43,210.2,154.33,30.38,51.93,-26.44,20.8,4.6,Completed
SES-003106,2024-02-16,22,EV-027,Mumbai,Maharashtra,Own,DC Fast,CCS2,Private,UPI,2.23,97.76,13.18,1288.48,618.92,84.93,24.73,559.9,25.1,4.1,Failed
SES-002296,2024-01-29,4,EV-017,Gurugram,Haryana,Own,AC Level 2,Type 2,Fleet,Card,2.42,33.93,10.4,352.87,184.58,60.7,5.26,102.33,76.3,3.3,Completed
SES-003039,2025-08-04,6,EV-067,Mumbai,Maharashtra,Own,DC Ultra-Fast,Type 2,Private,UPI,1.17,160.11,19.04,3048.49,1083.24,246.08,15.42,1703.75,28.6,3.6,Completed
SES-004929,2025-01-28,13,EV-062,Delhi,Delhi,Own,AC Level 2,CCS2,Private,Corporate Account,0.97,12.89,9.59,123.62,64.65,131.15,68.31,-140.49,36.4,3.5,Completed
SES-000692,2025-10-11,0,EV-082,Chennai,Tamil Nadu,Own,AC Level 2,CCS2,Corporate,Corporate Account,0.49,6.15,11.64,71.59,36.46,164.67,53.85,-183.39,44.5,5.0,Completed
SES-001464,2024-04-09,2,EV-082,Jaipur,Rajasthan,Partner,DC Fast,CCS2,Fleet,Wallet,0.74,31.08,12.54,389.74,184.58,50.86,61.02,93.28,48.3,4.4,Completed
SES-004867,2025-04-30,23,EV-086,Jaipur,Rajasthan,Own,DC Fast,CCS2,Fleet,Corporate Account,0.21,11.22,15.2,170.54,67.85,188.22,24.25,-109.78,5.2,3.8,Completed
SES-002029,2024-06-30,21,EV-066,Pune,Maharashtra,Partner,DC Ultra-Fast,Type 2,Taxi/Ride-share,Wallet,0.15,10.31,18.55,191.25,75.19,114.06,14.0,-12.0,21.1,4.3,Completed
SES-004313,2024-05-28,4,EV-060,Bengaluru,Karnataka,Own,AC Level 2,CCS2,Private,UPI,0.72,14.22,11.23,159.69,100.51,85.78,61.31,-87.91,22.5,4.0,Completed
SES-001277,2025-11-18,11,EV-053,Delhi,Delhi,Franchise,DC Ultra-Fast,CCS2,Private,UPI,0.9,121.07,18.83,2279.75,957.9,114.98,31.73,1175.14,41.4,4.3,Completed
SES-000544,2024-01-03,0,EV-082,Gurugram,Haryana,Franchise,AC Level 2,CCS2,Corporate,UPI,0.55,8.24,11.3,93.11,52.95,136.65,22.58,-119.07,17.2,4.1,Completed
SES-002759,2024-03-30,21,EV-080,Ahmedabad,Gujarat,Franchise,DC Ultra-Fast,CCS2,Private,Wallet,1.52,180.0,17.51,3151.8,1526.66,206.01,45.7,1373.43,39.5,3.8,Completed
SES-004067,2025-04-28,15,EV-063,Pune,Maharashtra,Partner,DC Fast,Type 2,Taxi/Ride-share,Corporate Account,0.53,29.74,14.29,424.98,183.22,107.88,77.37,56.51,31.5,4.3,Completed
SES-002487,2025-05-20,5,EV-058,Mumbai,Maharashtra,Own,AC Level 2,CCS2,Private,Card,0.42,4.79,11.45,54.85,31.98,128.16,62.26,-167.55,43.7,4.9,Completed
SES-004614,2025-12-19,3,EV-077,Delhi,Delhi,Franchise,DC Fast,CCS2,Corporate,UPI,1.91,91.8,11.33,1040.09,487.86,71.46,46.83,433.94,57.4,3.8,Completed
SES-001986,2025-06-20,8,EV-036,Delhi,Delhi,Partner,DC Fast,CHAdeMO,Taxi/Ride-share,Card,1.7,67.42,15.76,1062.54,432.94,37.54,20.81,571.25,44.1,4.1,Completed
SES-002909,2025-04-02,15,EV-100,Delhi,Delhi,Partner,DC Fast,CCS2,Taxi/Ride-share,UPI,0.42,12.01,12.07,144.96,71.37,174.4,16.61,-117.42,13.3,4.3,Completed
SES-002999,2024-06-06,7,EV-062,Lucknow,Uttar Pradesh,Franchise,DC Fast,Type 2,Corporate,Corporate Account,0.87,30.24,14.04,424.57,169.65,24.65,8.77,221.5,44.2,2.6,Completed
SES-002375,2025-08-09,11,EV-090,Ahmedabad,Gujarat,Own,DC Fast,CCS2,Private,UPI,0.88,26.18,14.68,384.32,164.61,40.65,66.53,112.53,29.1,3.4,Completed
SES-000227,2025-01-01,2,EV-021,Bengaluru,Karnataka,Own,DC Fast,CCS2,Corporate,UPI,1.6,55.89,12.39,692.48,433.05,190.51,9.55,59.37,28.2,3.9,Completed
SES-004790,2024-11-28,1,EV-021,Pune,Maharashtra,Own,DC Ultra-Fast,CCS2,Taxi/Ride-share,Wallet,1.05,102.14,15.72,1605.64,674.91,190.54,78.65,661.54,62.0,3.3,Completed
SES-000554,2025-05-19,1,EV-068,Delhi,Delhi,Own,DC Fast,CCS2,Fleet,Card,0.7,28.79,14.62,420.91,193.41,20.65,12.67,194.18,15.6,4.9,Failed
SES-004158,2024-04-07,2,EV-018,Lucknow,Uttar Pradesh,Partner,DC Fast,CCS2,Private,Wallet,0.9,34.45,12.6,434.07,198.21,70.24,51.47,114.15,26.9,4.0,Completed
SES-002933,2025-07-17,13,EV-075,Ahmedabad,Gujarat,Partner,DC Fast,CCS2,Taxi/Ride-share,Corporate Account,0.76,23.87,13.51,322.48,120.04,194.29,9.84,-1.69,17.9,4.2,Completed
SES-001733,2025-08-21,2,EV-032,Lucknow,Uttar Pradesh,Own,DC Fast,CCS2,Private,UPI,0.7,38.58,15.79,609.18,244.6,181.32,53.02,130.24,35.4,4.9,Completed
SES-002060,2024-04-02,4,EV-061,Delhi,Delhi,Franchise,AC Level 2,CCS2,Private,Wallet,0.16,2.48,8.34,20.68,15.89,188.17,75.51,-258.89,24.9,2.8,Completed
SES-002021,2025-01-05,0,EV-084,Jaipur,Rajasthan,Own,AC Level 2,CCS2,Fleet,UPI,0.4,6.14,9.39,57.65,49.33,165.04,66.82,-223.54,25.5,3.4,Completed
SES-004004,2025-11-19,19,EV-031,Mumbai,Maharashtra,Franchise,AC Level 2,Type 2,Fleet,UPI,1.48,25.81,9.27,239.26,176.28,215.71,6.78,-159.51,40.1,2.7,Completed
SES-003869,2025-04-20,19,EV-087,Lucknow,Uttar Pradesh,Own,AC Level 2,CCS2,Corporate,UPI,0.64,7.99,8.57,68.47,47.49,73.99,30.78,-83.79,29.5,5.0,Completed
SES-004667,2025-10-19,17,EV-059,Bengaluru,Karnataka,Own,DC Fast,CCS2,Private,Corporate Account,0.63,27.66,15.11,417.94,220.43,205.81,18.2,-26.5,25.7,4.4,Completed
SES-001840,2025-07-16,12,EV-015,Lucknow,Uttar Pradesh,Own,DC Ultra-Fast,CCS2,Private,Card,0.79,61.37,17.55,1077.04,311.85,41.79,6.22,717.18,31.3,4.6,Completed
SES-004778,2025-10-07,17,EV-010,Ahmedabad,Gujarat,Own,AC Level 2,Type 2,Private,Corporate Account,1.31,25.84,8.92,230.49,166.82,94.94,71.4,-102.67,28.8,4.0,Completed
SES-002108,2024-04-11,5,EV-040,Pune,Maharashtra,Own,DC Fast,CCS2,Private,Corporate Account,0.68,22.88,15.69,358.99,141.97,149.87,49.91,17.24,44.7,4.2,Completed
SES-003942,2025-01-16,15,EV-013,Bengaluru,Karnataka,Own,DC Fast,CCS2,Private,Card,0.84,28.72,12.83,368.48,188.28,143.14,56.81,-19.75,62.5,4.0,Completed
SES-003934,2024-05-25,12,EV-097,Mumbai,Maharashtra,Own,AC Level 2,Type 2,Fleet,Wallet,1.32,21.01,9.79,205.69,124.83,202.47,42.47,-164.08,28.4,3.2,Completed
SES-000662,2025-10-10,8,EV-060,Chennai,Tamil Nadu,Own,AC Level 2,CCS2,Private,UPI,1.04,19.88,8.99,178.72,153.86,178.5,61.28,-214.92,21.8,4.4,Completed
SES-001636,2024-04-17,7,EV-038,Lucknow,Uttar Pradesh,Own,DC Fast,CCS2,Private,Card,1.08,61.27,12.1,741.37,453.46,158.53,36.64,92.74,19.3,3.6,Completed
SES-000349,2024-03-17,14,EV-056,Mumbai,Maharashtra,Franchise,DC Ultra-Fast,Type 2,Private,Wallet,0.83,105.13,19.37,2036.37,694.19,304.85,23.94,1013.39,24.3,4.7,Completed
SES-000298,2024-05-30,7,EV-067,Chennai,Tamil Nadu,Partner,AC Level 2,CCS2,Private,Corporate Account,1.11,18.11,10.54,190.88,122.66,70.44,32.81,-35.03,22.4,4.5,Completed
SES-002584,2025-07-06,20,EV-010,Gurugram,Haryana,Franchise,AC Level 2,Type 2,Private,Wallet,1.18,23.09,8.27,190.95,138.63,75.65,56.32,-79.65,47.1,4.1,Completed
SES-003619,2024-01-27,6,EV-022,Lucknow,Uttar Pradesh,Franchise,DC Fast,Type 2,,Wallet,1.3,48.64,14.04,682.91,332.65,214.27,68.1,67.89,25.9,5.0,Completed
SES-004301,2025-09-17,10,EV-048,Bengaluru,Karnataka,Franchise,AC Level 2,CCS2,Private,UPI,0.35,4.07,11.35,46.19,25.2,141.05,61.04,-181.1,8.0,4.3,Completed
SES-003678,2024-09-06,16,EV-001,Lucknow,Uttar Pradesh,Own,DC Ultra-Fast,CCS2,Private,UPI,0.38,39.41,15.16,597.46,260.15,165.46,78.46,93.39,31.5,4.8,Completed
SES-002403,2024-06-14,9,EV-070,Gurugram,Haryana,Partner,AC Level 2,CCS2,Private,Card,1.73,18.57,8.95,166.2,140.02,118.97,67.05,-159.84,58.3,4.6,Completed
SES-004973,2025-06-04,11,EV-015,Gurugram,Haryana,Franchise,DC Ultra-Fast,CCS2,Private,UPI,1.55,158.66,18.28,2900.3,1235.54,153.73,79.56,1431.47,41.6,4.6,Completed
SES-001034,2024-12-15,19,EV-044,Pune,Maharashtra,Own,DC Fast,CHAdeMO,Private,Wallet,0.19,10.29,12.39,127.49,71.57,165.72,18.2,-128.0,18.0,3.7,Completed
SES-003703,2025-04-20,17,EV-062,Hyderabad,Telangana,Own,DC Fast,CHAdeMO,Private,Wallet,0.51,15.36,15.18,233.16,84.92,191.89,55.47,-99.12,49.4,4.3,Completed
SES-003818,2025-06-30,8,EV-009,Chennai,Tamil Nadu,Partner,DC Fast,CCS2,Fleet,UPI,1.78,63.45,14.1,894.64,506.11,79.26,34.26,275.01,28.1,3.7,Completed
SES-001234,2024-07-03,12,EV-055,Jaipur,Rajasthan,Own,AC Level 2,Type 2,Private,Corporate Account,2.32,30.95,11.41,353.14,192.42,59.51,12.75,88.46,36.4,3.3,Failed
SES-004754,2025-11-23,18,EV-013,Lucknow,Uttar Pradesh,Own,DC Ultra-Fast,CCS2,Private,Card,0.94,119.46,15.74,1880.3,626.65,71.75,5.19,1176.71,51.0,4.6,Completed
SES-003801,2025-06-16,0,EV-069,Jaipur,Rajasthan,Franchise,AC Level 2,Type 2,Private,UPI,0.39,7.91,8.01,63.36,67.04,115.06,35.96,-154.7,21.6,4.3,Completed
SES-001586,2025-05-28,3,EV-044,Mumbai,Maharashtra,Franchise,DC Fast,Type 2,Fleet,Card,0.15,6.58,15.39,101.27,44.33,130.23,43.09,-116.38,26.6,4.7,Completed
SES-001947,2025-06-25,6,EV-042,Chennai,Tamil Nadu,Franchise,AC Level 2,CCS2,Taxi/Ride-share,UPI,3.83,77.54,9.36,725.77,426.11,155.86,37.31,106.49,74.7,4.2,Completed
SES-001592,2024-01-11,3,EV-018,Mumbai,Maharashtra,Own,AC Level 2,Type 2,Private,Corporate Account,0.61,8.79,8.4,73.84,55.38,78.33,19.36,-79.23,24.1,4.2,Completed
SES-004218,2024-12-25,3,EV-058,Ahmedabad,Gujarat,Franchise,AC Level 2,Type 2,Private,UPI,0.55,5.75,8.36,48.07,47.52,215.68,8.31,-223.44,32.4,3.4,Completed
SES-000657,2024-05-20,23,EV-043,Ahmedabad,Gujarat,Own,AC Level 2,Type 2,Taxi/Ride-share,Card,1.76,35.78,10.36,370.68,249.44,145.73,32.62,-57.11,51.4,4.7,Completed
SES-002200,2025-05-24,22,EV-059,Pune,Maharashtra,Own,DC Fast,Type 2,Private,Wallet,4.29,146.92,12.36,1815.93,1194.48,84.04,47.79,489.62,73.2,3.4,Completed
SES-004832,2025-01-23,3,EV-055,Mumbai,Maharashtra,Partner,AC Level 2,CHAdeMO,Private,Wallet,1.6,21.23,8.25,175.15,172.51,89.46,72.26,-159.08,24.0,3.4,Cancelled
SES-003185,2024-07-25,9,EV-053,Gurugram,Haryana,Own,AC Level 2,CCS2,Private,UPI,0.57,8.47,9.01,76.31,59.72,135.33,35.02,-153.76,18.4,4.4,Completed
SES-001897,2025-05-23,8,EV-038,Mumbai,Maharashtra,Own,AC Level 2,CCS2,Taxi/Ride-share,Card,0.99,20.18,10.7,215.93,118.35,154.72,72.61,-129.75,21.8,4.0,Completed
SES-003559,2024-12-16,16,EV-028,Hyderabad,Telangana,Partner,AC Level 2,CCS2,Corporate,Wallet,0.97,14.03,8.27,116.03,105.91,212.11,76.69,-278.68,22.5,4.7,Completed
SES-004227,2025-04-13,20,EV-059,Gurugram,Haryana,Own,DC Ultra-Fast,CHAdeMO,Corporate,UPI,1.5,132.63,15.28,2026.59,675.23,107.29,26.83,1217.24,37.7,4.5,Failed
SES-001723,2024-08-05,1,EV-092,Gurugram,Haryana,Franchise,AC Level 2,CCS2,Private,Corporate Account,1.5,28.82,9.72,280.13,215.03,83.35,38.21,-56.46,29.0,3.9,Completed
SES-000134,2024-07-03,7,EV-054,Chennai,Tamil Nadu,Franchise,DC Fast,CCS2,Private,UPI,0.71,25.85,13.95,360.61,145.8,213.47,55.26,-53.92,20.0,3.9,Completed
SES-004097,2024-08-20,4,EV-065,Hyderabad,Telangana,Own,DC Fast,CCS2,Taxi/Ride-share,Wallet,0.73,24.96,14.17,353.68,170.88,55.96,24.32,102.52,19.8,4.4,Completed
SES-004348,2024-02-02,2,EV-008,Ahmedabad,Gujarat,Franchise,DC Fast,CCS2,Private,UPI,0.29,9.47,11.82,111.94,53.47,29.5,56.97,-28.0,21.7,3.7,Completed
SES-001888,2024-12-25,12,EV-053,Pune,Maharashtra,Franchise,DC Fast,Type 2,Fleet,Card,0.18,4.92,15.79,77.69,32.24,101.59,58.68,-114.82,10.5,4.0,Completed
SES-004577,2025-10-16,6,EV-100,Mumbai,Maharashtra,Franchise,AC Level 2,CCS2,Corporate,Corporate Account,2.24,40.81,10.1,412.18,302.61,102.92,44.66,-38.01,52.7,4.5,Completed
SES-000578,2024-08-13,1,EV-045,Bengaluru,Karnataka,Own,DC Fast,Type 2,,UPI,0.43,13.78,15.44,212.76,88.45,75.23,24.68,24.4,21.8,5.0,Completed
SES-003144,2025-07-07,11,EV-099,Bengaluru,Karnataka,Partner,AC Level 2,CCS2,Private,Corporate Account,0.93,9.51,10.03,95.39,59.16,84.42,6.95,-55.14,36.4,4.9,Completed
SES-000239,2025-10-07,1,EV-046,Lucknow,Uttar Pradesh,Own,DC Fast,CCS2,Private,Corporate Account,2.13,114.33,12.47,1425.7,902.16,91.0,62.13,370.41,59.2,4.7,Completed
SES-002371,2025-05-03,2,EV-045,Bengaluru,Karnataka,Own,AC Level 2,CCS2,Private,UPI,0.27,3.56,9.28,33.04,25.76,143.03,79.92,-215.67,25.1,3.8,Completed
SES-004550,2024-03-29,17,EV-075,Hyderabad,Telangana,Own,AC Level 2,Type 2,Fleet,UPI,1.13,12.2,11.9,145.18,99.47,136.07,64.49,-154.85,43.3,4.1,Completed
SES-000957,2024-09-28,2,EV-014,Hyderabad,Telangana,Franchise,DC Fast,CCS2,Taxi/Ride-share,UPI,1.49,68.43,14.83,1014.82,527.13,164.17,25.9,297.62,35.5,4.6,Completed
SES-001954,2025-10-31,9,EV-022,Gurugram,Haryana,Franchise,DC Fast,CCS2,Private,Wallet,3.11,98.22,15.84,1555.8,541.72,105.62,33.2,875.26,51.2,3.9,Failed
SES-003290,2024-11-09,2,EV-035,Delhi,Delhi,Franchise,DC Fast,Type 2,Corporate,Card,0.19,10.09,11.33,114.32,81.35,64.26,69.36,-100.65,21.2,3.7,Completed
SES-001879,2025-08-15,0,EV-098,Bengaluru,Karnataka,Own,DC Fast,CCS2,Taxi/Ride-share,Card,1.05,39.31,12.13,476.83,261.68,47.49,6.49,161.17,25.5,4.6,Completed
SES-000730,2025-12-29,3,EV-026,Chennai,Tamil Nadu,Partner,DC Fast,Type 2,Private,UPI,0.31,11.55,14.48,167.24,64.82,194.07,25.7,-117.35,28.4,3.7,Completed
SES-004587,2024-10-02,9,EV-011,Bengaluru,Karnataka,Franchise,AC Level 2,CHAdeMO,Corporate,UPI,0.39,5.05,9.83,49.64,39.88,90.94,18.72,-99.9,20.8,3.7,Completed
SES-001010,2025-07-01,6,EV-094,Delhi,Delhi,Own,AC Level 2,Type 2,Corporate,Corporate Account,1.01,18.17,9.61,174.61,141.62,180.15,71.63,-218.79,36.0,3.5,Completed
SES-000550,2024-07-01,14,EV-095,Pune,Maharashtra,Franchise,dc fast,CCS2,Private,UPI,1.44,62.17,12.13,754.12,350.75,20.28,59.52,323.57,29.2,3.4,Completed
SES-001360,2024-05-05,18,EV-041,Delhi,Delhi,Own,DC Fast,Type 2,Corporate,UPI,0.38,21.06,15.69,330.43,177.38,58.57,70.51,23.97,28.0,4.3,Completed
SES-003109,2025-02-08,1,EV-100,Delhi,Delhi,Own,DC Fast,CCS2,Taxi/Ride-share,Card,0.2,6.55,12.84,84.1,44.16,82.2,45.07,-87.33,13.3,3.1,Completed
SES-004207,2024-04-07,18,EV-066,Gurugram,Haryana,Partner,AC Level 2,CCS2,Private,Wallet,0.93,10.59,10.76,113.95,88.08,122.46,61.1,-157.69,33.7,3.9,Completed
SES-000160,2025-05-15,19,EV-089,Jaipur,Rajasthan,Franchise,AC Level 2,CCS2,Private,Card,1.97,36.03,10.34,372.55,245.45,52.18,79.68,-4.76,54.8,4.2,Completed
SES-002937,2025-09-02,2,EV-087,Bengaluru,Karnataka,Franchise,DC Fast,CCS2,Private,Card,1.62,74.07,11.63,861.43,601.32,111.66,9.1,139.35,59.0,4.7,Completed
SES-000610,2024-11-04,2,EV-047,Jaipur,Rajasthan,Own,AC Level 2,CCS2,,UPI,0.35,7.27,8.96,65.14,52.55,28.75,8.71,-24.87,14.6,3.3,Completed
SES-000292,2024-10-12,13,EV-054,Bengaluru,Karnataka,Own,DC Ultra-Fast,CCS2,Private,Corporate Account,1.83,138.35,17.38,2404.52,715.57,297.76,44.8,1346.39,39.9,3.7,Completed
SES-002975,2024-08-30,23,EV-018,Mumbai,Maharashtra,Franchise,DC Fast,CCS2,Corporate,UPI,2.68,124.85,11.39,1422.04,974.66,178.4,49.29,219.69,64.4,4.1,Completed
SES-000746,2024-05-14,21,EV-046,Mumbai,Maharashtra,Own,AC Level 2,CHAdeMO,Private,Card,1.08,22.25,8.16,181.56,155.51,126.26,77.42,-177.63,31.1,3.8,Completed
SES-000776,2024-04-12,23,EV-047,Bengaluru,Karnataka,Own,AC Level 2,CHAdeMO,Corporate,UPI,1.33,25.38,8.29,210.4,168.62,115.77,64.1,-138.09,33.0,3.7,Completed
SES-002747,2024-01-17,5,EV-022,Hyderabad,Telangana,Own,DC Fast,CCS2,Fleet,UPI,0.7,24.69,12.61,311.34,202.65,113.29,67.04,-71.64,29.7,3.9,Completed
SES-002962,2025-11-29,5,EV-005,Hyderabad,Telangana,Partner,DC Fast,CHAdeMO,Fleet,UPI,0.15,6.57,11.06,72.66,37.16,52.51,69.76,-86.77,29.6,3.3,Completed
SES-001458,2025-11-01,14,EV-073,Mumbai,Maharashtra,Franchise,DC Ultra-Fast,CCS2,Private,Corporate Account,0.87,94.77,19.74,1870.76,627.15,130.41,55.0,1058.2,17.5,4.4,Completed
SES-003236,2025-11-07,6,EV-079,Mumbai,Maharashtra,Own,DC Ultra-Fast,CCS2,Private,UPI,0.15,13.37,19.66,262.85,109.02,190.96,22.54,-59.67,26.4,4.1,Completed
SES-000264,2024-10-02,9,EV-040,Bengaluru,Karnataka,Partner,AC Level 2,Type 2,Taxi/Ride-share,Corporate Account,2.26,45.69,9.92,453.24,319.57,107.15,70.42,-43.9,57.8,4.5,Completed
SES-001256,2024-02-04,9,EV-079,,Maharashtra,Own,AC Level 2,CCS2,Private,Wallet,1.74,24.57,9.14,224.57,139.48,168.09,26.11,-109.11,37.6,4.8,Completed
SES-004399,2025-09-05,17,EV-011,Ahmedabad,Gujarat,Own,AC Level 2,CCS2,Private,Corporate Account,0.64,8.16,8.87,72.38,52.71,101.31,39.01,-120.65,22.6,4.7,Completed
SES-001772,2024-03-30,13,EV-047,Chennai,Tamil Nadu,Own,AC Level 2,CCS2,Private,Card,0.5,8.81,8.78,77.35,67.37,59.89,49.7,-99.61,34.4,4.0,Completed
SES-004085,2024-06-29,21,EV-074,Pune,Maharashtra,Franchise,AC Level 2,CHAdeMO,Taxi/Ride-share,UPI,2.18,43.29,8.86,383.55,349.04,34.1,49.17,-48.76,73.0,3.9,Completed
SES-002976,2024-02-04,14,EV-030,Bengaluru,Karnataka,Partner,DC Fast,CCS2,Fleet,Card,0.75,31.91,13.0,414.83,224.41,144.13,70.12,-23.83,16.1,5.0,Failed
SES-001200,2025-09-29,19,EV-007,Pune,Maharashtra,Partner,DC Fast,Type 2,Private,UPI,0.76,36.68,15.05,552.03,251.08,114.82,76.01,110.12,24.3,4.1,Completed
SES-004670,2025-09-19,14,EV-082,Delhi,Delhi,Own,DC Fast,CCS2,Taxi/Ride-share,Corporate Account,0.7,29.52,13.48,397.93,192.03,37.97,72.05,95.88,27.1,3.6,Completed
SES-004246,2025-05-13,1,EV-009,Lucknow,Uttar Pradesh,Own,AC Level 2,CHAdeMO,Private,UPI,1.66,21.58,11.78,254.21,130.01,176.75,25.32,-77.87,13.2,4.3,Completed
SES-004168,2025-05-01,8,EV-094,Mumbai,Maharashtra,Own,DC Fast,CHAdeMO,Private,Wallet,0.15,6.16,15.96,98.31,39.26,192.74,72.57,-206.26,16.6,5.0,Completed
SES-000090,2025-06-26,17,EV-016,Bengaluru,Karnataka,Own,AC Level 2,CHAdeMO,Fleet,Card,1.23,23.68,10.86,257.16,183.97,23.73,64.41,-14.95,49.4,4.5,Failed
SES-004214,2024-02-15,1,EV-043,Lucknow,Uttar Pradesh,Partner,AC Level 2,CCS2,Private,UPI,2.55,52.88,8.26,436.79,282.01,112.01,69.63,-26.86,51.6,4.6,Completed
SES-001512,2025-10-20,5,EV-054,Delhi,Delhi,Own,AC Level 2,CCS2,corporate,Card,0.7,11.44,11.2,128.13,63.8,129.89,34.32,-99.88,2.0,3.7,Completed
SES-002370,2024-03-12,6,EV-080,Jaipur,Rajasthan,Partner,AC Level 2,Type 2,Private,Wallet,0.39,5.4,9.37,50.6,35.43,199.14,41.48,-225.45,26.4,4.1,Cancelled
SES-004729,2025-04-29,6,EV-057,Hyderabad,Telangana,Franchise,AC Level 2,CCS2,Private,Card,0.4,5.16,8.03,41.43,40.95,138.08,23.42,-161.02,51.0,3.1,Completed
SES-000460,2025-06-05,3,EV-004,Bengaluru,Karnataka,Own,DC Fast,CCS2,Fleet,Wallet,1.7,69.85,14.53,1014.92,508.76,176.07,20.6,309.49,33.6,3.7,Completed
SES-002218,2025-09-20,20,EV-034,Pune,Maharashtra,Franchise,DC Fast,CCS2,Corporate,Corporate Account,0.32,14.89,15.92,237.05,120.16,128.14,48.58,-59.83,26.2,3.0,Failed
SES-004325,2024-07-01,15,EV-025,Hyderabad,Telangana,Franchise,DC Fast,CCS2,Private,Card,0.35,18.64,15.74,293.39,109.77,172.65,59.17,-48.2,32.5,3.7,Completed
SES-003646,2024-04-25,3,EV-093,Lucknow,Uttar Pradesh,Own,DC Fast,CCS2,Private,Wallet,2.58,100.36,15.24,1529.49,547.26,,73.26,696.74,49.5,4.8,Completed
SES-004338,2024-09-13,18,EV-031,Delhi,Delhi,Partner,DC Ultra-Fast,CCS2,Private,Card,0.41,48.8,19.88,970.14,324.68,314.03,10.76,320.67,6.2,3.9,Completed
SES-001938,2025-11-21,12,EV-001,Hyderabad,Telangana,Own,DC Fast,CCS2,Private,UPI,0.48,14.28,15.44,220.48,115.0,213.7,42.56,-150.78,40.9,4.3,Completed
SES-003028,2024-11-30,1,EV-098,Jaipur,Rajasthan,Partner,AC Level 2,CCS2,Fleet,Card,0.28,3.96,11.7,46.33,26.48,58.89,23.94,-62.98,20.3,4.7,Completed
SES-004095,2024-09-09,22,EV-037,Gurugram,Haryana,Own,DC Ultra-Fast,Type 2,Private,Wallet,0.61,44.39,18.53,822.55,353.32,250.36,69.37,149.5,38.3,3.9,Completed
SES-002319,2024-04-24,10,EV-099,Mumbai,Maharashtra,Own,AC Level 2,CCS2,Corporate,UPI,0.74,12.84,11.34,145.61,93.23,157.31,54.89,-159.82,21.2,3.7,Completed
SES-003184,2024-04-21,19,EV-003,Gurugram,Haryana,Own,DC Fast,CHAdeMO,Fleet,Wallet,1.47,62.12,11.55,717.49,496.37,65.92,42.93,112.27,33.2,3.9,Completed
SES-003589,2025-10-14,10,EV-006,Bengaluru,Karnataka,Franchise,DC Fast,CHAdeMO,Private,Corporate Account,0.3,15.69,11.8,185.14,129.82,95.77,77.75,-118.2,41.9,3.1,Completed
SES-000497,2025-03-20,9,EV-022,Ahmedabad,Gujarat,Franchise,AC Level 2,CHAdeMO,Fleet,Wallet,0.89,14.05,11.96,168.04,77.58,191.29,25.16,-125.99,21.6,4.0,Completed
SES-000221,2025-02-10,7,EV-023,Delhi,Delhi,Partner,DC Fast,CCS2,Fleet,UPI,1.61,58.14,13.6,790.7,410.28,145.5,68.11,166.81,20.8,,Completed
SES-004501,2025-07-16,4,EV-019,Ahmedabad,Gujarat,Own,AC Level 2,Type 2,Private,UPI,2.0,24.67,9.47,233.62,136.06,181.98,21.52,-105.94,39.1,3.9,Completed
SES-002926,2024-05-09,17,EV-098,Delhi,Delhi,Own,DC Fast,CCS2,Private,UPI,4.5,139.6,15.88,2216.85,1025.4,197.99,63.9,929.56,68.5,3.6,Completed
SES-000921,2024-06-10,15,EV-051,Bengaluru,Karnataka,Franchise,AC Level 2,CCS2,Corporate,UPI,0.98,18.49,10.9,201.54,153.45,56.93,59.23,-68.07,46.1,5.0,Completed
SES-004663,2024-09-27,22,EV-049,hyderabad,Telangana,Franchise,DC Fast,CCS2,Taxi/Ride-share,UPI,0.21,7.12,14.95,106.44,53.5,68.78,45.38,-61.22,23.4,4.2,Completed
SES-000985,2025-09-26,4,EV-024,Hyderabad,Telangana,Own,DC Fast,CHAdeMO,Taxi/Ride-share,Card,0.37,20.92,15.17,317.36,140.96,113.12,27.71,35.57,42.3,3.5,Completed
SES-004682,2024-03-25,23,EV-064,Jaipur,Rajasthan,Own,AC Level 2,Type 2,Private,Card,0.94,11.2,8.41,94.19,82.79,51.31,34.61,-74.52,33.3,3.4,Completed
SES-001916,2024-08-28,4,EV-067,Pune,Maharashtra,Partner,AC Level 2,CCS2,Private,UPI,0.42,7.42,11.55,85.7,48.72,163.61,30.59,-157.22,8.2,4.6,Completed
SES-000313,2025-10-01,9,EV-060,Lucknow,Uttar Pradesh,Own,DC Fast,CCS2,Private,Wallet,0.86,36.44,14.25,519.27,234.46,101.39,40.74,142.68,36.2,3.6,Completed
SES-003214,2025-02-06,10,EV-069,Hyderabad,Telangana,Partner,AC Level 2,CCS2,Taxi/Ride-share,Card,0.31,5.84,9.6,56.06,39.62,73.29,73.62,-130.47,33.5,2.9,Completed
SES-002442,2024-11-25,15,EV-013,Bengaluru,Karnataka,Own,DC Fast,CCS2,Fleet,Card,0.16,8.46,13.62,115.23,63.81,51.02,35.29,-34.89,29.4,4.4,Completed
SES-003455,2025-10-01,15,EV-014,Mumbai,Maharashtra,Franchise,DC Fast,CCS2,Private,Wallet,0.63,33.06,11.5,380.19,226.51,162.75,12.74,-21.81,43.0,4.1,Completed
SES-003829,2024-09-18,7,EV-051,Chennai,Tamil Nadu,Franchise,DC Fast,CHAdeMO,Private,UPI,0.2,6.08,13.53,82.26,39.59,31.54,43.16,-32.03,31.0,3.4,Completed
SES-000678,2025-08-09,12,EV-067,Delhi,Delhi,Franchise,AC Level 2,CHAdeMO,Private,UPI,0.25,2.51,8.51,21.36,16.43,203.55,57.81,-256.43,13.3,4.4,Completed
SES-000166,2024-07-11,2,EV-090,Delhi,Delhi,Own,AC Level 2,Type 2,Taxi/Ride-share,UPI,0.23,4.63,8.53,39.49,29.19,135.66,57.03,-182.39,18.4,5.0,Completed
SES-004425,2025-06-17,13,EV-037,Ahmedabad,Gujarat,Franchise,AC Level 2,CCS2,Private,UPI,0.69,10.22,9.34,95.45,63.22,151.16,48.45,-167.38,35.2,3.8,Completed
SES-002134,2024-04-09,17,EV-073,Lucknow,Uttar Pradesh,Partner,DC Ultra-Fast,CHAdeMO,Corporate,UPI,0.27,18.92,18.79,355.51,153.73,329.73,61.76,-189.71,9.9,4.3,Completed
SES-002132,2025-01-23,12,EV-059,Lucknow,Uttar Pradesh,Partner,DC Fast,Type 2,Taxi/Ride-share,UPI,0.63,20.2,13.8,278.76,103.17,187.72,45.61,-57.74,31.9,3.8,Completed
SES-002255,2025-11-20,13,EV-007,Pune,Maharashtra,Own,AC Level 2,CCS2,Private,UPI,0.79,15.59,9.1,141.87,131.54,54.16,6.0,-49.83,39.3,3.3,Completed
SES-004200,2024-06-02,1,EV-077,Hyderabad,Telangana,Own,AC Level 2,CCS2,Private,UPI,0.34,5.03,10.96,55.13,34.92,51.01,76.25,-107.05,30.4,3.8,Completed
SES-003267,2024-08-05,21,EV-070,Hyderabad,Telangana,Own,DC Ultra-Fast,CHAdeMO,Private,UPI,1.15,98.86,17.44,1724.12,561.64,157.61,36.99,967.88,11.4,4.5,Completed
SES-000735,2024-03-17,11,EV-080,Ahmedabad,Gujarat,Own,AC Level 2,CHAdeMO,Private,Card,0.17,3.55,9.88,35.07,23.14,32.94,44.59,-65.6,2.0,4.7,Completed
SES-003738,2025-01-12,13,EV-054,Ahmedabad,Gujarat,Franchise,DC Fast,CCS2,Fleet,UPI,4.5,121.83,14.09,1716.58,990.8,170.75,57.02,498.01,33.0,4.5,Completed
SES-000695,2025-10-29,17,EV-045,Delhi,Delhi,Own,AC Level 2,Type 2,Private,Card,1.61,20.32,11.65,236.73,123.19,202.06,5.78,-94.3,39.0,4.7,Completed
SES-003238,2024-03-24,11,EV-033,Gurugram,Haryana,Franchise,DC Ultra-Fast,CCS2,Private,UPI,1.18,131.89,14.13,1863.61,975.75,322.49,61.89,503.48,42.5,3.7,Completed
SES-003916,2025-04-30,21,EV-097,Delhi,Delhi,Own,DC Fast,Type 2,Private,Card,0.98,44.51,15.04,669.43,261.25,168.84,29.26,210.08,28.4,4.8,Completed
SES-004057,2024-04-29,5,EV-090,Delhi,Delhi,Own,AC Level 2,Type 2,Private,Card,0.79,9.29,9.6,89.18,50.71,155.12,77.2,-193.85,25.6,4.2,Completed
SES-001349,2025-07-31,3,EV-080,Hyderabad,Telangana,Partner,DC Fast,Type 2,Fleet,Card,0.89,31.33,15.08,472.46,219.0,59.86,18.5,175.1,14.7,3.3,Completed
SES-004443,2024-11-02,14,EV-002,Ahmedabad,Gujarat,Own,AC Level 2,CCS2,Corporate,Corporate Account,2.21,22.01,8.24,181.36,120.94,163.03,48.14,-150.75,27.9,4.3,Completed
SES-004000,2025-08-25,14,EV-052,Hyderabad,Telangana,Franchise,DC Fast,Type 2,Private,Wallet,2.21,65.66,11.37,746.55,373.33,199.87,23.64,149.71,44.2,3.6,Completed
SES-002259,2025-03-04,20,EV-005,Chennai,Tamil Nadu,Partner,DC Fast,CCS2,Fleet,UPI,0.86,48.36,12.63,610.79,356.14,22.95,12.51,219.19,25.9,3.5,Completed
SES-002616,2024-09-21,22,EV-005,Jaipur,Rajasthan,Own,AC Level 2,CCS2,Taxi/Ride-share,Wallet,0.34,3.91,9.8,38.32,27.7,115.94,55.82,-161.14,22.7,3.6,Completed
SES-000515,2024-03-24,17,EV-072,Bengaluru,Karnataka,Own,DC Fast,CCS2,Private,Card,0.15,7.33,15.15,111.05,61.41,130.11,32.1,-112.57,21.6,4.7,Completed
SES-002863,2025-11-07,9,EV-068,Hyderabad,Telangana,Own,AC Level 2,CCS2,Private,UPI,2.51,51.04,9.19,469.06,362.66,196.04,39.03,-128.67,46.6,4.1,Completed
SES-003950,2024-08-21,14,EV-075,Jaipur,Rajasthan,Franchise,AC Level 2,CCS2,Private,UPI,2.43,47.67,10.49,500.06,357.04,24.03,34.25,84.74,56.8,4.6,Completed
SES-003431,2024-02-26,0,EV-018,Delhi,Delhi,Partner,DC Ultra-Fast,CCS2,Private,UPI,0.86,97.88,14.4,1409.47,501.64,245.12,54.58,608.13,12.7,4.0,Completed
SES-004607,2024-04-30,5,EV-068,Jaipur,Rajasthan,Partner,AC Level 2,CCS2,Fleet,UPI,0.69,6.91,11.33,78.29,40.01,69.34,43.53,-74.59,34.1,4.4,Completed
SES-001012,2024-11-25,14,EV-072,Lucknow,Uttar Pradesh,Franchise,DC Fast,CCS2,Fleet,Wallet,1.51,75.72,14.51,1098.7,434.43,160.39,72.37,431.51,49.9,3.8,Completed
SES-000891,2025-06-20,19,EV-061,Mumbai,Maharashtra,Franchise,AC Level 2,CCS2,Taxi/Ride-share,Card,0.32,4.69,9.11,42.73,27.61,108.99,44.16,-138.03,11.5,4.6,Completed
SES-002792,2024-08-04,5,EV-043,Lucknow,Uttar Pradesh,Franchise,DC Fast,CCS2,Fleet,Card,1.39,51.01,14.44,736.58,271.64,53.87,21.49,389.58,26.2,4.5,Completed
SES-004965,2025-12-14,13,EV-028,Delhi,Delhi,Franchise,DC Fast,CCS2,Private,UPI,2.13,104.02,12.21,1270.08,758.44,145.06,63.19,303.39,67.2,4.6,Completed
SES-003461,2025-10-12,4,EV-088,Lucknow,Uttar Pradesh,Own,DC Fast,Type 2,Private,Card,0.21,6.51,15.27,99.41,39.76,33.21,17.51,8.93,23.1,3.4,Completed
SES-003966,2024-03-13,4,EV-075,Ahmedabad,Gujarat,Own,DC Fast,Type 2,Corporate,Wallet,0.51,24.39,15.44,376.58,146.18,46.18,49.44,134.78,43.9,4.1,Completed
SES-000195,2025-04-07,9,EV-018,Chennai,Tamil Nadu,Own,AC Level 2,Type 2,Taxi/Ride-share,UPI,1.08,18.3,11.24,205.69,151.29,211.58,79.6,-236.78,50.6,4.4,Completed
SES-000514,2025-04-15,20,EV-044,Hyderabad,Telangana,Own,DC Fast,Type 2,Fleet,Wallet,1.01,46.14,12.1,558.29,272.2,198.86,48.74,38.49,45.6,3.9,Completed
SES-001639,2024-11-06,1,EV-010,Ahmedabad,Gujarat,Partner,AC Level 2,CCS2,Corporate,UPI,0.58,9.23,10.4,95.99,55.86,67.64,62.63,-90.14,30.7,3.7,Completed
SES-001456,2025-05-23,2,EV-082,Jaipur,Rajasthan,Franchise,DC Fast,CCS2,Private,UPI,0.93,49.24,11.29,555.92,368.96,200.42,38.95,-52.41,27.3,4.2,Completed
SES-004306,2024-01-19,22,EV-028,Chennai,Tamil Nadu,Own,AC Level 2,Type 2,Private,Corporate Account,0.15,2.19,11.77,25.78,11.13,88.29,42.75,-116.39,25.2,3.5,Completed
SES-004045,2024-08-23,7,EV-097,Jaipur,Rajasthan,Franchise,DC Ultra-Fast,Type 2,Private,Wallet,1.31,158.59,18.78,2978.32,1011.12,138.48,74.02,1754.7,56.8,3.9,Completed
SES-000636,2025-05-17,20,EV-072,Jaipur,Rajasthan,Own,AC Level 2,Type 2,Taxi/Ride-share,UPI,1.43,29.24,9.37,273.98,198.8,113.27,34.46,-72.55,28.6,4.3,Completed
SES-004679,2025-04-30,0,EV-071,Chennai,Tamil Nadu,Partner,DC Ultra-Fast,CHAdeMO,Corporate,UPI,1.05,102.35,19.3,1975.36,671.15,53.43,15.16,1235.62,54.9,3.9,Completed
SES-000088,2025-04-03,14,EV-096,Delhi,Delhi,Own,DC Fast,CCS2,Fleet,Corporate Account,0.25,8.56,15.35,131.4,55.19,75.13,27.21,-26.13,35.2,4.1,Completed
SES-001370,2024-03-30,17,EV-007,Pune,Maharashtra,Own,DC Fast,CHAdeMO,Taxi/Ride-share,UPI,0.85,26.94,13.86,373.39,186.81,61.61,10.34,114.63,13.9,3.6,Completed
SES-004567,2024-10-11,0,EV-063,Jaipur,Rajasthan,Own,DC Fast,Type 2,Private,Corporate Account,1.07,31.52,15.0,472.8,216.28,53.93,74.76,127.83,20.7,4.7,Completed
SES-000191,2025-07-16,10,EV-024,Hyderabad,Telangana,Partner,DC Fast,CCS2,Private,Card,1.15,43.21,15.84,684.45,247.73,186.99,53.02,196.71,18.7,4.5,Completed
SES-003825,2025-06-24,20,EV-022,Delhi,Delhi,Franchise,DC Ultra-Fast,Type 2,Taxi/Ride-share,UPI,2.68,180.0,18.13,3263.4,1422.81,152.93,23.62,1664.04,48.4,4.3,Completed
SES-000179,2025-01-23,3,EV-024,Mumbai,Maharashtra,Own,AC Level 2,CCS2,Private,Corporate Account,1.49,25.08,10.5,263.34,168.41,31.0,61.26,2.67,27.2,4.9,Completed
SES-003925,2024-06-21,22,EV-100,Hyderabad,Telangana,Own,AC Level 2,CCS2,Taxi/Ride-share,Card,0.76,8.12,8.44,68.53,56.94,143.46,41.77,-173.64,34.0,4.5,Completed
SES-003841,2024-02-06,2,EV-071,Chennai,Tamil Nadu,Franchise,DC Ultra-Fast,CCS2,Private,Corporate Account,0.38,26.71,14.56,388.9,199.35,188.13,33.14,-31.72,25.9,4.1,Completed
SES-002589,2024-07-06,3,EV-037,Delhi,Delhi,Partner,DC Fast,CCS2,Private,Wallet,0.76,35.49,11.75,417.01,284.26,148.86,13.8,-29.91,58.9,3.9,Failed
SES-003465,2025-11-20,4,EV-088,Hyderabad,Telangana,Franchise,DC Fast,CCS2,Corporate,Card,0.46,12.76,14.68,187.32,90.31,83.4,66.31,-52.7,7.1,4.6,Completed
SES-001688,2025-05-14,18,EV-094,Jaipur,Rajasthan,Own,DC Fast,Type 2,Private,Wallet,0.58,16.87,13.69,230.95,110.63,155.08,75.27,-110.03,33.4,4.9,Completed
SES-003322,2024-05-10,10,EV-054,Ahmedabad,Gujarat,Own,DC Fast,CCS2,Private,UPI,0.15,6.54,13.1,85.67,40.93,204.03,73.37,-232.66,4.7,4.5,Completed
SES-001129,2024-04-01,4,EV-081,Jaipur,Rajasthan,Own,AC Level 2,Type 2,Private,Card,0.65,11.56,11.35,131.21,78.06,98.6,32.53,-77.98,17.1,4.4,Completed
SES-003068,2024-09-24,17,EV-058,Gurugram,Haryana,Own,DC Fast,Type 2,Private,Card,0.18,7.16,15.38,110.12,52.77,132.71,52.84,-128.2,11.2,3.8,Completed
SES-003146,2024-07-20,10,EV-021,Hyderabad,Telangana,Partner,AC Level 2,CCS2,Fleet,Wallet,1.88,28.46,10.77,306.51,187.3,131.78,47.73,-60.3,42.2,4.0,Completed
SES-002560,2025-07-10,9,EV-062,Gurugram,Haryana,Franchise,DC Fast,CCS2,Fleet,Wallet,0.28,14.86,12.83,190.65,122.05,24.05,50.83,-6.28,27.8,3.9,Completed
SES-001024,2025-12-19,9,EV-056,Chennai,Tamil Nadu,Own,DC Fast,CCS2,Private,UPI,0.5,26.62,15.41,410.21,163.73,95.89,46.89,103.7,27.8,4.0,Completed
SES-004568,2025-12-19,7,EV-019,Jaipur,Rajasthan,Partner,DC Fast,CCS2,Private,UPI,1.09,36.88,12.54,462.48,223.65,207.33,35.46,-3.96,7.5,3.0,Completed
SES-000399,2024-07-04,13,EV-096,Lucknow,Uttar Pradesh,Own,DC Fast,CCS2,Fleet,UPI,0.51,23.18,15.2,352.34,151.66,100.83,17.86,81.99,12.8,3.7,Completed
SES-000036,2024-09-01,5,EV-052,Pune,Maharashtra,Franchise,DC Ultra-Fast,CHAdeMO,Private,Wallet,0.73,60.36,19.95,1204.18,400.74,81.29,74.64,647.51,25.5,3.5,Completed
SES-002254,2024-12-24,21,EV-001,Jaipur,Rajasthan,Own,DC Fast,CCS2,Private,UPI,0.81,36.29,13.81,501.16,210.39,60.29,30.77,199.71,29.7,3.8,Completed
SES-002657,2024-12-31,3,EV-046,Bengaluru,Karnataka,Own,AC Level 2,CCS2,Taxi/Ride-share,Wallet,2.57,47.72,10.5,501.06,359.99,89.36,77.01,-25.3,58.9,4.3,Completed
SES-000253,2024-04-10,7,EV-043,Chennai,Tamil Nadu,Own,DC Fast,CCS2,Private,Wallet,0.84,47.34,12.54,593.64,264.95,133.39,44.17,151.13,56.5,4.2,Completed
SES-002941,2025-03-09,18,EV-026,Delhi,Delhi,Own,AC Level 2,Type 2,Private,UPI,0.21,2.73,10.36,28.28,15.67,53.23,64.45,-105.07,41.8,3.4,Completed
SES-001876,2024-07-19,6,EV-056,Delhi,Delhi,Own,DC Ultra-Fast,CHAdeMO,Private,UPI,0.29,26.37,19.8,522.13,217.96,153.37,29.12,121.68,34.6,3.8,Completed
SES-000229,2025-09-08,23,EV-095,Gurugram,Haryana,Franchise,DC Fast,CCS2,Taxi/Ride-share,Corporate Account,0.49,23.71,14.51,344.03,120.96,107.72,74.47,40.88,30.4,4.1,Completed
SES-003052,2025-01-04,17,EV-063,Delhi,Delhi,Franchise,DC Fast,CCS2,Fleet,UPI,0.26,8.21,14.07,115.51,58.51,111.83,53.72,-108.55,10.7,4.9,Failed
SES-001749,2025-02-02,0,EV-018,Ahmedabad,Gujarat,Own,DC Fast,CHAdeMO,Taxi/Ride-share,Wallet,0.86,34.62,12.85,444.87,185.94,54.33,69.57,135.03,47.8,4.9,Completed
SES-001645,2025-03-05,14,EV-001,Hyderabad,Telangana,Own,DC Fast,Type 2,Corporate,UPI,0.15,5.84,12.47,72.82,29.35,145.1,71.79,-173.42,19.6,4.1,Completed
SES-004156,2025-05-16,4,EV-071,Bengaluru,Karnataka,Own,DC Fast,CCS2,Corporate,Corporate Account,0.18,8.19,14.2,116.3,56.9,118.91,6.15,-65.66,12.1,4.1,Completed
SES-001610,2025-09-14,13,EV-015,Gurugram,Haryana,Own,AC Level 2,Type 2,Private,Wallet,1.16,13.42,11.05,148.29,67.24,208.94,60.66,-188.55,49.6,3.9,Completed
SES-002367,2025-12-11,6,EV-097,Chennai,Tamil Nadu,Own,AC Level 2,CHAdeMO,Private,Wallet,0.82,8.26,11.75,97.06,49.87,27.53,54.02,-34.36,38.3,4.3,Completed
SES-001020,2024-10-17,9,EV-001,Pune,Maharashtra,Partner,AC Level 2,Type 2,Corporate,UPI,0.45,4.88,10.75,52.46,36.53,100.16,13.83,-98.06,15.3,4.1,Completed
SES-004906,2025-07-26,0,EV-079,Gurugram,Haryana,Own,AC Level 2,CCS2,Corporate,Wallet,1.68,18.15,9.69,175.87,114.58,27.26,77.84,-43.81,39.9,4.0,Completed
SES-002083,2024-05-30,22,EV-058,Chennai,Tamil Nadu,Franchise,AC Level 2,Type 2,Private,Card,1.48,19.61,9.27,181.78,137.25,164.55,29.68,-149.7,22.7,4.6,Completed
SES-003995,2025-05-05,19,EV-097,Mumbai,Maharashtra,Partner,DC Fast,Type 2,Corporate,Wallet,0.57,15.46,12.24,189.23,114.63,186.47,16.75,-128.62,14.2,3.1,Completed
SES-001787,2025-04-30,1,EV-012,Delhi,Delhi,Own,AC Level 2,CCS2,Taxi/Ride-share,UPI,1.07,22.11,10.9,241.0,112.46,47.06,45.15,36.33,54.9,3.6,Completed
SES-002124,2025-05-30,17,EV-081,Bengaluru,Karnataka,Own,DC Fast,CHAdeMO,Taxi/Ride-share,Card,0.93,35.02,12.67,443.7,258.01,203.2,17.83,-35.34,38.0,3.4,Completed
SES-002222,2024-10-10,21,EV-038,Delhi,Delhi,Franchise,DC Fast,CCS2,Private,UPI,0.62,30.39,15.6,474.08,172.16,149.34,74.52,78.06,53.1,4.3,Completed
SES-004897,2025-04-01,18,EV-058,Jaipur,Rajasthan,Own,AC Level 2,CCS2,Private,UPI,0.32,3.42,10.58,36.18,17.31,216.31,19.87,-217.31,12.5,3.2,Cancelled
SES-001076,2025-03-02,21,EV-062,Jaipur,Rajasthan,Own,DC Fast,CCS2,Private,Corporate Account,1.98,80.63,14.79,1192.52,617.07,65.42,61.41,448.62,38.9,3.7,Completed
SES-002950,2025-09-16,0,EV-041,Delhi,Delhi,Own,AC Level 2,CCS2,Corporate,Card,0.28,2.91,11.21,32.62,18.98,143.55,11.07,-140.98,2.0,4.1,Completed
SES-003861,2024-02-14,0,EV-045,Hyderabad,Telangana,Own,AC Level 2,Type 2,Private,Wallet,0.7,8.07,8.19,66.09,58.8,174.29,36.89,-203.89,37.3,4.3,Completed
SES-004865,2025-11-15,20,EV-011,Chennai,Tamil Nadu,Own,AC Level 2,Type 2,Private,UPI,0.3,3.18,11.61,36.92,23.48,63.02,43.65,-93.23,26.4,4.2,Completed
SES-003904,2025-09-30,7,EV-049,Lucknow,Uttar Pradesh,Franchise,DC Fast,CCS2,Corporate,UPI,0.42,19.89,14.04,279.26,143.95,182.45,77.51,-124.65,22.7,3.7,Completed
SES-001850,2025-01-02,0,EV-023,Pune,Maharashtra,Own,AC Level 2,CCS2,Private,Card,1.69,32.52,9.3,302.44,210.87,163.9,6.01,-78.34,46.7,4.1,Completed
SES-004953,2025-04-10,22,EV-034,Bengaluru,Karnataka,Franchise,DC Fast,CCS2,Private,Card,1.06,43.82,15.22,666.94,333.78,43.64,76.51,213.01,38.4,5.0,Completed
SES-002796,2024-01-01,22,EV-009,Chennai,Tamil Nadu,Own,AC Level 2,CCS2,Private,UPI,0.15,2.44,8.56,20.89,16.52,51.52,77.04,-124.19,17.4,3.3,Completed
SES-004908,2024-01-12,4,EV-052,Hyderabad,Telangana,Own,DC Fast,Type 2,Private,UPI,3.14,151.26,15.36,2323.35,1052.99,57.96,42.75,1169.65,54.6,3.4,Completed
SES-004605,2024-07-16,22,EV-052,Lucknow,Uttar Pradesh,Partner,AC Level 2,Type 2,Private,UPI,1.97,35.63,10.43,371.62,241.71,55.29,24.02,50.6,35.6,3.6,Completed
SES-000608,2024-07-25,19,EV-008,Jaipur,Rajasthan,Franchise,AC Level 2,CHAdeMO,Private,UPI,3.22,60.39,11.31,683.01,483.43,125.39,50.57,23.62,66.3,3.5,Completed
SES-004484,2025-10-29,3,EV-090,Mumbai,Maharashtra,Franchise,DC Fast,CCS2,Private,UPI,0.9,45.63,13.15,600.03,346.22,196.36,39.02,18.43,37.4,4.1,Completed
SES-000868,2024-05-03,23,EV-004,Chennai,Tamil Nadu,Own,DC Ultra-Fast,Type 2,Private,UPI,4.5,180.0,16.82,3027.6,1167.95,161.56,28.22,1669.87,36.1,4.9,Completed
SES-002800,2024-09-04,14,EV-100,Bengaluru,Karnataka,Franchise,DC Fast,CCS2,Private,UPI,0.38,17.61,11.23,197.76,97.9,62.8,36.55,0.51,30.2,4.6,Completed
SES-004245,2025-09-14,9,EV-091,Chennai,Tamil Nadu,Own,AC Level 2,CCS2,Taxi/Ride-share,UPI,0.18,2.97,9.24,27.44,20.42,128.3,6.83,-128.11,19.6,2.5,Completed
SES-003555,2024-01-15,2,EV-074,Chennai,Tamil Nadu,Own,DC Ultra-Fast,CCS2,Private,UPI,2.58,180.0,17.25,3105.0,1251.64,210.06,46.4,1596.9,54.9,4.1,Completed
SES-001274,2024-06-26,20,EV-001,Bengaluru,Karnataka,Franchise,AC Level 2,CCS2,Private,Card,0.26,,8.98,44.18,34.23,58.83,8.77,-57.65,19.2,4.7,Completed
SES-004437,2025-05-25,3,EV-034,Pune,Maharashtra,Own,DC Ultra-Fast,CCS2,Corporate,UPI,2.72,180.0,19.98,3596.4,951.07,287.53,67.33,2290.47,46.5,3.4,Completed
SES-001116,2025-02-11,14,EV-016,Bengaluru,Karnataka,Partner,AC Level 2,CCS2,Private,Card,1.74,35.56,10.17,361.65,237.6,50.18,20.48,53.39,36.3,4.1,Completed
SES-000541,2024-02-16,19,EV-003,Chennai,Tamil Nadu,Franchise,AC Level 2,Type 2,Private,Wallet,0.44,6.88,9.25,63.64,42.52,211.35,40.97,-231.2,30.2,2.7,Completed
SES-002740,2025-03-18,1,EV-052,Lucknow,Uttar Pradesh,Partner,DC Fast,CCS2,Private,UPI,0.59,29.79,12.64,376.55,207.34,123.49,65.49,-19.77,10.8,4.0,Completed
SES-003657,2024-07-20,16,EV-057,Jaipur,Rajasthan,Partner,AC Level 2,Type 2,Private,UPI,0.4,4.37,10.79,47.15,25.94,30.24,52.74,-61.77,28.4,4.1,Completed
SES-001467,2024-06-03,15,EV-009,Lucknow,Uttar Pradesh,Franchise,AC Level 2,CCS2,Private,Wallet,0.6,6.21,9.01,55.95,43.84,79.66,56.53,-124.08,24.5,4.1,Completed
SES-002658,2025-10-18,1,EV-055,Jaipur,Rajasthan,Own,DC Fast,CHAdeMO,Taxi/Ride-share,UPI,1.18,55.07,15.54,855.79,432.19,149.16,37.12,237.32,22.0,4.1,Completed
SES-000281,2024-12-05,0,EV-001,Chennai,Tamil Nadu,Franchise,AC Level 2,CCS2,Fleet,UPI,1.29,26.33,10.94,288.05,172.11,73.06,29.07,13.81,36.6,4.3,Completed
SES-002459,2024-05-13,21,EV-042,Gurugram,Haryana,Own,AC Level 2,CCS2,Private,UPI,0.71,11.94,10.86,129.67,70.9,149.32,27.34,-117.89,34.7,3.9,Completed
SES-000511,2025-04-23,6,EV-090,Bengaluru,Karnataka,Franchise,DC Fast,CCS2,Corporate,UPI,0.47,21.7,15.96,346.33,157.43,182.81,58.34,-52.25,22.3,4.4,Completed
SES-004066,2025-03-21,14,EV-048,Chennai,Tamil Nadu,Partner,AC Level 2,Type 2,Taxi/Ride-share,Wallet,1.21,13.46,9.25,124.51,79.69,97.58,53.02,-105.78,33.3,4.7,Completed
SES-003407,2024-02-17,1,EV-039,Chennai,Tamil Nadu,Franchise,AC Level 2,Type 2,Private,Corporate Account,3.22,45.09,8.51,383.72,232.44,189.79,57.25,-95.76,49.0,4.6,Completed
SES-002606,2025-11-18,19,EV-090,Pune,Maharashtra,Franchise,AC Level 2,Type 2,Fleet,Wallet,0.9,13.8,10.19,140.62,71.43,46.53,62.29,-39.63,17.4,3.7,Completed
SES-003767,2024-01-31,23,EV-020,Hyderabad,Telangana,Own,AC Level 2,CHAdeMO,Fleet,Corporate Account,1.02,11.15,11.91,132.8,62.89,114.67,77.25,-122.01,31.7,3.5,Completed
SES-001515,2024-10-18,15,EV-049,Jaipur,Rajasthan,Franchise,DC Fast,CCS2,Taxi/Ride-share,UPI,1.14,39.86,13.52,538.91,231.79,35.56,8.9,262.66,49.6,3.8,Failed
SES-000688,2024-03-25,19,EV-069,Chennai,Tamil Nadu,Partner,AC Level 2,Type 2,Taxi/Ride-share,UPI,0.85,11.32,11.83,133.92,61.3,203.49,65.14,-196.01,9.5,3.4,Completed
SES-000336,2025-11-08,1,EV-043,Bengaluru,Karnataka,Own,AC Level 2,CCS2,Private,UPI,1.62,28.42,9.66,,183.9,172.33,36.7,-118.39,34.4,3.2,Completed
SES-002363,2025-05-21,8,EV-053,Mumbai,Maharashtra,Partner,DC Fast,CCS2,Private,Card,0.31,16.95,13.44,227.81,132.52,88.49,26.38,-19.58,23.3,4.3,Completed
SES-002028,2025-12-30,22,EV-034,Mumbai,Maharashtra,Own,AC Level 2,CCS2,Private,Card,0.66,12.33,10.63,131.07,104.24,193.93,8.25,-175.35,23.8,3.5,Completed
SES-000783,2024-02-04,17,EV-084,Mumbai,Maharashtra,Franchise,DC Ultra-Fast,CHAdeMO,Corporate,Wallet,1.44,161.02,18.99,3057.77,917.79,325.25,37.99,1776.74,39.6,3.2,Completed
SES-004714,2025-12-07,11,EV-061,Ahmedabad,Gujarat,Own,AC Level 2,Type 2,Private,UPI,0.85,12.83,11.29,144.85,81.31,30.09,47.59,-14.14,25.3,4.0,Completed
SES-004956,2024-11-22,18,EV-015,Chennai,Tamil Nadu,Own,DC Fast,Type 2,Private,UPI,2.98,108.83,15.34,1669.45,883.12,108.51,40.76,637.06,43.7,3.4,Completed
SES-003579,2025-05-20,2,EV-073,Mumbai,Maharashtra,Own,DC Fast,CHAdeMO,Corporate,UPI,0.74,37.04,15.7,581.53,186.11,48.88,65.76,280.78,31.4,4.0,Completed
SES-001158,2024-06-06,1,EV-001,Pune,Maharashtra,Franchise,AC Level 2,CHAdeMO,Fleet,UPI,0.37,7.05,11.55,81.43,49.48,34.1,59.6,-61.75,16.3,3.3,Completed
SES-000835,2024-06-19,2,EV-019,Pune,Maharashtra,Own,DC Fast,Type 2,Private,Wallet,0.74,30.02,12.27,368.35,179.88,177.95,57.5,-46.98,14.8,3.9,Completed
SES-002044,2024-07-15,7,EV-008,Chennai,Tamil Nadu,Own,AC Level 2,CHAdeMO,Corporate,UPI,2.07,28.17,11.21,315.79,151.18,117.95,32.2,14.46,54.3,3.9,Completed
SES-004491,2024-02-05,17,EV-075,Delhi,Delhi,Partner,AC Level 2,CCS2,Corporate,Wallet,0.41,8.49,10.83,91.95,46.11,66.58,77.52,-98.26,27.4,3.5,Completed
SES-002624,2025-08-23,9,EV-066,Pune,Maharashtra,Own,AC Level 2,CCS2,Fleet,UPI,0.88,13.3,10.68,142.04,99.83,77.5,47.82,-83.11,36.9,3.6,Completed
SES-004033,2024-07-09,18,EV-021,Bengaluru,Karnataka,Own,AC Level 2,CCS2,Private,Card,0.57,5.8,11.04,64.03,48.16,156.37,45.6,-186.1,27.8,4.3,Completed
SES-002622,2024-10-07,0,EV-058,Delhi,Delhi,Franchise,DC Ultra-Fast,CCS2,Taxi/Ride-share,corporate account,0.56,63.69,14.2,904.4,530.34,207.76,25.82,140.48,2.5,3.5,Completed
SES-003351,2024-07-07,8,EV-086,Mumbai,Maharashtra,Partner,DC Fast,Type 2,Private,Card,1.16,33.3,14.68,488.84,266.46,182.53,38.42,1.43,25.9,3.9,Completed
SES-002784,2025-03-17,8,EV-007,Chennai,Tamil Nadu,Franchise,DC Fast,Type 2,Taxi/Ride-share,Wallet,1.89,96.21,13.65,1313.27,688.12,122.38,5.99,496.78,47.7,4.9,Completed
SES-000950,2025-12-06,23,EV-088,Bengaluru,Karnataka,Own,AC Level 2,CCS2,Corporate,UPI,1.47,27.53,9.79,269.52,148.94,201.74,73.48,-154.64,45.7,4.4,Completed
SES-001762,2024-08-03,4,EV-010,Chennai,Tamil Nadu,Own,DC Fast,CCS2,Corporate,Card,0.78,29.87,13.34,398.47,182.09,46.48,46.74,123.16,32.7,3.8,Completed
SES-004079,2025-04-26,4,EV-087,Ahmedabad,Gujarat,Franchise,DC Fast,CHAdeMO,Fleet,UPI,1.13,43.2,12.25,529.2,323.0,130.81,35.54,39.85,39.6,4.5,Completed
SES-002328,2025-09-04,17,EV-089,Lucknow,Uttar Pradesh,Franchise,DC Ultra-Fast,CCS2,Private,UPI,0.97,114.09,19.89,2269.25,810.45,93.11,63.7,1301.99,38.5,4.6,Cancelled
SES-003712,2024-04-27,0,EV-044,Ahmedabad,Gujarat,Own,DC Fast,CCS2,Corporate,UPI,0.48,19.16,11.89,227.81,122.87,117.2,60.68,-72.94,13.7,3.7,Completed
SES-000338,2024-07-29,8,EV-072,Lucknow,Uttar Pradesh,Franchise,DC Fast,CCS2,Fleet,UPI,0.66,37.19,15.47,575.33,278.08,135.58,71.6,90.07,31.5,4.4,Completed
SES-003771,2025-11-14,20,EV-019,Delhi,Delhi,Partner,DC Ultra-Fast,CCS2,Private,Card,1.34,180.0,15.27,2748.6,1120.59,299.5,37.23,1291.28,36.3,4.3,Completed
SES-002057,2025-01-14,8,EV-062,Gurugram,Haryana,Own,AC Level 2,CCS2,Taxi/Ride-share,UPI,1.49,20.89,10.49,219.14,160.84,35.43,57.77,-34.9,36.4,4.1,Failed
SES-004969,2025-10-03,18,EV-064,Pune,Maharashtra,Own,DC Fast,CCS2,Private,Wallet,0.68,24.38,11.69,285.0,199.27,104.89,35.82,-54.98,9.5,4.2,Completed
SES-000294,2025-06-23,18,EV-016,Bengaluru,Karnataka,Franchise,DC Fast,CCS2,Private,UPI,1.7,81.55,11.58,944.35,433.02,91.84,65.57,353.92,52.3,4.5,Completed
SES-002206,2024-10-07,5,EV-032,Pune,Maharashtra,Partner,AC Level 2,CCS2,Taxi/Ride-share,UPI,0.74,14.86,10.35,153.8,78.88,138.05,64.23,-127.36,31.9,4.0,Completed
SES-003414,2024-09-14,10,EV-048,Chennai,Tamil Nadu,Partner,AC Level 2,CCS2,Private,Card,1.0,15.91,8.68,138.1,129.97,185.6,72.71,-250.18,26.2,3.2,Completed
SES-003194,2024-08-29,8,EV-084,Bengaluru,Karnataka,Franchise,AC Level 2,CCS2,Private,Wallet,0.45,6.62,9.94,65.8,37.61,101.06,75.37,-148.24,5.7,3.9,Completed
SES-002594,2025-12-17,1,EV-093,Lucknow,Uttar Pradesh,Own,DC Fast,CHAdeMO,Private,UPI,0.87,32.22,13.36,430.46,195.72,208.05,5.71,20.98,27.9,4.2,Completed
SES-002073,2024-10-31,13,EV-093,Lucknow,Uttar Pradesh,Own,AC Level 2,CHAdeMO,Fleet,UPI,0.58,7.96,10.25,81.59,61.08,132.23,49.96,-161.68,32.5,3.7,Cancelled
SES-000471,2025-11-01,3,EV-036,Ahmedabad,Gujarat,Own,DC Fast,CCS2,Private,UPI,0.45,15.6,14.26,222.46,125.93,162.12,49.26,-114.85,32.5,4.1,Completed
SES-000558,2025-09-03,10,EV-022,Ahmedabad,Gujarat,Own,DC Ultra-Fast,CCS2,Private,Card,0.35,35.18,15.56,547.4,263.52,159.84,20.27,103.77,29.2,4.0,Completed
SES-001263,2025-10-29,14,EV-044,Jaipur,Rajasthan,Own,AC Level 2,CCS2,Private,Wallet,0.61,7.27,8.81,64.05,41.64,121.04,78.22,-176.85,10.6,4.3,Completed
SES-004940,2025-09-29,2,EV-009,Jaipur,Rajasthan,Own,DC Ultra-Fast,CCS2,Private,Corporate Account,2.12,180.0,14.82,2667.6,1523.76,270.15,7.4,866.29,51.5,,Completed
SES-003237,2025-02-17,5,EV-049,Mumbai,Maharashtra,Own,DC Fast,CCS2,Fleet,UPI,0.47,15.89,13.49,214.36,131.18,133.58,73.24,-123.64,14.4,4.4,Completed
SES-001023,2025-04-08,20,EV-072,Hyderabad,Telangana,Own,DC Fast,Type 2,Private,Card,2.03,83.03,13.05,1083.54,563.44,130.7,44.76,344.64,32.1,3.4,Failed
SES-000121,2025-11-29,22,EV-050,Gurugram,Haryana,Own,DC Fast,Type 2,Fleet,Wallet,0.68,26.82,13.68,366.9,171.51,215.87,50.94,-71.42,15.7,3.0,Completed
SES-000906,2024-02-05,17,EV-074,Jaipur,Rajasthan,Franchise,DC Ultra-Fast,CCS2,Private,Card,1.85,180.0,17.77,3198.6,1028.59,226.75,60.29,1882.97,52.7,3.8,Completed
SES-003769,2024-04-22,18,EV-017,Jaipur,Rajasthan,Own,DC Ultra-Fast,CCS2,Taxi/Ride-share,UPI,1.62,180.0,19.34,3481.2,1514.75,77.78,61.75,1826.92,26.8,3.6,Completed
SES-001307,2024-04-22,10,EV-002,Pune,Maharashtra,Own,DC Fast,CCS2,Taxi/Ride-share,UPI,1.67,87.3,13.2,1152.36,561.32,142.49,43.32,405.23,38.3,4.8,Cancelled
SES-003819,2024-06-26,1,EV-058,Delhi,Delhi,Own,AC Level 2,Type 2,Fleet,UPI,0.99,10.87,9.67,105.11,58.16,20.86,23.41,2.68,39.3,3.8,Failed
SES-002559,2024-01-30,23,EV-058,Gurugram,Haryana,Own,AC Level 2,CCS2,Private,Card,1.22,14.81,11.27,166.91,106.11,82.87,61.4,-83.47,36.1,5.0,Completed
SES-001936,2024-12-13,23,EV-069,Jaipur,Rajasthan,Own,AC Level 2,CCS2,Corporate,UPI,1.91,38.99,9.48,369.63,217.23,115.69,74.43,-37.72,67.5,4.4,Completed
SES-003882,2024-10-18,14,EV-040,Chennai,Tamil Nadu,Partner,AC Level 2,CCS2,Fleet,Card,0.85,15.74,8.19,128.91,91.04,145.99,76.93,-185.05,44.0,4.8,Completed
SES-003893,2024-05-12,2,EV-018,Gurugram,Haryana,Franchise,AC Level 2,Type 2,Corporate,UPI,1.96,20.81,11.64,242.23,121.96,66.76,51.52,1.99,31.8,3.3,Failed
SES-001094,2024-12-19,6,EV-071,Mumbai,Maharashtra,Partner,DC Fast,CCS2,Corporate,Wallet,1.74,53.61,12.58,674.41,331.96,132.29,30.26,179.9,49.5,4.3,Completed
SES-003856,2024-03-09,19,EV-059,Pune,Maharashtra,Franchise,DC Fast,CCS2,Private,Wallet,0.47,15.82,15.07,238.41,103.36,75.96,26.02,33.07,30.9,4.3,Completed
SES-004037,2025-02-25,1,EV-084,Hyderabad,Telangana,Own,AC Level 2,CCS2,Fleet,Card,1.63,27.41,8.88,243.4,216.39,99.61,37.0,-109.6,53.4,3.3,Failed
SES-000816,2024-12-07,15,EV-099,Mumbai,Maharashtra,Franchise,AC Level 2,Type 2,Private,UPI,0.49,10.09,11.79,118.96,69.81,73.28,64.64,-88.77,25.2,4.6,Completed
SES-004975,2025-08-30,4,EV-073,Ahmedabad,Gujarat,Own,DC Fast,CCS2,Private,UPI,0.74,22.87,13.63,311.72,122.01,48.23,58.31,83.17,46.4,3.5,Completed
SES-001083,2024-08-12,18,EV-032,Bengaluru,Karnataka,Own,AC Level 2,CCS2,Private,Corporate Account,0.37,5.86,9.06,53.09,35.35,79.97,63.77,-126.0,30.6,4.8,Completed
SES-001209,2024-03-26,20,EV-021,Lucknow,Uttar Pradesh,Partner,AC Level 2,CCS2,Fleet,Corporate Account,1.69,23.62,11.82,279.19,175.44,210.77,45.04,-152.06,39.9,4.0,Completed
SES-001290,2025-12-06,12,EV-017,Chennai,Tamil Nadu,Own,DC Fast,CCS2,Private,UPI,0.44,13.87,12.37,171.57,104.06,152.53,56.57,-141.59,34.4,3.9,Completed
SES-004192,2025-08-05,20,EV-014,Hyderabad,Telangana,Own,AC Level 2,CCS2,Taxi/Ride-share,Card,2.53,32.18,9.47,304.74,178.66,201.14,28.4,-103.46,49.8,5.0,Failed
SES-002429,2025-06-07,11,EV-042,Chennai,Tamil Nadu,Franchise,AC Level 2,CCS2,Taxi/Ride-share,UPI,2.18,26.58,11.25,299.02,222.43,85.96,79.33,-88.7,51.4,4.2,Failed
SES-000605,2024-11-28,0,EV-019,Ahmedabad,Gujarat,Partner,AC Level 2,CCS2,Private,UPI,4.33,66.41,9.2,610.97,508.62,94.5,62.78,-54.93,82.6,4.2,Completed
SES-002115,2025-12-21,13,EV-098,Bengaluru,Karnataka,Own,DC Fast,CHAdeMO,Taxi/Ride-share,UPI,1.25,45.09,14.59,657.86,253.96,78.12,50.22,275.56,44.1,4.1,Completed
SES-000551,2024-05-29,2,EV-011,Chennai,Tamil Nadu,Own,DC Ultra-Fast,CCS2,Private,UPI,1.42,180.0,16.25,2925.0,1168.35,286.08,30.78,1439.79,42.2,3.6,Completed
SES-002300,2024-04-09,20,EV-004,Jaipur,Rajasthan,Own,AC Level 2,CCS2,Private,Wallet,1.1,12.54,8.24,103.33,97.89,53.32,46.78,-94.66,13.7,3.4,Completed
SES-000476,2024-09-26,5,EV-078,Jaipur,Rajasthan,Own,DC Fast,CCS2,Taxi/Ride-share,Corporate Account,1.07,32.12,12.6,404.71,185.52,199.87,19.43,-0.11,28.0,5.0,Completed
SES-000213,2024-08-12,16,EV-096,Ahmedabad,Gujarat,Own,DC Ultra-Fast,Type 2,Taxi/Ride-share,UPI,0.86,85.64,19.9,1704.24,489.75,185.7,65.14,963.65,35.6,3.3,Completed
SES-003513,2025-02-04,19,EV-007,Chennai,Tamil Nadu,Franchise,AC Level 2,CCS2,Taxi/Ride-share,Corporate Account,0.49,7.29,11.69,85.22,46.75,72.53,66.91,-100.97,13.7,4.4,Completed
SES-004821,2025-08-05,16,EV-058,Gurugram,Haryana,Own,AC Level 2,Type 2,Taxi/Ride-share,UPI,0.82,8.65,8.01,69.29,64.64,191.14,45.97,-232.46,10.4,4.1,Completed
SES-002025,2024-11-28,5,EV-007,Ahmedabad,Gujarat,Own,DC Fast,CCS2,Private,Card,0.68,24.1,11.3,272.33,145.21,175.12,7.41,-55.41,28.3,4.3,Completed
SES-002481,2025-08-19,2,EV-004,Lucknow,Uttar Pradesh,Own,DC Ultra-Fast,CHAdeMO,Private,UPI,0.71,98.07,14.44,1416.13,705.68,241.28,15.65,453.52,35.4,4.8,Completed
SES-000277,2025-01-04,0,EV-069,Delhi,Delhi,Partner,DC Ultra-Fast,Type 2,Private,UPI,1.1,87.57,18.7,1637.56,456.78,239.01,28.65,913.12,40.1,4.3,Completed
SES-004602,2025-12-18,19,EV-048,Mumbai,Maharashtra,Own,AC Level 2,CCS2,Private,Card,1.74,20.47,10.93,223.74,164.84,203.0,62.56,-206.66,45.8,4.5,Completed
SES-004758,2025-07-28,23,EV-064,Ahmedabad,Gujarat,Partner,DC Fast,CCS2,Private,UPI,1.25,54.23,12.14,658.35,349.0,83.36,60.08,165.91,55.4,3.8,Completed
SES-002340,2024-01-27,20,EV-081,Jaipur,Rajasthan,Own,DC Fast,CCS2,Private,Corporate Account,0.31,12.51,15.9,198.91,83.8,182.72,71.55,-139.16,40.7,4.9,Completed
SES-000902,2024-05-18,16,EV-036,Delhi,Delhi,Franchise,DC Fast,Type 2,Private,Card,0.83,26.25,11.63,305.29,151.75,176.8,51.95,-75.21,54.6,4.0,Completed
SES-004545,2025-09-14,4,EV-045,Pune,Maharashtra,Partner,DC Fast,CHAdeMO,Corporate,UPI,0.15,5.97,14.75,88.06,39.43,133.12,64.51,-149.0,14.1,4.7,Completed
SES-001410,2024-05-13,11,EV-089,Hyderabad,Telangana,Partner,AC Level 2,Type 2,Private,UPI,1.76,31.82,8.86,281.93,189.25,72.86,27.72,-7.9,64.4,3.9,Completed
SES-000990,2024-05-09,19,EV-025,Gurugram,Haryana,Partner,DC Ultra-Fast,CCS2,Taxi/Ride-share,Corporate Account,0.21,17.59,16.45,289.36,100.22,215.05,65.78,-91.69,14.5,3.9,Completed
SES-000304,2024-10-11,0,EV-066,Pune,Maharashtra,Own,DC Fast,CCS2,Fleet,Wallet,1.13,32.01,11.07,354.35,223.9,122.97,50.76,-43.28,40.2,3.7,Completed
SES-003560,2024-10-09,18,EV-085,Pune,Maharashtra,Partner,DC Fast,CCS2,Private,UPI,0.81,32.69,15.01,490.68,252.35,153.57,66.33,18.43,35.2,3.5,Completed
SES-004492,2024-01-16,21,EV-080,Lucknow,Uttar Pradesh,Own,AC Level 2,CHAdeMO,Corporate,Corporate Account,0.39,4.69,8.46,39.68,28.13,188.08,38.16,-214.69,15.0,5.0,Completed
SES-001997,2025-09-18,6,EV-044,Ahmedabad,Gujarat,Own,AC Level 2,Type 2,Taxi/Ride-share,UPI,0.57,11.36,11.5,130.64,80.27,32.16,24.26,-6.05,28.2,4.1,Completed
SES-002116,2024-10-13,8,EV-085,Jaipur,Rajasthan,Franchise,DC Fast,Type 2,Private,UPI,0.32,9.28,15.44,143.28,60.43,37.54,27.76,17.55,24.9,3.7,Cancelled
SES-001902,2024-11-15,16,EV-054,Mumbai,Maharashtra,Franchise,DC Fast,CCS2,Private,Corporate Account,1.02,46.99,14.87,698.74,320.49,176.78,72.96,128.51,29.3,5.0,Completed
SES-000325,2025-07-01,8,EV-045,Mumbai,Maharashtra,Own,DC Ultra-Fast,CCS2,Fleet,UPI,1.25,130.42,17.93,2338.43,681.04,91.38,33.44,1532.57,63.4,3.8,Completed
SES-003333,2025-09-21,19,EV-036,Delhi,Delhi,Franchise,DC Ultra-Fast,CCS2,Fleet,Wallet,0.23,31.11,14.4,447.98,240.75,39.58,42.08,125.57,18.5,4.3,Completed
SES-001155,2025-11-29,3,EV-071,Ahmedabad,Gujarat,Partner,DC Ultra-Fast,Type 2,Private,UPI,0.74,57.55,16.25,935.19,353.34,198.98,65.95,316.92,32.8,3.9,Completed
SES-003473,2024-12-26,22,EV-024,Lucknow,Uttar Pradesh,Own,DC Fast,CHAdeMO,Private,UPI,0.28,10.28,15.12,155.43,78.98,177.66,15.48,-116.69,26.1,4.6,Completed
SES-001474,2025-06-06,1,EV-090,Gurugram,Haryana,Own,DC Fast,CCS2,Private,UPI,2.1,85.38,14.21,1213.25,536.44,60.8,53.79,562.22,53.3,4.2,Completed
SES-003012,2025-09-28,23,EV-051,Chennai,Tamil Nadu,Own,AC Level 2,CCS2,Private,Corporate Account,0.82,8.86,8.16,72.3,52.22,146.52,57.97,-184.41,29.0,4.0,Completed
SES-004930,2025-03-13,3,EV-082,Lucknow,Uttar Pradesh,Franchise,AC Level 2,CCS2,Private,Card,0.92,16.4,9.06,148.58,126.77,110.32,45.66,-134.17,31.4,4.7,Completed
SES-000151,2025-06-26,22,EV-022,Bengaluru,Karnataka,Own,DC Fast,CCS2,Corporate,UPI,0.7,29.91,12.44,372.08,170.4,212.62,70.18,-81.12,9.6,4.3,Completed
SES-001122,2024-04-23,17,EV-002,Pune,Maharashtra,Franchise,DC Fast,Type 2,Private,Card,0.63,30.49,11.99,365.58,234.95,26.9,25.35,78.38,19.2,4.0,Completed
SES-004557,2024-02-28,2,EV-034,Chennai,Tamil Nadu,Franchise,DC Fast,CHAdeMO,Taxi/Ride-share,upi,0.52,17.1,13.12,224.35,133.59,33.16,29.79,27.81,34.0,4.1,Completed
SES-004075,2025-05-09,10,EV-040,Lucknow,Uttar Pradesh,Franchise,AC Level 2,CCS2,Private,UPI,0.59,9.42,8.47,79.79,61.41,89.57,47.7,-118.89,23.4,4.6,Completed
SES-001131,2025-12-23,17,EV-069,Hyderabad,Telangana,Own,DC Fast,CCS2,Private,UPI,0.72,19.48,13.31,259.28,135.66,38.68,55.1,29.84,28.1,3.5,Completed
SES-003955,2024-08-07,10,EV-077,Hyderabad,Telangana,Partner,DC Fast,CCS2,Private,Wallet,0.57,27.68,11.89,329.12,156.11,181.07,73.47,-81.53,36.3,4.2,Completed
SES-002798,2024-10-04,21,EV-033,Chennai,Tamil Nadu,Own,DC Fast,Type 2,Taxi/Ride-share,Wallet,1.65,88.43,12.21,1079.73,584.47,41.45,6.54,447.27,55.7,3.5,Completed
SES-002804,2024-09-09,4,EV-057,Bengaluru,Karnataka,Partner,AC Level 2,CCS2,Private,UPI,0.46,7.38,8.11,59.85,49.57,23.52,47.36,-60.6,3.0,4.8,Completed
SES-001049,2024-07-08,7,EV-048,Mumbai,Maharashtra,Own,AC Level 2,Type 2,Private,UPI,0.5,9.99,11.88,118.68,84.75,33.91,59.88,-59.86,17.4,4.1,Completed
SES-000812,2025-05-31,5,EV-014,Lucknow,Uttar Pradesh,Franchise,AC Level 2,CCS2,Private,UPI,0.48,5.95,9.32,55.45,47.87,53.93,66.82,-113.17,18.2,3.6,Completed
SES-002710,2024-05-26,16,EV-071,Gurugram,Haryana,Partner,AC Level 2,Type 2,Corporate,UPI,0.96,10.82,11.24,121.62,85.08,180.75,12.7,-156.91,29.5,4.3,Completed
SES-003911,2024-08-06,1,EV-007,Chennai,Tamil Nadu,Own,AC Level 2,CCS2,Taxi/Ride-share,UPI,0.5,6.53,9.96,65.04,43.39,205.9,49.24,-233.49,14.1,4.1,Completed
SES-001558,2024-08-17,19,EV-021,Jaipur,Rajasthan,Own,DC Fast,CCS2,Fleet,Card,0.58,24.96,12.24,305.51,191.49,153.6,29.22,-68.8,46.6,4.9,Completed
SES-001064,2025-12-07,23,EV-050,Gurugram,Haryana,Own,AC Level 2,CCS2,Corporate,Card,1.45,22.14,10.24,226.71,122.23,62.04,48.56,-6.12,38.7,3.2,Completed
SES-003155,2025-09-24,20,EV-038,Lucknow,Uttar Pradesh,Own,DC Fast,CCS2,Private,UPI,0.16,5.9,15.97,94.22,40.36,209.03,73.85,-229.02,34.7,3.7,Completed
SES-002304,2025-10-11,3,EV-052,Mumbai,Maharashtra,Franchise,AC Level 2,CCS2,Corporate,Card,1.54,24.8,10.19,252.71,125.9,174.43,55.02,-102.64,18.1,3.7,Completed
SES-002983,2025-06-08,16,EV-048,Chennai,Tamil Nadu,Own,AC Level 2,CCS2,Private,Card,0.15,2.0,8.33,16.66,16.48,61.31,24.64,-85.77,10.5,3.8,Completed
SES-004909,2024-01-14,14,EV-056,Hyderabad,Telangana,Franchise,AC Level 2,CHAdeMO,Private,UPI,0.98,15.99,11.5,183.88,128.54,31.93,43.32,-19.91,25.9,4.0,Completed
SES-000893,2024-02-23,7,EV-008,Delhi,Delhi,Franchise,AC Level 2,CCS2,Taxi/Ride-share,UPI,2.17,21.78,9.61,209.31,108.97,20.47,63.85,16.02,43.7,3.3,Completed
SES-002922,2024-11-08,6,EV-059,Jaipur,Rajasthan,Franchise,AC Level 2,Type 2,Fleet,Card,0.37,7.64,9.55,72.96,58.85,205.58,38.69,-230.16,42.6,4.6,Completed
SES-001101,2025-08-03,8,EV-008,Ahmedabad,Gujarat,Franchise,DC Fast,Type 2,Private,Card,0.26,13.04,15.01,195.73,78.78,61.8,13.86,41.29,11.9,4.6,Completed
SES-002437,2024-05-09,17,EV-035,Hyderabad,Telangana,Own,DC Fast,CCS2,Private,UPI,1.7,55.57,14.2,789.09,431.37,219.43,20.2,118.09,56.5,4.2,Completed
SES-002985,2025-08-31,23,EV-038,Mumbai,Maharashtra,Own,AC Level 2,Type 2,Taxi/Ride-share,UPI,0.45,9.28,9.33,86.58,67.17,93.75,75.1,-149.44,30.0,4.6,Completed
SES-001316,2024-10-16,16,EV-001,Ahmedabad,Gujarat,Franchise,AC Level 2,Type 2,Taxi/Ride-share, Wallet ,0.83,12.71,11.01,139.94,69.22,210.25,34.59,-174.12,42.9,3.7,Completed
SES-001649,2024-07-22,13,EV-013,Chennai,Tamil Nadu,Partner,DC Ultra-Fast,Type 2,Private,UPI,0.62,45.92,16.16,742.07,258.23,199.62,14.63,269.59,17.3,4.7,Completed
SES-003104,2025-05-04,23,EV-065,Jaipur,Rajasthan,Own,DC Fast,CCS2,Fleet,UPI,0.96,28.35,14.69,416.46,170.37,,64.56,20.11,34.7,4.6,Completed
SES-004984,2025-12-29,14,EV-096,Delhi,Delhi,Partner,DC Fast,CHAdeMO,Private,Card,2.1,87.9,15.77,1386.18,578.51,85.97,43.36,678.34,55.8,4.7,Completed
SES-004343,2025-09-06,9,EV-058,Mumbai,Maharashtra,Own,DC Fast,CCS2,Private,UPI,2.69,103.55,15.93,1649.55,543.9,74.75,54.9,976.0,53.0,4.3,Completed
SES-004242,2025-06-28,15,EV-030,Ahmedabad,Gujarat,Own,DC Fast,CHAdeMO,Private,Card,1.17,46.04,11.87,546.49,316.1,34.43,41.73,154.23,38.1,3.9,Completed
SES-000796,2024-10-25,10,EV-087,Ahmedabad,Gujarat,Own,AC Level 2,Type 2,Private,Card,0.89,9.1,11.86,107.93,58.91,148.23,70.19,-169.4,37.8,5.0,Completed
SES-000590,2024-07-10,20,EV-015,Pune,Maharashtra,Franchise,DC Ultra-Fast,CCS2,Fleet,Card,0.38,43.85,19.37,849.37,290.67,78.29,45.63,434.78,16.6,4.2,Completed
SES-000074,2025-10-11,8,EV-061,Pune,Maharashtra,Own,DC Fast,CHAdeMO,Fleet,Card,1.23,62.92,15.56,979.04,521.89,80.7,38.47,337.98,35.0,3.5,Completed
SES-000461,2024-08-12,20,EV-001,Ahmedabad,Gujarat,Own,DC Ultra-Fast,CCS2,Private,UPI,2.81,180.0,15.54,2797.2,951.12,106.69,42.15,1697.24,17.5,3.7,Completed
SES-000487,2025-08-29,5,EV-017,Delhi,Delhi,Own,DC Fast,CHAdeMO,Corporate,UPI,0.99,28.59,11.02,315.06,228.08,198.83,55.89,-167.74,25.5,3.7,Completed
SES-004543,2024-09-18,1,EV-038,Lucknow,Uttar Pradesh,Franchise,AC Level 2,CCS2,Private,Wallet,0.69,13.26,9.26,122.79,92.13,32.64,78.67,-80.65,27.8,4.3,Completed
SES-002139,2024-09-26,4,EV-063,Chennai,Tamil Nadu,Own,DC Fast,CCS2,Corporate,Wallet,0.67,33.79,13.74,464.27,224.93,81.97,39.97,117.4,27.1,4.4,Completed
SES-001230,2025-10-31,8,EV-083,Jaipur,Rajasthan,Partner,AC Level 2,CCS2,Taxi/Ride-share,Corporate Account,1.99,28.08,8.33,233.91,192.01,146.9,66.4,-171.4,63.4,3.3,Completed
SES-000493,2024-02-06,13,EV-039,Jaipur,Rajasthan,Own,DC Fast,Type 2,Corporate,UPI,1.65,56.94,11.79,671.32,465.35,124.32,9.47,72.18,43.6,3.6,Completed
SES-004267,2025-12-27,19,EV-083,Hyderabad,Telangana,Partner,AC Level 2,CCS2,Private,Card,1.05,18.75,10.01,187.69,104.31,34.8,25.62,22.96,45.9,3.6,Completed
SES-003694,2025-08-05,13,EV-075,Pune,Maharashtra,Partner,,CCS2,Private,Corporate Account,0.31,11.16,14.25,159.03,65.17,35.95,61.9,-3.99,25.1,4.7,Completed
SES-003485,2024-04-07,6,EV-086,Chennai,Tamil Nadu,Partner,DC Fast,CCS2,Taxi/Ride-share,UPI,2.71,125.74,11.67,1467.39,1024.72,167.74,61.92,213.01,57.4,4.1,Completed
SES-002105,2025-03-23,6,EV-042,Bengaluru,Karnataka,Franchise,DC Ultra-Fast,CCS2,Private,Wallet,2.42,180.0,16.08,2894.4,1116.41,91.22,70.39,1616.38,39.5,4.3,Completed
SES-001266,2024-09-30,0,EV-001,Ahmedabad,Gujarat,Own,AC Level 2,CCS2,Private,UPI,0.46,8.95,8.01,71.69,54.49,96.81,10.06,-89.67,22.7,4.2,Completed
SES-003419,2025-07-15,0,EV-050,Jaipur,Rajasthan,Own,DC Fast,CCS2,Private,UPI,1.63,81.69,11.53,941.89,463.72,166.63,27.46,284.08,24.1,4.3,Completed
SES-000098,2024-03-21,14,EV-004,Ahmedabad,Gujarat,Partner,AC Level 2,Type 2,Taxi/Ride-share,Corporate Account,1.09,17.96,8.83,158.59,93.11,20.92,55.62,-11.06,25.1,4.6,Completed
SES-003274,2025-08-24,2,EV-074,Hyderabad,Telangana,Franchise,DC Ultra-Fast,Type 2,Corporate,Card,0.87,86.17,17.96,1547.61,652.57,321.82,58.36,514.86,28.5,3.6,Completed
SES-004928,2024-04-15,21,EV-057,Mumbai,Maharashtra,Own,AC Level 2,CCS2,Private,Corporate Account,2.23,30.18,9.54,287.92,227.74,51.25,21.85,-12.92,20.2,4.3,Completed
SES-002528,2025-03-03,13,EV-049,Jaipur,Rajasthan,Own,DC Fast,CCS2,Private,Corporate Account,1.49,73.01,15.07,1100.26,423.92,20.63,13.85,641.86,49.2,4.6,Completed
SES-001773,2024-10-11,15,EV-013,Hyderabad,Telangana,Partner,DC Fast,Type 2,Fleet,UPI,1.46,53.93,14.59,786.84,352.61,129.95,37.16,267.12,36.7,4.0,Completed
SES-001468,2025-03-09,16,EV-077,Pune,Maharashtra,Own,AC Level 2,CCS2,Private,Wallet,0.25,4.19,10.77,45.13,21.16,55.02,24.35,-55.4,12.6,4.2,Completed
SES-001750,2024-04-13,15,EV-047,Gurugram,Haryana,Own,DC Fast,CHAdeMO,Fleet,UPI,0.19,5.85,11.56,67.63,43.51,145.44,22.14,-143.46,43.5,3.5,Completed
SES-001479,2025-06-28,21,EV-026,Gurugram,Haryana,Franchise,DC Fast,CCS2,Taxi/Ride-share,Corporate Account,0.16,8.47,12.53,106.13,58.6,197.89,49.87,-200.23,38.1,4.0,Completed
SES-001891,2024-03-05,7,EV-056,Mumbai,Maharashtra,Own,AC Level 2,Type 2,Corporate,UPI,1.59,17.94,8.39,150.52,100.19,200.91,21.38,-171.96,43.3,3.6,Completed
SES-004195,2024-06-28,8,EV-075,Delhi,Delhi,Own,AC Level 2,CCS2,Private,UPI,0.45,8.44,9.15,77.23,59.2,209.65,18.66,-210.28,14.6,4.0,Cancelled
SES-003141,2025-10-08,4,EV-087,Chennai,Tamil Nadu,Franchise,DC Ultra-Fast,CCS2,Private,Wallet,0.36,49.81,17.14,853.74,333.79,121.73,79.31,318.91,9.1,4.0,Completed
SES-002345,2025-04-11,22,EV-052,Ahmedabad,Gujarat,Own,AC Level 2,Type 2,Corporate,UPI,1.98,33.24,11.65,387.25,208.06,86.74,75.18,17.27,46.5,3.8,Completed
SES-004444,2024-08-18,19,EV-094,Jaipur,Rajasthan,Own,AC Level 2,CHAdeMO,Corporate,UPI,0.22,3.47,9.02,31.3,20.75,183.25,20.01,-192.71,10.9,3.7,Completed
SES-002951,2025-07-16,2,EV-033,Hyderabad,Telangana,Franchise,DC Ultra-Fast,CCS2,Private,Wallet,0.59,45.9,14.3,656.37,337.05,77.96,60.8,180.56,37.2,4.1,Completed
SES-000602,2024-02-28,15,EV-038,Chennai,Tamil Nadu,Partner,DC Fast,CCS2,Taxi/Ride-share,UPI,2.36,87.71,14.48,1270.04,618.77,141.69,48.11,461.47,39.1,4.0,Completed
SES-003943,2025-12-31,18,EV-031,Jaipur,Rajasthan,Own,AC Level 2,Type 2,Private,Corporate Account,1.14,17.75,11.55,205.01,150.39,26.85,23.97,3.8,30.3,3.8,Failed
SES-003222,2024-07-21,18,EV-018,Chennai,Tamil Nadu,Franchise,AC Level 2,CCS2,Taxi/Ride-share,Corporate Account,1.96,29.08,10.12,294.29,149.45,122.03,77.47,-54.66,27.1,3.5,Completed
SES-000396,2024-01-15,15,EV-057,Delhi,Delhi,Partner,AC Level 2,CHAdeMO,Corporate,Wallet,0.37,3.78,10.6,40.07,22.63,189.8,64.68,-237.04,16.6,4.0,Completed
SES-000427,2024-11-03,11,EV-045,Chennai,Tamil Nadu,Own,AC Level 2,CCS2,Private,UPI,1.0,9.98,9.48,94.61,79.86,24.24,63.41,-72.9,35.4,4.0,Completed
SES-000022,2024-03-04,2,EV-069,Delhi,Delhi,Franchise,AC Level 2,Type 2,Private,UPI,1.32,14.72,9.42,138.66,109.23,205.04,74.47,-250.08,46.9,3.7,Completed
SES-001039,2025-04-19,5,EV-033,Pune,Maharashtra,Partner,DC Ultra-Fast,CHAdeMO,Taxi/Ride-share,Wallet,0.36,37.68,19.25,725.34,210.45,221.74,70.96,222.19,19.3,3.9,Completed
SES-002301,2024-11-15,3,EV-010,Lucknow,Uttar Pradesh,Franchise,DC Fast,CHAdeMO,Fleet,UPI,0.41,16.17,13.05,211.02,101.98,111.53,20.42,-22.91,31.2,4.7,Completed
SES-000845,2024-07-10,3,EV-097,Bengaluru,Karnataka,Own,DC Fast,CCS2,Corporate,UPI,0.75,24.06,15.87,381.83,164.82,138.04,10.89,68.08,45.3,4.0,Completed
SES-003358,2024-06-27,14,EV-011,Hyderabad,Telangana,Partner,DC Ultra-Fast,Type 2,Private,Wallet,1.47,171.79,19.42,3336.16,1198.57,127.68,18.59,1991.32,42.5,4.3,Completed
SES-002894,2025-02-01,7,EV-055,Gurugram,Haryana,Franchise,DC Fast,CCS2,Fleet,UPI,0.88,34.74,11.2,389.09,265.08,83.38,37.13,3.5,19.4,3.4,Completed
SES-002603,2024-01-29,7,EV-091,Delhi,Delhi,Franchise,AC Level 2,CHAdeMO,Fleet,UPI,0.4,6.23,8.64,53.83,40.81,127.6,39.49,-154.07,21.3,3.7,Completed
SES-003418,2025-10-25,13,EV-096,Delhi,Delhi,Own,DC Fast,CCS2,Taxi/Ride-share,Card,0.39,14.57,14.95,217.82,110.12,171.05,77.42,-140.77,2.0,3.9,Completed
SES-004347,2024-03-16,10,EV-079,Jaipur,Rajasthan,Franchise,DC Fast,CCS2,Corporate,UPI,2.19,112.01,13.43,1504.29,643.17,98.06,78.39,684.67,69.8,4.4,Completed
SES-001670,2024-02-23,21,EV-002,Mumbai,Maharashtra,Franchise,AC Level 2,CCS2,Private,UPI,1.51,20.92,11.53,241.21,169.94,72.63,78.41,-79.77,14.5,3.9,Cancelled
SES-003485,2024-04-07,6,EV-086,Chennai,Tamil Nadu,Partner,DC Fast,CCS2,Taxi/Ride-share,UPI,2.71,125.74,11.67,1467.39,1024.72,167.74,61.92,213.01,57.4,4.1,Completed
SES-003503,2025-08-10,23,EV-049,Mumbai,Maharashtra,Own,DC Fast,CCS2,Private,UPI,1.29,62.51,11.28,705.11,495.38,142.63,36.58,30.52,51.0,4.5,Completed
SES-004845,2025-09-25,13,EV-068,Hyderabad,Telangana,Franchise,DC Ultra-Fast,Type 2,Fleet,Card,0.9,80.41,18.68,1502.06,442.21,50.49,62.82,946.54,31.7,4.5,Completed
SES-001315,2024-01-24,21,EV-084,Hyderabad,Telangana,Own,DC Ultra-Fast,CCS2,Private,Card,1.33,90.23,15.31,1381.42,661.8,142.23,56.71,520.68,27.1,3.6,Completed
SES-001847,2025-01-01,6,EV-026,Lucknow,Uttar Pradesh,Own,DC Fast,CCS2,Taxi/Ride-share,UPI,0.75,33.23,14.61,485.49,225.23,66.36,20.5,173.4,29.2,3.8,Completed
SES-003089,2024-09-11,16,EV-026,Pune,Maharashtra,Own,DC Fast,Type 2,Corporate,UPI,0.18,6.33,12.82,81.15,38.27,219.42,63.53,-240.07,26.8,3.5,Completed
SES-000244,2025-05-14,2,EV-041,Jaipur,Rajasthan,Franchise,AC Level 2,CHAdeMO,Corporate,UPI,2.92,52.93,11.48,607.64,400.33,87.43,24.07,95.81,53.0,4.7,Completed
SES-004163,2024-07-19,11,EV-098,Lucknow,Uttar Pradesh,Partner,AC Level 2,Type 2,Private,UPI,0.44,6.95,8.52,59.21,37.65,114.39,59.95,-152.78,38.5,3.8,Completed
SES-004755,2025-11-15,19,EV-028,Hyderabad,Telangana,Own,DC Fast,CCS2,Corporate,Wallet,1.74,74.42,14.07,1047.09,487.08,161.21,77.89,320.91,44.1,3.9,Completed
SES-000934,2024-06-17,15,EV-070,Delhi,Delhi,Own,AC Level 2,Type 2,Taxi/Ride-share,UPI,3.48,35.98,10.01,360.16,262.78,103.15,46.86,-52.63,50.9,4.9,Completed
SES-002408,2025-11-14,12,EV-002,Pune,Maharashtra,Partner,AC Level 2,CCS2,Private,UPI,1.64,24.75,8.23,203.69,191.16,160.92,71.01,-219.4,17.6,4.0,Completed
SES-002144,2025-05-21,15,EV-069,Chennai,Tamil Nadu,Own,DC Ultra-Fast,CHAdeMO,Private,Corporate Account,1.43,174.15,16.15,2812.52,1147.02,297.46,65.13,1302.91,60.2,3.8,Completed
SES-001529,2024-12-31,22,EV-078,Mumbai,Maharashtra,Franchise,,CCS2,Taxi/Ride-share,UPI,1.43,56.34,15.64,881.16,406.18,186.94,57.84,230.2,58.6,4.2,Completed
SES-001497,2025-10-10,7,EV-003,Gurugram,Haryana,Own,AC Level 2,Type 2,Corporate,UPI,0.42,4.36,8.46,36.89,31.74,103.03,33.6,-131.48,36.2,3.7,Completed
SES-004994,2024-05-08,0,EV-043,Ahmedabad,Gujarat,Franchise,AC Level 2,CCS2,Corporate,Card,0.32,6.24,10.16,63.4,52.43,108.41,5.26,-102.7,17.5,4.3,Cancelled
SES-002570,2024-05-20,17,EV-072,Gurugram,Haryana,Partner,DC Fast,CCS2,Taxi/Ride-share,UPI,0.51,28.88,15.4,444.75,166.31,133.54,12.95,131.95,35.0,4.7,Completed
SES-001555,2024-09-05,7,EV-088,Bengaluru,Karnataka,Own,DC Fast,CHAdeMO,Private,Wallet,1.4,52.97,11.11,588.5,443.33,151.85,54.58,-61.26,37.1,4.8,Completed
SES-003023,2025-07-13,19,EV-079,Hyderabad,Telangana,Franchise,DC Ultra-Fast,CCS2,Taxi/Ride-share,UPI,0.75,81.97,18.56,1521.36,607.93,326.65,40.22,546.56,27.7,4.6,Completed
SES-004458,2025-01-03,4,EV-074,Jaipur,Rajasthan,Own,AC Level 2,CCS2,Private,UPI,0.59,11.48,8.18,93.91,96.96,112.76,13.62,-129.43,26.0,3.6,Completed
SES-004581,2024-04-23,5,EV-062,Mumbai,Maharashtra,Own,DC Ultra-Fast,CCS2,Private,Card,0.21,18.0,14.3,257.4,112.88,88.55,75.67,-19.7,33.7,3.3,Completed
SES-003224,2024-04-12,15,EV-004,Jaipur,Rajasthan,Own,AC Level 2,Type 2,Private,Card,3.04,45.69,11.18,510.81,284.01,65.23,68.46,93.11,58.4,3.5,Cancelled
SES-003400,2024-05-13,8,EV-067,Hyderabad,Telangana,Partner,AC Level 2,CHAdeMO,Fleet,UPI,1.94,30.84,9.79,301.92,234.59,193.53,57.28,-183.48,29.6,5.0,Completed
SES-003329,2025-04-06,22,EV-029,Ahmedabad,Gujarat,Own,DC Fast,CCS2,Private,UPI,0.77,38.62,14.34,553.81,247.33,24.23,70.07,212.18,21.0,4.7,Completed
SES-002360,2025-12-18,12,EV-013,Mumbai,Maharashtra,Own,AC Level 2,Type 2,Fleet,Card,1.77,29.37,11.76,345.39,222.42,133.6,31.18,-41.81,40.5,4.3,Completed
SES-001809,2024-05-03,12,EV-077,Ahmedabad,Gujarat,Own,DC Fast,Type 2,Private,UPI,0.36,20.17,12.3,248.09,112.8,80.25,41.42,13.62,40.7,4.6,Completed
SES-002891,2024-11-04,9,EV-030,Mumbai,Maharashtra,Franchise,DC Fast,Type 2,Corporate,Corporate Account,1.28,42.3,15.05,636.62,228.07,161.98,57.75,188.82,16.3,3.6,Completed
SES-002462,2025-04-26,2,EV-059,Hyderabad,Telangana,Partner,DC Fast,CCS2,Private,Card,0.93,46.34,15.81,732.64,287.63,71.23,49.58,324.2,27.5,2.9,Failed
SES-004862,2025-12-08,11,EV-019,Gurugram,Haryana,Partner,AC Level 2,CCS2,Corporate,UPI,0.38,6.88,8.72,59.99,47.98,142.61,36.91,-167.51,10.1,3.4,Completed
SES-002507,2024-01-03,14,EV-025,Hyderabad,Telangana,Franchise,DC Fast,CCS2,Private,UPI,1.56,51.86,13.88,719.82,363.45,77.24,75.36,203.77,26.7,3.4,Completed
SES-001186,2025-01-15,17,EV-061,Gurugram,Haryana,Own,DC Ultra-Fast,CCS2,Fleet,Card,1.62,180.0,16.73,3011.4,1060.95,113.29,46.94,1790.22,36.3,5.0,Completed
SES-002388,2025-07-31,11,EV-041,Bengaluru,Karnataka,Franchise,DC Fast,Type 2,Corporate,Wallet,0.85,37.95,12.94,491.07,198.72,38.13,64.91,189.31,11.0,3.4,Completed
SES-004383,2024-08-20,10,EV-010,Chennai,Tamil Nadu,Franchise,AC Level 2,CCS2,Corporate,Wallet,1.09,12.26,10.03,122.97,81.82,30.8,42.65,-32.3,38.2,5.0,Completed
SES-003321,2024-02-20,20,EV-014,Gurugram,Haryana,Own,AC Level 2,CCS2,Taxi/Ride-share,UPI,0.24,4.37,11.14,48.68,34.82,79.03,29.08,-94.25,23.5,3.9,Completed
SES-002554,2025-01-15,8,EV-066,Jaipur,Rajasthan,Franchise,DC Fast,CCS2,Private,UPI,0.41,,11.62,237.86,161.52,141.42,73.0,-138.08,26.2,4.2,Completed
SES-004236,2024-09-03,12,EV-032,Delhi,Delhi,Own,AC Level 2,CCS2,Private,UPI,2.0,37.19,8.5,316.12,195.32,166.04,78.51,-123.75,44.9,4.7,Completed
SES-003926,2024-12-12,22,EV-092,Lucknow,Uttar Pradesh,Own,DC Ultra-Fast,CCS2,Private,UPI,1.59,141.51,15.18,2148.12,1088.98,258.13,72.5,728.51,43.9,3.6,Completed
SES-001761,2024-06-16,22,EV-053,Lucknow,Uttar Pradesh,Own,AC Level 2,Type 2,Taxi/Ride-share,Card,1.87,32.08,9.62,308.61,160.5,204.74,20.19,-76.82,50.0,4.8,Completed
SES-003280,2024-11-01,0,EV-090,Jaipur,Rajasthan,Own,AC Level 2,CCS2,Corporate,UPI,0.28,3.59,8.08,29.01,18.61,60.32,43.18,-93.1,21.3,4.2,Completed
SES-001966,2024-07-16,17,EV-031,Jaipur,Rajasthan,Own,DC Ultra-Fast,Type 2,Fleet,UPI,1.1,122.91,18.63,2289.81,840.69,175.78,51.85,1221.49,52.5,4.1,Completed
SES-002949,2024-06-07,15,EV-060,Ahmedabad,Gujarat,Own,DC Fast,CCS2,Private,UPI,2.67,80.38,11.35,912.31,514.05,176.31,17.49,204.46,38.7,4.1,Completed
SES-003143,2024-03-21,16,EV-027,Bengaluru,Karnataka,Partner,DC Fast,CCS2,Taxi/Ride-share,UPI,0.32,17.15,13.96,239.41,96.98,20.28,57.96,64.19,33.3,4.1,Completed
SES-000445,2024-11-03,1,EV-057,Jaipur,Rajasthan,Own,DC Ultra-Fast,Type 2,Fleet,Card,0.45,52.19,18.01,939.94,295.91,155.42,25.27,463.34,29.5,4.6,Completed
SES-002088,2024-03-14,22,EV-056,Ahmedabad,Gujarat,Own,AC Level 2,Type 2,Taxi/Ride-share,Corporate Account,1.48,18.72,11.24,210.41,101.93,170.06,52.26,-113.84,34.9,4.3,Completed
SES-001265,2024-12-19,14,EV-035,Lucknow,Uttar Pradesh,Own,DC Fast,Type 2,Taxi/Ride-share,Wallet,0.99,32.89,13.0,427.57,233.84,158.72,64.4,-29.39,42.5,3.4,Completed
SES-002754,2024-10-12,9,EV-029,Chennai,Tamil Nadu,Franchise,DC Fast,CCS2,Private,Card,0.67,31.04,15.27,473.98,178.29,209.79,15.68,70.22,35.1,3.7,Completed
SES-002566,2024-08-08,20,EV-097,Mumbai,Maharashtra,Own,DC Fast,CCS2,Private,Card,2.68,104.1,14.37,1495.92,633.21,129.78,32.69,700.24,35.3,4.1,Completed
SES-004451,2024-05-31,8,EV-048,Hyderabad,Telangana,Franchise,DC Fast,CCS2,Private,UPI,2.01,78.05,15.56,1214.46,459.45,213.75,44.88,496.38,41.0,3.6,Completed
SES-003930,2024-09-28,18,EV-083,Delhi,Delhi,Own,DC Ultra-Fast,CCS2,Fleet,UPI,2.22,180.0,15.04,2707.2,943.65,256.46,65.52,1441.57,31.1,3.0,Completed
SES-001077,2024-04-10,21,EV-047,Delhi,Delhi,Partner,DC Fast,CCS2,Corporate,UPI,1.25,61.77,14.41,890.11,512.01,82.48,36.28,259.34,33.9,4.1,Completed
SES-002888,2025-06-04,18,EV-043,Chennai,Tamil Nadu,Own,AC Level 2,CCS2,Private,UPI,0.73,13.61,11.49,156.38,76.51,50.02,72.21,-42.36,44.7,3.3,Completed
SES-003271,2025-08-26,12,EV-025,Hyderabad,Telangana,Own,AC Level 2,CCS2,Private,UPI,1.29,19.99,11.89,237.68,164.78,151.76,48.33,-127.19,20.1,4.2,Completed
SES-001228,2025-09-30,19,EV-047,Gurugram,Haryana,Own,DC Fast,CHAdeMO,Private,Card,1.38,69.23,14.22,984.45,511.41,57.21,29.77,386.06,36.2,3.4,Completed
SES-001152,2025-02-18,19,EV-038,Gurugram,Haryana,Own,DC Fast,CCS2,Corporate, Wallet ,1.29,54.76,14.6,799.5,359.26,205.98,38.38,195.88,49.0,4.5,Completed
SES-003728,2024-09-07,15,EV-073,Delhi,Delhi,Own,DC Fast,CCS2,Private,UPI,0.25,9.92,13.99,138.78,66.82,186.59,14.41,-129.04,19.4,4.6,Completed
SES-004031,2024-11-13,3,EV-100,Hyderabad,Telangana,Franchise,AC Level 2,CCS2,Private,UPI,0.87,16.47,9.01,148.39,91.51,123.29,12.1,-78.51,37.8,4.1,Completed
SES-003935,2024-01-12,1,EV-012,Bengaluru,Karnataka,Own,DC Ultra-Fast,CHAdeMO,Private,UPI,1.31,101.04,18.88,1907.64,652.5,203.62,78.85,972.67,6.6,3.7,Completed
SES-000418,2025-04-28,22,EV-078,Gurugram,Haryana,Partner,AC Level 2,CCS2,Taxi/Ride-share,Card,0.3,3.06,11.32,34.64,22.43,35.71,50.91,-74.41,8.0,4.4,Completed
SES-001243,2024-06-01,21,EV-029,Jaipur,Rajasthan,Own,AC Level 2,CCS2,Private,Card,3.21,47.2,11.33,534.78,254.71,169.69,46.93,63.45,46.0,4.0,Completed
SES-001867,2024-08-08,11,EV-090,Ahmedabad,Gujarat,Partner,AC Level 2,CCS2,Taxi/Ride-share,Wallet,0.68,9.19,9.69,89.05,71.56,49.69,46.47,-78.67,26.3,4.6,Completed
SES-004254,2024-10-23,3,EV-083,Ahmedabad,Gujarat,Own,DC Fast,CCS2,Corporate,Wallet,0.91,37.57,15.42,579.33,193.24,165.39,9.62,211.08,47.6,4.0,Completed
SES-003167,2025-05-01,2,EV-005,Jaipur,Rajasthan,Own,DC Fast,CCS2,Corporate,Card,1.04,51.47,13.32,685.58,262.9,203.96,64.05,154.67,54.5,3.6,Completed
SES-003664,2025-10-13,22,EV-012,Delhi,Delhi,Franchise,AC Level 2,CCS2,Private,UPI,0.56,10.19,11.54,117.59,57.92,120.85,69.07,-130.25,26.9,3.7,Completed
SES-003716,2025-01-01,23,EV-031,Lucknow,Uttar Pradesh,Own,AC Level 2,CCS2,Private,UPI,1.65,31.39,11.06,347.17,243.87,74.53,19.3,9.47,48.3,4.3,Completed
SES-001279,2025-01-30,13,EV-061,Lucknow,Uttar Pradesh,Own,DC Fast,CCS2,Taxi/Ride-share,UPI,2.42,130.16,13.79,1794.91,680.63,54.59,42.83,1016.86,44.6,3.7,Completed
SES-002638,2024-08-15,7,EV-070,Gurugram,Haryana,Own,AC Level 2,CCS2,Taxi/Ride-share,UPI,0.53,6.74,9.49,63.96,54.48,74.94,23.23,-88.69,30.2,4.0,Completed
SES-004857,2025-01-31,9,EV-064,Gurugram,Haryana,Partner,DC Ultra-Fast,Type 2,Private,UPI,0.43,31.08,17.41,541.1,263.42,209.24,62.51,5.93,17.4,3.6,Completed
SES-003111,2024-01-14,3,EV-045,Mumbai,Maharashtra,Own,DC Ultra-Fast,CCS2,Taxi/Ride-share,UPI,1.62,159.84,19.27,3080.12,1086.68,75.07,23.13,1895.24,53.9,3.9,Completed
SES-004339,2025-12-15,15,EV-098,Gurugram,Haryana,Franchise,AC Level 2,CCS2,Private,UPI,1.13,17.35,11.16,193.63,102.24,55.07,10.33,25.99,30.9,4.4,Completed
SES-000885,2025-11-08,0,EV-002,Gurugram,Haryana,Own,AC Level 2,CCS2,Taxi/Ride-share,UPI,0.15,2.0,10.47,20.94,15.34,218.68,45.4,-258.48,40.7,3.4,Completed
SES-000621,2025-04-29,12,EV-009,Hyderabad,Telangana,Franchise,AC Level 2,CCS2,Private,UPI,0.56,9.56,11.25,107.55,56.35,107.24,16.76,-72.8,40.2,3.8,Completed
SES-002552,2025-08-20,14,EV-055,Chennai,Tamil Nadu,Partner,AC Level 2,CHAdeMO,Corporate,card,0.8,,11.19,100.93,75.53,86.01,47.84,-108.45,19.6,3.9,Completed
SES-002971,2024-04-22,13,EV-028,Gurugram,Haryana,Partner,AC Level 2,CHAdeMO,Private,Card,4.5,52.25,9.85,514.66,350.71,64.44,60.34,39.17,48.4,3.6,Completed
SES-002208,2025-11-14,21,EV-092,Ahmedabad,Gujarat,Partner,DC Ultra-Fast,CCS2,Taxi/Ride-share,Wallet,2.58,180.0,18.33,3299.4,1370.08,205.5,7.38,1716.44,23.2,4.2,Completed
SES-003467,2024-10-29,19,EV-034,Chennai,Tamil Nadu,Own,AC Level 2,CCS2,Private,Corporate Account,0.73,9.85,8.4,82.74,50.54,171.55,39.75,-179.1,43.0,4.8,Completed
SES-000538,2024-12-20,4,EV-044,Gurugram,Haryana,Own,AC Level 2,CHAdeMO,Private,Card,1.37,20.96,10.82,226.79,112.98,89.59,12.96,11.26,33.5,4.9,Completed
SES-003768,2024-01-30,9,EV-016,Bengaluru,Karnataka,Own,AC Level 2,CCS2,Corporate,Wallet,1.13,16.09,8.75,140.79,121.05,93.1,52.33,-125.69,31.0,3.4,Completed
SES-002289,2025-05-31,23,EV-086,Bengaluru,Karnataka,Own,AC Level 2,Type 2,Fleet,Corporate Account,0.32,5.57,8.17,45.51,28.2,76.2,61.16,-120.05,48.0,3.6,Completed
SES-000014,2024-12-21,13,EV-070,Bengaluru,Karnataka,Franchise,AC Level 2,Type 2,Private,UPI,2.99,40.23,9.48,381.38,227.23,124.8,42.31,-12.96,55.3,3.0,Completed
SES-001682,2024-06-30,20,EV-014,Chennai,Tamil Nadu,Partner,DC Ultra-Fast,CCS2,Private,Card,0.37,43.76,18.77,821.38,305.91,134.47,44.58,336.42,35.9,3.9,Completed
SES-000741,2025-02-22,6,EV-016,Hyderabad,Telangana,Own,DC Fast,CCS2,Private,UPI,1.98,59.68,15.74,939.36,425.04,110.49,79.13,324.7,55.8,4.2,Completed
SES-002977,2024-02-22,19,EV-026,Chennai,Tamil Nadu,Franchise,AC Level 2,CCS2,Private,Card,0.33,3.3,10.86,35.84,26.71,217.48,73.08,-281.43,30.7,4.0,Completed
SES-003387,2024-04-22,1,EV-029,Delhi,Delhi,Own,AC Level 2,CCS2,Private,Wallet,2.56,34.66,9.45,327.54,277.81,48.01,32.47,-30.75,39.4,4.5,Completed
SES-001386,2025-02-17,13,EV-097,Hyderabad,Telangana,Franchise,DC Fast,CCS2,Corporate,UPI,2.8,155.78,11.37,1771.22,1288.31,96.92,49.02,336.97,65.6,5.0,Completed
SES-002844,2024-06-27,23,EV-031,Pune,Maharashtra,Franchise,AC Level 2,CHAdeMO,Private,UPI,2.8,50.09,9.99,500.4,370.44,76.68,42.98,10.3,49.3,5.0,Completed
SES-002404,2024-02-27,4,EV-023,Chennai,Tamil Nadu,Partner,AC Level 2,CCS2,Private,UPI,0.97,17.21,10.79,185.7,103.39,73.95,33.1,-24.74,39.7,4.0,Completed
SES-000335,2025-01-31,18,EV-086,Gurugram,Haryana,Own,DC Fast,CCS2,Private,Wallet,0.15,6.27,15.97,100.13,40.4,150.9,50.45,-141.62,16.4,4.2,Completed
SES-002737,2025-07-14,5,EV-036,Bengaluru,Karnataka,Own,AC Level 2,Type 2,Corporate,Card,1.29,13.24,11.13,147.36,104.86,211.28,11.63,-180.41,27.2,4.6,Completed
SES-004281,2025-01-31,23,EV-062,Jaipur,Rajasthan,Partner,DC Fast,CCS2,Taxi/Ride-share,UPI,2.01,70.89,13.95,988.92,402.51,104.81,6.89,474.71,44.7,3.3,Completed
SES-004920,2025-12-11,5,EV-024,Hyderabad,Telangana,Own,DC Fast,CCS2,Private,UPI,1.06,52.66,13.83,728.29,372.67,32.33,23.86,299.43,23.1,4.6,Completed
SES-003496,2025-05-17,20,EV-053,Hyderabad,Telangana,Partner,DC Fast,Type 2,Private,Wallet,1.3,43.44,11.07,480.88,362.71,182.06,32.23,-96.12,25.3,3.5,Completed
SES-002990,2025-08-05,21,EV-038,Delhi,Delhi,Own,DC Fast,CCS2,Private,Corporate Account,0.41,21.72,11.07,240.44,169.35,140.57,10.34,-79.82,30.5,3.8,Completed
SES-003398,2024-05-10,19,EV-063,Chennai,Tamil Nadu,Own,DC Fast,Type 2,Fleet,UPI,0.99,45.15,13.68,617.65,251.73,198.7,16.94,150.28,33.4,3.0,Completed
SES-003050,2024-01-05,23,EV-091,Delhi,Delhi,Own,DC Ultra-Fast,CCS2,Corporate,UPI,0.85,119.49,17.11,2044.47,785.25,248.63,47.63,962.96,14.9,4.0,Completed
SES-002236,2025-12-08,16,EV-084,Lucknow,Uttar Pradesh,Franchise,AC Level 2,CCS2,Private,Corporate Account,0.61,9.76,11.31,110.39,77.85,61.57,47.41,-76.44,29.5,3.7,Completed
SES-000942,2025-09-03,18,EV-069,Pune,Maharashtra,Partner,DC Fast,CCS2,Taxi/Ride-share,UPI,0.48,27.15,15.66,425.17,169.69,116.35,52.41,86.72,16.5,5.0,Completed
SES-004381,2025-03-29,8,EV-098,Pune,Maharashtra,Own,DC Fast,CHAdeMO,Corporate,UPI,0.87,44.9,13.22,593.58,289.45,188.69,42.44,73.0,21.6,3.5,Completed
SES-002948,2025-11-12,3,EV-039,Ahmedabad,Gujarat,Partner,DC Fast,CCS2,Corporate,Card,0.7,23.66,15.34,362.94,127.28,123.94,6.54,105.18,21.8,4.1,Completed
SES-001185,2025-04-19,14,EV-039,Hyderabad,Telangana,Own,DC Fast,CCS2,Private,UPI,1.54,53.92,14.16,763.51,316.86,41.93,72.02,332.7,28.8,3.4,Completed
SES-004262,2024-07-19,22,EV-076,Chennai,Tamil Nadu,Partner,DC Ultra-Fast,Type 2,Fleet,Wallet,0.53,48.06,14.76,709.37,329.19,225.18,13.08,141.92,29.8,3.8,Completed
SES-002278,2025-08-06,4,EV-051,Jaipur,Rajasthan,Franchise,AC Level 2,CHAdeMO,Taxi/Ride-share,Wallet,1.18,17.04,11.09,188.97,96.68,154.32,61.54,-123.57,25.3,4.8,Completed
SES-003932,2024-03-18,1,EV-088,Mumbai,Maharashtra,Own,AC Level 2,CCS2,Private,Card,1.43,19.86,8.29,164.64,149.06,44.14,55.34,-83.9,31.8,3.0,Completed
SES-001852,2024-08-02,22,EV-085,Hyderabad,Telangana,Own,DC Fast,CCS2,Private,UPI,2.13,66.78,15.52,1036.43,454.96,76.02,51.26,454.19,30.6,3.5,Completed
SES-004138,2025-06-05,1,EV-060,Pune,Maharashtra,Own,AC Level 2,Type 2,Corporate,Card,0.9,10.93,9.43,103.07,66.91,117.03,51.65,-132.52,31.0,3.5,Completed
SES-002797,2025-05-17,14,EV-049,Ahmedabad,Gujarat,Franchise,DC Fast,Type 2,Private,UPI,2.0,72.14,12.88,929.16,449.65,98.73,60.48,320.3,44.2,4.0,Completed
SES-004876,2025-02-23,9,EV-065,Gurugram,Haryana,Partner,AC Level 2,CHAdeMO,Private,UPI,0.74,9.77,9.53,93.11,71.42,100.58,70.74,-149.63,25.2,4.6,Completed
SES-001887,2024-07-14,7,EV-068,Bengaluru,Karnataka,Franchise,DC Ultra-Fast,CCS2,Private,UPI,1.17,115.32,19.72,2274.11,707.53,88.43,32.74,1445.41,32.1,4.0,Completed
SES-003660,2024-01-20,1,EV-010,Hyderabad,Telangana,Own,DC Fast,CHAdeMO,Private,UPI,1.23,40.47,13.83,559.7,213.29,92.49,26.92,227.0,35.4,4.5,Completed
SES-003616,2025-01-14,9,EV-024,Chennai,Tamil Nadu,Franchise,DC Fast,Type 2,Corporate,UPI,0.9,34.98,15.42,539.39,245.7,49.33,5.84,238.52,26.3,3.6,Completed
SES-003520,2024-08-20,8,EV-053,Hyderabad,Telangana,Franchise,DC Fast,CCS2,Fleet,Card,0.52,23.88,14.47,345.54,120.7,155.85,53.95,15.04,40.4,5.0,Completed
SES-002398,2024-09-27,4,EV-071,Hyderabad,Telangana,Own,AC Level 2,Type 2,Taxi/Ride-share,UPI,0.64,13.12,10.49,137.63,83.66,187.22,50.86,-184.11,8.3,4.9,Cancelled
SES-002094,2025-08-03,1,EV-005,Lucknow,Uttar Pradesh,Franchise,DC Ultra-Fast,CCS2,Private,Card,1.06,99.01,15.03,1488.12,560.41,178.89,7.2,741.62,30.5,3.9,Completed
SES-002157,2025-12-05,22,EV-076,Mumbai,Maharashtra,Own,AC Level 2,CHAdeMO,Private,Card,0.9,15.53,10.62,164.93,115.95,139.81,48.89,-139.72,36.4,3.3,Completed
SES-003690,2025-01-21,16,EV-080,Chennai,Tamil Nadu,Own,AC Level 2,CCS2,Taxi/Ride-share,UPI,1.35,18.57,9.25,171.77,98.17,70.88,46.53,-43.81,38.9,4.2,Completed
SES-000030,2025-10-14,10,EV-013,Hyderabad,Telangana,Own,DC Ultra-Fast,Type 2,Fleet,Wallet,0.62,44.6,15.0,669.0,351.39,239.16,11.34,67.11,17.5,4.1,Completed
SES-004278,2024-02-02,15,EV-064,Mumbai,Maharashtra,Franchise,AC Level 2,CHAdeMO,Private,UPI,1.46,19.08,9.4,179.35,140.14,180.75,5.8,-147.34,43.5,3.3,Completed
SES-002670,2024-02-16,8,EV-024,Mumbai,Maharashtra,Partner,DC Fast,CCS2,Private,UPI,1.56,63.94,11.51,735.95,485.24,210.59,44.53,-4.41,34.9,4.8,Completed
SES-003492,2025-07-17,3,EV-082,Delhi,Delhi,Own,DC Fast,CCS2,Corporate,Card,1.6,76.28,14.89,1135.81,591.49,24.34,12.11,507.87,49.0,4.1,Completed
SES-004731,2025-08-25,13,EV-075,Gurugram,Haryana,Franchise,DC Ultra-Fast,CCS2,Corporate,Card,0.42,38.67,15.24,589.33,259.87,197.44,41.47,90.55,28.1,4.0,Completed
SES-004201,2024-06-02,13,EV-080,Jaipur,Rajasthan,Franchise,AC Level 2,CCS2,Corporate,Card,2.19,42.5,11.74,498.95,326.76,192.62,73.54,-93.97,21.2,4.2,Completed
SES-004157,2025-11-27,20,EV-015,Chennai,Tamil Nadu,Own,AC Level 2,CCS2,Fleet,UPI,2.44,50.85,9.38,476.97,344.07,24.65,72.23,36.02,59.5,4.6,Completed
SES-001108,2024-06-10,21,EV-056,Ahmedabad,Gujarat,Partner,AC Level 2,CCS2,Fleet,Corporate Account,0.15,2.34,10.64,24.9,11.91,77.43,22.84,-87.28,21.2,4.0,Completed
SES-000491,2025-06-27,11,EV-090,Delhi,Delhi,Partner,DC Fast,Type 2,Corporate,Wallet,0.74,29.67,15.61,463.15,213.17,21.98,77.95,150.05,6.6,4.5,Completed
SES-000316,2025-06-24,22,EV-091,Gurugram,Haryana,Own,DC Ultra-Fast,CCS2,Private,Corporate Account,3.92,180.0,16.49,2968.2,1494.7,75.76,58.58,1339.16,15.8,2.6,Completed
SES-001475,2025-12-20,4,EV-052,Lucknow,Uttar Pradesh,Own,AC Level 2,CHAdeMO,Taxi/Ride-share,Wallet,0.84,13.42,10.84,145.47,72.55,43.41,70.03,-40.52,29.8,4.3,Completed
SES-000382,2025-08-16,16,EV-025,Jaipur,Rajasthan,Own,DC Fast,CHAdeMO,Taxi/Ride-share,Wallet,1.47,74.72,11.37,849.57,462.21,156.47,71.43,159.46,57.1,3.4,Completed
SES-004519,2024-04-01,22,EV-077,Ahmedabad,Gujarat,Own,DC Ultra-Fast,CCS2,Private,Card,0.39,46.44,15.67,727.71,322.82,271.71,44.53,88.65,14.0,3.6,Completed
SES-004978,2024-09-01,7,EV-038,Gurugram,Haryana,Own,DC Ultra-Fast,CCS2,Corporate,UPI,1.8,180.0,17.66,3178.8,1317.56,309.72,8.01,1543.51,23.9,3.7,Completed
SES-003812,2024-02-04,18,EV-076,Jaipur,Rajasthan,Partner,DC Ultra-Fast,CCS2,Private,Corporate Account,0.5,70.36,17.4,1224.26,460.25,257.25,11.85,494.91,28.0,3.9,Completed
SES-003596,2024-07-11,17,EV-032,Hyderabad,Telangana,Own,DC Ultra-Fast,CCS2,Fleet,UPI,0.15,18.77,19.78,371.27,126.96,115.86,71.95,56.5,5.5,5.0,Completed
SES-000446,2024-08-21,7,EV-007,Mumbai,Maharashtra,Own,AC Level 2,CHAdeMO,Taxi/Ride-share,Card,1.13,13.93,9.46,131.78,93.18,58.0,31.97,-51.37,20.8,4.3,Completed
SES-004760,2024-05-04,1,EV-081,Gurugram,Haryana,Partner,AC Level 2,CCS2,,UPI,1.23,14.85,9.48,140.78,86.87,197.93,68.4,-212.42,28.6,4.4,Completed
SES-002828,2025-12-10,14,EV-020,Hyderabad,Telangana,Franchise,AC Level 2,CCS2,Taxi/Ride-share,Card,2.95,34.76,9.92,344.82,272.79,96.97,63.98,-88.92,40.5,4.0,Completed
SES-004073,2024-12-30,6,EV-043,Lucknow,Uttar Pradesh,Partner,DC Ultra-Fast,CCS2,Private,UPI,1.33,166.43,14.99,2494.79,1218.41,151.17,72.44,1052.77,46.1,4.4,Completed
SES-000627,2025-05-08,2,EV-071,Hyderabad,Telangana,Own,DC Fast,CCS2,Private,Wallet,1.17,48.03,14.07,675.78,358.96,47.6,37.31,231.91,27.4,4.5,Completed
SES-001113,2025-11-02,2,EV-061,Delhi,Delhi,Own,DC Ultra-Fast,CCS2,Taxi/Ride-share,Card,0.35,41.9,14.71,616.35,234.99,283.58,23.52,74.26,44.7,3.2,Failed
SES-001485,2024-02-14,7,EV-053,Ahmedabad,Gujarat,Partner,DC Ultra-Fast,CCS2,Private,Card,0.95,69.89,19.46,1360.06,505.86,179.79,77.49,596.92,19.0,4.5,Completed
SES-004365,2024-07-23,13,EV-039,Chennai,Tamil Nadu,Own,DC Fast,CCS2,Corporate,Card,0.67,27.71,12.53,347.21,181.29,87.11,31.46,47.35,22.0,3.8,Completed
SES-002978,2025-05-17,2,EV-016,Lucknow,Uttar Pradesh,Franchise,DC Fast,CHAdeMO,Private,Corporate Account,1.09,32.82,12.31,404.01,233.21,124.86,45.08,0.86,35.3,3.0,Completed
SES-003196,2025-10-23,18,EV-076,Jaipur,Rajasthan,Own,AC Level 2,CCS2,Private,UPI,1.2,12.01,8.6,103.29,88.57,129.5,52.17,-166.95,42.6,4.0,Completed
SES-003806,2025-02-12,0,EV-096,Mumbai,Maharashtra,Own,AC Level 2,Type 2,Private,UPI,0.15,2.63,8.14,21.41,16.04,122.26,53.57,-170.46,33.6,4.7,Completed
SES-000012,2025-01-06,20,EV-020,Jaipur,Rajasthan,Own,DC Fast,Type 2,Private,UPI,1.37,45.55,12.76,581.22,317.79,138.8,10.11,114.52,38.3,3.0,Completed
SES-004211,2025-09-21,14,EV-075,Pune,Maharashtra,Franchise,AC Level 2,CHAdeMO,Taxi/Ride-share,UPI,1.24,15.14,9.06,137.17,94.16,168.91,53.18,-179.08,32.2,4.5,Completed
SES-000844,2025-08-02,14,EV-019,Bengaluru,Karnataka,Franchise,AC Level 2,CCS2,Private,Wallet,0.53,10.35,10.01,103.6,85.57,78.88,74.01,-134.86,31.0,4.3,Completed
SES-001453,2025-02-13,20,EV-042,Bengaluru,Karnataka,Partner,AC Level 2,CHAdeMO,Taxi/Ride-share,Card,2.48,47.85,8.42,402.9,280.34,178.14,74.59,-130.17,56.1,4.5,Completed
SES-001974,2025-04-23,17,EV-049,Hyderabad,Telangana,Own,AC Level 2,Type 2,Fleet,Corporate Account,2.08,27.61,9.85,271.96,152.18,88.28,66.08,-34.58,32.0,4.0,Completed
SES-001789,2024-01-13,21,EV-034,Bengaluru,Karnataka,Franchise,DC Fast,Type 2,Taxi/Ride-share,Card,1.17,52.56,15.37,807.85,264.44,171.2,23.66,348.55,35.3,4.0,Completed
SES-002401,2024-03-10,14,EV-045,Gurugram,Haryana,Partner,AC Level 2,CCS2,Taxi/Ride-share,Card,0.3,3.6,10.49,37.76,29.15,94.47,51.91,-137.77,7.1,5.0,Cancelled
SES-002701,2024-02-17,6,EV-003,Ahmedabad,Gujarat,Own,AC Level 2,CCS2,Private,UPI,0.23,2.6,9.37,24.36,14.25,79.86,18.63,-88.38,30.5,5.0,Completed
SES-000774,2024-09-22,15,EV-082,Jaipur,Rajasthan,Franchise,DC Fast,CCS2,Corporate,UPI,1.97,102.87,13.37,1375.37,696.78,46.16,52.79,579.64,45.2,5.0,Completed
SES-004787,2024-02-26,11,EV-084,Ahmedabad,Gujarat,Own,AC Level 2,CHAdeMO,Fleet,UPI,0.8,16.69,10.68,178.25,100.0,92.34,50.02,-64.11,31.5,4.9,Completed
SES-000791,2024-06-13,14,EV-090,Gurugram,Haryana,Partner,AC Level 2,CCS2,Private,Wallet,0.81,9.59,8.48,81.32,56.38,23.7,39.41,-38.17,15.8,4.3,Completed
SES-002916,2024-11-18,22,EV-100,Pune,Maharashtra,Partner,DC Fast,CHAdeMO,Fleet,UPI,2.22,64.77,11.0,712.47,548.63,182.97,25.18,-44.31,48.8,4.9,Completed
SES-004266,2025-11-30,1,EV-006,Pune,Maharashtra,Franchise,AC Level 2,CCS2,Taxi/Ride-share,Card,0.4,4.01,8.2,32.88,25.76,194.54,43.53,-230.95,39.6,4.3,Completed
SES-003350,2024-07-30,5,EV-054,Bengaluru,Karnataka,Own,AC Level 2,Type 2,Taxi/Ride-share,UPI,0.51,8.02,10.63,85.25,41.62,110.44,26.66,-93.47,26.6,4.5,Completed
SES-002122,2024-05-03,8,EV-087,Lucknow,Uttar Pradesh,Own,DC Fast,CCS2,Private,Card,0.49,25.82,11.34,292.8,142.67,145.17,76.74,-71.78,7.2,3.9,Completed
SES-001554,2024-06-26,7,EV-078,Mumbai,Maharashtra,Own,AC Level 2,CHAdeMO,Taxi/Ride-share,UPI,3.32,56.26,11.1,624.49,361.87,81.72,26.06,154.84,66.2,4.1,Completed
SES-003135,2025-11-04,15,EV-046,Pune,Maharashtra,Own,DC Fast,CCS2,Corporate,UPI,0.51,24.13,14.41,347.71,133.04,138.97,75.87,-0.17,42.4,4.2,Completed
SES-004847,2024-02-24,15,EV-063,Gurugram,Haryana,Partner,DC Fast,CHAdeMO,Private,Corporate Account,3.25,165.36,15.81,2614.34,889.21,74.71,10.81,1639.61,87.7,3.7,Completed
SES-002879,2025-12-17,16,EV-002,Mumbai,Maharashtra,Own,DC Fast,CCS2,Corporate,Wallet,0.99,36.61,15.51,567.82,279.02,91.91,45.51,151.38,39.7,3.8,Completed
SES-001820,2025-08-24,16,EV-040,Delhi,Delhi,Franchise,DC Fast,CCS2,Taxi/Ride-share,UPI,0.8,40.89,14.53,594.13,325.22,24.39,25.1,219.42,23.0,4.4,Completed
SES-002811,2024-04-19,9,EV-029,Bengaluru,Karnataka,Own,DC Fast,Type 2,Taxi/Ride-share,Card,0.48,18.16,13.6,246.98,125.22,160.96,63.02,-102.22,35.1,3.0,Completed
SES-000592,2025-06-05,17,EV-029,Hyderabad,Telangana,Own,DC Fast,Type 2,Fleet,Card,0.72,34.55,15.48,534.83,280.18,153.23,17.28,84.14,33.5,4.8,Completed
SES-004904,2024-05-29,9,EV-067,Jaipur,Rajasthan,Own,AC Level 2,CCS2,Corporate,UPI,0.84,12.12,9.43,114.29,72.92,146.1,18.36,-123.09,48.8,3.7,Completed
SES-001045,2025-01-29,3,EV-081,Gurugram,Haryana,Franchise,DC Fast,Type 2,Private,UPI,0.34,14.64,14.74,215.79,88.88,176.43,47.57,-97.09,37.9,4.6,Completed
SES-004041,2024-09-10,12,EV-088,Lucknow,Uttar Pradesh,Own,AC Level 2,CCS2,Private,UPI,0.97,14.26,10.02,142.89,118.16,190.05,68.82,-234.14,26.0,4.1,Completed
SES-004749,2025-07-08,10,EV-023,Ahmedabad,Gujarat,Own,AC Level 2,CCS2,Private,Card,0.9,16.25,8.92,144.95,119.05,27.82,14.16,-16.08,53.9,3.7,Completed
SES-000245,2024-05-22,13,EV-054,Chennai,Tamil Nadu,Own,AC Level 2,CHAdeMO,Private,UPI,1.05,16.39,8.35,136.86,104.79,85.2,68.79,-121.92,51.0,4.3,Failed
SES-001388,2024-02-06,12,EV-063,Jaipur,Rajasthan,Own,DC Ultra-Fast,CHAdeMO,Taxi/Ride-share,UPI,3.98,180.0,17.11,3079.8,935.87,173.59,77.4,1892.94,45.3,5.0,Completed
SES-002023,2024-08-24,10,EV-019,Chennai,Tamil Nadu,Own,DC Fast,CHAdeMO,Private,Card,0.15,8.06,14.49,116.79,43.38,201.83,58.06,-186.48,32.9,4.5,Completed
SES-000060,2024-06-27,0,EV-044,Gurugram,Haryana,Partner,DC Ultra-Fast,CCS2,Private,Wallet,0.95,109.84,15.71,1725.59,727.64,254.23,19.73,723.99,43.0,4.0,Completed
SES-000177,2024-05-28,3,EV-051,Delhi,Delhi,Own,DC Fast,Type 2,Private,Wallet,0.78,38.99,13.22,515.45,238.24,144.54,26.99,105.68,22.9,3.7,Completed
SES-000450,2024-01-02,20,EV-033,Bengaluru,Karnataka,Own,AC Level 2,CCS2,Private,Wallet,0.59,8.47,10.52,89.1,54.1,184.62,63.28,-212.9,16.6,4.8,Completed
SES-004082,2024-12-17,6,EV-075,Jaipur,Rajasthan,Own,DC Fast,CCS2,Corporate,UPI,0.39,19.73,11.78,232.42,166.88,52.24,65.35,-52.05,23.9,5.0,Completed
SES-000056,2025-01-06,1,EV-022,Hyderabad,Telangana,Own,DC Fast,CCS2,Private,Card,3.57,157.92,14.07,2221.93,820.71,181.29,55.44,1164.49,74.6,4.5,Completed
SES-003458,2024-12-24,2,EV-081,Hyderabad,Telangana,Partner,AC Level 2,CCS2,Private,Card,0.46,8.64,8.04,69.47,45.37,134.17,33.39,-143.46,2.0,3.9,Completed
SES-001769,2025-07-21,23,EV-090,Delhi,Delhi,Own,AC Level 2,CCS2,Private,Card,0.38,6.24,10.52,65.64,36.38,218.35,10.03,-199.12,15.0,4.3,Completed
SES-001738,2024-12-23,18,EV-098,Delhi,Delhi,Own,AC Level 2,CCS2,Private,UPI,1.44,15.23,11.08,168.75,90.66,196.1,21.53,-139.54,20.5,4.0,Completed
SES-003241,2025-07-02,12,EV-017,Ahmedabad,Gujarat,Own,AC Level 2,CCS2,Taxi/Ride-share,Card,1.15,15.41,9.72,149.79,85.75,121.01,59.87,-116.84,13.6,3.7,Completed
SES-004738,2025-06-21,1,EV-099,Gurugram,Haryana,Own,DC Fast,Type 2,Private,Corporate Account,0.58,20.67,13.97,288.76,122.22,125.7,21.61,19.23,20.0,4.3,Completed
